scenario,scenario_display,sample_idx,target_region,target_region_idx,aggregate_type,method,mse,mae,crps,interval_score,ci_width,coverage
HCM,Multi-territory MI (μ=1.7),0,All Regions,-1,Overall Avg,Point Estimate,0.050360,0.152983,0.152983,,0.000000,
HCM,Multi-territory MI (μ=1.7),0,All Regions,-1,Overall Avg,MCMC,0.011860,,0.083768,1.187167,1.187167,1.000000
HCM,Multi-territory MI (μ=1.7),0,All Regions,-1,Diseased Avg,Point Estimate,0.050360,0.152983,0.152983,,0.000000,
HCM,Multi-territory MI (μ=1.7),0,All Regions,-1,Diseased Avg,MCMC,0.011860,,0.083768,1.187167,1.187167,1.000000
HCM,Multi-territory MI (μ=1.7),1,All Regions,-1,Overall Avg,Point Estimate,0.034676,0.132182,0.132182,,0.000000,
HCM,Multi-territory MI (μ=1.7),1,All Regions,-1,Overall Avg,MCMC,0.007259,,0.096107,1.473910,1.473910,1.000000
HCM,Multi-territory MI (μ=1.7),1,All Regions,-1,Diseased Avg,Point Estimate,0.034676,0.132182,0.132182,,0.000000,
HCM,Multi-territory MI (μ=1.7),1,All Regions,-1,Diseased Avg,MCMC,0.007259,,0.096107,1.473910,1.473910,1.000000
HCM,Multi-territory MI (μ=1.7),2,All Regions,-1,Overall Avg,Point Estimate,0.033610,0.107061,0.107061,,0.000000,
HCM,Multi-territory MI (μ=1.7),2,All Regions,-1,Overall Avg,MCMC,0.011039,,0.087793,1.258730,1.258730,1.000000
HCM,Multi-territory MI (μ=1.7),2,All Regions,-1,Diseased Avg,Point Estimate,0.033610,0.107061,0.107061,,0.000000,
HCM,Multi-territory MI (μ=1.7),2,All Regions,-1,Diseased Avg,MCMC,0.011039,,0.087793,1.258730,1.258730,1.000000
HCM,Multi-territory MI (μ=1.7),3,All Regions,-1,Overall Avg,Point Estimate,0.046730,0.123873,0.123873,,0.000000,
HCM,Multi-territory MI (μ=1.7),3,All Regions,-1,Overall Avg,MCMC,0.012433,,0.095377,1.389442,1.389442,1.000000
HCM,Multi-territory MI (μ=1.7),3,All Regions,-1,Diseased Avg,Point Estimate,0.046730,0.123873,0.123873,,0.000000,
HCM,Multi-territory MI (μ=1.7),3,All Regions,-1,Diseased Avg,MCMC,0.012433,,0.095377,1.389442,1.389442,1.000000
HCM,Multi-territory MI (μ=1.7),4,All Regions,-1,Overall Avg,Point Estimate,0.043999,0.128608,0.128608,,0.000000,
HCM,Multi-territory MI (μ=1.7),4,All Regions,-1,Overall Avg,MCMC,0.017470,,0.090496,1.301062,1.301062,1.000000
HCM,Multi-territory MI (μ=1.7),4,All Regions,-1,Diseased Avg,Point Estimate,0.043999,0.128608,0.128608,,0.000000,
HCM,Multi-territory MI (μ=1.7),4,All Regions,-1,Diseased Avg,MCMC,0.017470,,0.090496,1.301062,1.301062,1.000000
HCM,Multi-territory MI (μ=1.7),5,All Regions,-1,Overall Avg,Point Estimate,0.032201,0.118850,0.118850,,0.000000,
HCM,Multi-territory MI (μ=1.7),5,All Regions,-1,Overall Avg,MCMC,0.027775,,0.101805,1.284374,1.284374,1.000000
HCM,Multi-territory MI (μ=1.7),5,All Regions,-1,Diseased Avg,Point Estimate,0.032201,0.118850,0.118850,,0.000000,
HCM,Multi-territory MI (μ=1.7),5,All Regions,-1,Diseased Avg,MCMC,0.027775,,0.101805,1.284374,1.284374,1.000000
HCM,Multi-territory MI (μ=1.7),6,All Regions,-1,Overall Avg,Point Estimate,0.055548,0.155051,0.155051,,0.000000,
HCM,Multi-territory MI (μ=1.7),6,All Regions,-1,Overall Avg,MCMC,0.007771,,0.089414,1.333928,1.333928,1.000000
HCM,Multi-territory MI (μ=1.7),6,All Regions,-1,Diseased Avg,Point Estimate,0.055548,0.155051,0.155051,,0.000000,
HCM,Multi-territory MI (μ=1.7),6,All Regions,-1,Diseased Avg,MCMC,0.007771,,0.089414,1.333928,1.333928,1.000000
HCM,Multi-territory MI (μ=1.7),7,All Regions,-1,Overall Avg,Point Estimate,0.015809,0.084100,0.084100,,0.000000,
HCM,Multi-territory MI (μ=1.7),7,All Regions,-1,Overall Avg,MCMC,0.010471,,0.097801,1.424555,1.424555,1.000000
HCM,Multi-territory MI (μ=1.7),7,All Regions,-1,Diseased Avg,Point Estimate,0.015809,0.084100,0.084100,,0.000000,
HCM,Multi-territory MI (μ=1.7),7,All Regions,-1,Diseased Avg,MCMC,0.010471,,0.097801,1.424555,1.424555,1.000000
HCM,Multi-territory MI (μ=1.7),8,All Regions,-1,Overall Avg,Point Estimate,0.055244,0.174894,0.174894,,0.000000,
HCM,Multi-territory MI (μ=1.7),8,All Regions,-1,Overall Avg,MCMC,0.008814,,0.097526,1.450006,1.450006,1.000000
HCM,Multi-territory MI (μ=1.7),8,All Regions,-1,Diseased Avg,Point Estimate,0.055244,0.174894,0.174894,,0.000000,
HCM,Multi-territory MI (μ=1.7),8,All Regions,-1,Diseased Avg,MCMC,0.008814,,0.097526,1.450006,1.450006,1.000000
HCM,Multi-territory MI (μ=1.7),9,All Regions,-1,Overall Avg,Point Estimate,0.032958,0.120199,0.120199,,0.000000,
HCM,Multi-territory MI (μ=1.7),9,All Regions,-1,Overall Avg,MCMC,0.006221,,0.091688,1.440596,1.440596,1.000000
HCM,Multi-territory MI (μ=1.7),9,All Regions,-1,Diseased Avg,Point Estimate,0.032958,0.120199,0.120199,,0.000000,
HCM,Multi-territory MI (μ=1.7),9,All Regions,-1,Diseased Avg,MCMC,0.006221,,0.091688,1.440596,1.440596,1.000000
HCM,Multi-territory MI (μ=1.7),10,All Regions,-1,Overall Avg,Point Estimate,0.026405,0.107712,0.107712,,0.000000,
HCM,Multi-territory MI (μ=1.7),10,All Regions,-1,Overall Avg,MCMC,0.006140,,0.091456,1.359404,1.359404,1.000000
HCM,Multi-territory MI (μ=1.7),10,All Regions,-1,Diseased Avg,Point Estimate,0.026405,0.107712,0.107712,,0.000000,
HCM,Multi-territory MI (μ=1.7),10,All Regions,-1,Diseased Avg,MCMC,0.006140,,0.091456,1.359404,1.359404,1.000000
HCM,Multi-territory MI (μ=1.7),11,All Regions,-1,Overall Avg,Point Estimate,0.030098,0.123396,0.123396,,0.000000,
HCM,Multi-territory MI (μ=1.7),11,All Regions,-1,Overall Avg,MCMC,0.023545,,0.090859,1.122040,1.122040,1.000000
HCM,Multi-territory MI (μ=1.7),11,All Regions,-1,Diseased Avg,Point Estimate,0.030098,0.123396,0.123396,,0.000000,
HCM,Multi-territory MI (μ=1.7),11,All Regions,-1,Diseased Avg,MCMC,0.023545,,0.090859,1.122040,1.122040,1.000000
HCM,Multi-territory MI (μ=1.7),12,All Regions,-1,Overall Avg,Point Estimate,0.026559,0.094701,0.094701,,0.000000,
HCM,Multi-territory MI (μ=1.7),12,All Regions,-1,Overall Avg,MCMC,0.011508,,0.083858,1.180603,1.180603,1.000000
HCM,Multi-territory MI (μ=1.7),12,All Regions,-1,Diseased Avg,Point Estimate,0.026559,0.094701,0.094701,,0.000000,
HCM,Multi-territory MI (μ=1.7),12,All Regions,-1,Diseased Avg,MCMC,0.011508,,0.083858,1.180603,1.180603,1.000000
HCM,Multi-territory MI (μ=1.7),13,All Regions,-1,Overall Avg,Point Estimate,0.029737,0.101937,0.101937,,0.000000,
HCM,Multi-territory MI (μ=1.7),13,All Regions,-1,Overall Avg,MCMC,0.008545,,0.087048,1.295043,1.295043,1.000000
HCM,Multi-territory MI (μ=1.7),13,All Regions,-1,Diseased Avg,Point Estimate,0.029737,0.101937,0.101937,,0.000000,
HCM,Multi-territory MI (μ=1.7),13,All Regions,-1,Diseased Avg,MCMC,0.008545,,0.087048,1.295043,1.295043,1.000000
HCM,Multi-territory MI (μ=1.7),14,All Regions,-1,Overall Avg,Point Estimate,0.036260,0.131432,0.131432,,0.000000,
HCM,Multi-territory MI (μ=1.7),14,All Regions,-1,Overall Avg,MCMC,0.008278,,0.089925,1.354848,1.354848,1.000000
HCM,Multi-territory MI (μ=1.7),14,All Regions,-1,Diseased Avg,Point Estimate,0.036260,0.131432,0.131432,,0.000000,
HCM,Multi-territory MI (μ=1.7),14,All Regions,-1,Diseased Avg,MCMC,0.008278,,0.089925,1.354848,1.354848,1.000000
HCM,Multi-territory MI (μ=1.7),15,All Regions,-1,Overall Avg,Point Estimate,0.009871,0.061612,0.061612,,0.000000,
HCM,Multi-territory MI (μ=1.7),15,All Regions,-1,Overall Avg,MCMC,0.008756,,0.105824,1.596388,1.596388,1.000000
HCM,Multi-territory MI (μ=1.7),15,All Regions,-1,Diseased Avg,Point Estimate,0.009871,0.061612,0.061612,,0.000000,
HCM,Multi-territory MI (μ=1.7),15,All Regions,-1,Diseased Avg,MCMC,0.008756,,0.105824,1.596388,1.596388,1.000000
HCM,Multi-territory MI (μ=1.7),16,All Regions,-1,Overall Avg,Point Estimate,0.033792,0.118725,0.118725,,0.000000,
HCM,Multi-territory MI (μ=1.7),16,All Regions,-1,Overall Avg,MCMC,0.011331,,0.092116,1.356225,1.356225,1.000000
HCM,Multi-territory MI (μ=1.7),16,All Regions,-1,Diseased Avg,Point Estimate,0.033792,0.118725,0.118725,,0.000000,
HCM,Multi-territory MI (μ=1.7),16,All Regions,-1,Diseased Avg,MCMC,0.011331,,0.092116,1.356225,1.356225,1.000000
HCM,Multi-territory MI (μ=1.7),17,All Regions,-1,Overall Avg,Point Estimate,0.039419,0.117871,0.117871,,0.000000,
HCM,Multi-territory MI (μ=1.7),17,All Regions,-1,Overall Avg,MCMC,0.005003,,0.079557,1.259448,1.259448,1.000000
HCM,Multi-territory MI (μ=1.7),17,All Regions,-1,Diseased Avg,Point Estimate,0.039419,0.117871,0.117871,,0.000000,
HCM,Multi-territory MI (μ=1.7),17,All Regions,-1,Diseased Avg,MCMC,0.005003,,0.079557,1.259448,1.259448,1.000000
HCM,Multi-territory MI (μ=1.7),18,All Regions,-1,Overall Avg,Point Estimate,0.028937,0.096616,0.096616,,0.000000,
HCM,Multi-territory MI (μ=1.7),18,All Regions,-1,Overall Avg,MCMC,0.026482,,0.097362,1.130859,1.130859,1.000000
HCM,Multi-territory MI (μ=1.7),18,All Regions,-1,Diseased Avg,Point Estimate,0.028937,0.096616,0.096616,,0.000000,
HCM,Multi-territory MI (μ=1.7),18,All Regions,-1,Diseased Avg,MCMC,0.026482,,0.097362,1.130859,1.130859,1.000000
HCM,Multi-territory MI (μ=1.7),19,All Regions,-1,Overall Avg,Point Estimate,0.037084,0.127625,0.127625,,0.000000,
HCM,Multi-territory MI (μ=1.7),19,All Regions,-1,Overall Avg,MCMC,0.018868,,0.088918,1.214784,1.214784,1.000000
HCM,Multi-territory MI (μ=1.7),19,All Regions,-1,Diseased Avg,Point Estimate,0.037084,0.127625,0.127625,,0.000000,
HCM,Multi-territory MI (μ=1.7),19,All Regions,-1,Diseased Avg,MCMC,0.018868,,0.088918,1.214784,1.214784,1.000000
HCM,Multi-territory MI (μ=1.7),20,All Regions,-1,Overall Avg,Point Estimate,0.035429,0.119183,0.119183,,0.000000,
HCM,Multi-territory MI (μ=1.7),20,All Regions,-1,Overall Avg,MCMC,0.008048,,0.086952,1.272015,1.272015,1.000000
HCM,Multi-territory MI (μ=1.7),20,All Regions,-1,Diseased Avg,Point Estimate,0.035429,0.119183,0.119183,,0.000000,
HCM,Multi-territory MI (μ=1.7),20,All Regions,-1,Diseased Avg,MCMC,0.008048,,0.086952,1.272015,1.272015,1.000000
HCM,Multi-territory MI (μ=1.7),21,All Regions,-1,Overall Avg,Point Estimate,0.045203,0.141801,0.141801,,0.000000,
HCM,Multi-territory MI (μ=1.7),21,All Regions,-1,Overall Avg,MCMC,0.009606,,0.091339,1.406357,1.406357,1.000000
HCM,Multi-territory MI (μ=1.7),21,All Regions,-1,Diseased Avg,Point Estimate,0.045203,0.141801,0.141801,,0.000000,
HCM,Multi-territory MI (μ=1.7),21,All Regions,-1,Diseased Avg,MCMC,0.009606,,0.091339,1.406357,1.406357,1.000000
HCM,Multi-territory MI (μ=1.7),22,All Regions,-1,Overall Avg,Point Estimate,0.028939,0.106825,0.106825,,0.000000,
HCM,Multi-territory MI (μ=1.7),22,All Regions,-1,Overall Avg,MCMC,0.007982,,0.085718,1.246785,1.246785,1.000000
HCM,Multi-territory MI (μ=1.7),22,All Regions,-1,Diseased Avg,Point Estimate,0.028939,0.106825,0.106825,,0.000000,
HCM,Multi-territory MI (μ=1.7),22,All Regions,-1,Diseased Avg,MCMC,0.007982,,0.085718,1.246785,1.246785,1.000000
HCM,Multi-territory MI (μ=1.7),23,All Regions,-1,Overall Avg,Point Estimate,0.053601,0.150865,0.150865,,0.000000,
HCM,Multi-territory MI (μ=1.7),23,All Regions,-1,Overall Avg,MCMC,0.004557,,0.085538,1.355502,1.355502,1.000000
HCM,Multi-territory MI (μ=1.7),23,All Regions,-1,Diseased Avg,Point Estimate,0.053601,0.150865,0.150865,,0.000000,
HCM,Multi-territory MI (μ=1.7),23,All Regions,-1,Diseased Avg,MCMC,0.004557,,0.085538,1.355502,1.355502,1.000000
HCM,Multi-territory MI (μ=1.7),24,All Regions,-1,Overall Avg,Point Estimate,0.038615,0.125528,0.125528,,0.000000,
HCM,Multi-territory MI (μ=1.7),24,All Regions,-1,Overall Avg,MCMC,0.007937,,0.087872,1.334331,1.334331,1.000000
HCM,Multi-territory MI (μ=1.7),24,All Regions,-1,Diseased Avg,Point Estimate,0.038615,0.125528,0.125528,,0.000000,
HCM,Multi-territory MI (μ=1.7),24,All Regions,-1,Diseased Avg,MCMC,0.007937,,0.087872,1.334331,1.334331,1.000000
HCM,Multi-territory MI (μ=1.7),25,All Regions,-1,Overall Avg,Point Estimate,0.035822,0.123325,0.123325,,0.000000,
HCM,Multi-territory MI (μ=1.7),25,All Regions,-1,Overall Avg,MCMC,0.014396,,0.091292,1.295116,1.295116,1.000000
HCM,Multi-territory MI (μ=1.7),25,All Regions,-1,Diseased Avg,Point Estimate,0.035822,0.123325,0.123325,,0.000000,
HCM,Multi-territory MI (μ=1.7),25,All Regions,-1,Diseased Avg,MCMC,0.014396,,0.091292,1.295116,1.295116,1.000000
HCM,Multi-territory MI (μ=1.7),26,All Regions,-1,Overall Avg,Point Estimate,0.044130,0.137974,0.137974,,0.000000,
HCM,Multi-territory MI (μ=1.7),26,All Regions,-1,Overall Avg,MCMC,0.006591,,0.087947,1.351761,1.351761,1.000000
HCM,Multi-territory MI (μ=1.7),26,All Regions,-1,Diseased Avg,Point Estimate,0.044130,0.137974,0.137974,,0.000000,
HCM,Multi-territory MI (μ=1.7),26,All Regions,-1,Diseased Avg,MCMC,0.006591,,0.087947,1.351761,1.351761,1.000000
HCM,Multi-territory MI (μ=1.7),27,All Regions,-1,Overall Avg,Point Estimate,0.029170,0.108885,0.108885,,0.000000,
HCM,Multi-territory MI (μ=1.7),27,All Regions,-1,Overall Avg,MCMC,0.007385,,0.078778,1.154960,1.154960,1.000000
HCM,Multi-territory MI (μ=1.7),27,All Regions,-1,Diseased Avg,Point Estimate,0.029170,0.108885,0.108885,,0.000000,
HCM,Multi-territory MI (μ=1.7),27,All Regions,-1,Diseased Avg,MCMC,0.007385,,0.078778,1.154960,1.154960,1.000000
HCM,Multi-territory MI (μ=1.7),28,All Regions,-1,Overall Avg,Point Estimate,0.029407,0.096765,0.096765,,0.000000,
HCM,Multi-territory MI (μ=1.7),28,All Regions,-1,Overall Avg,MCMC,0.005855,,0.077858,1.168998,1.168998,1.000000
HCM,Multi-territory MI (μ=1.7),28,All Regions,-1,Diseased Avg,Point Estimate,0.029407,0.096765,0.096765,,0.000000,
HCM,Multi-territory MI (μ=1.7),28,All Regions,-1,Diseased Avg,MCMC,0.005855,,0.077858,1.168998,1.168998,1.000000
HCM,Multi-territory MI (μ=1.7),29,All Regions,-1,Overall Avg,Point Estimate,0.039424,0.122400,0.122400,,0.000000,
HCM,Multi-territory MI (μ=1.7),29,All Regions,-1,Overall Avg,MCMC,0.006100,,0.089400,1.398476,1.398476,1.000000
HCM,Multi-territory MI (μ=1.7),29,All Regions,-1,Diseased Avg,Point Estimate,0.039424,0.122400,0.122400,,0.000000,
HCM,Multi-territory MI (μ=1.7),29,All Regions,-1,Diseased Avg,MCMC,0.006100,,0.089400,1.398476,1.398476,1.000000
HCM,Multi-territory MI (μ=1.7),30,All Regions,-1,Overall Avg,Point Estimate,0.048870,0.132947,0.132947,,0.000000,
HCM,Multi-territory MI (μ=1.7),30,All Regions,-1,Overall Avg,MCMC,0.006462,,0.081066,1.245822,1.245822,1.000000
HCM,Multi-territory MI (μ=1.7),30,All Regions,-1,Diseased Avg,Point Estimate,0.048870,0.132947,0.132947,,0.000000,
HCM,Multi-territory MI (μ=1.7),30,All Regions,-1,Diseased Avg,MCMC,0.006462,,0.081066,1.245822,1.245822,1.000000
HCM,Multi-territory MI (μ=1.7),31,All Regions,-1,Overall Avg,Point Estimate,0.042431,0.125701,0.125701,,0.000000,
HCM,Multi-territory MI (μ=1.7),31,All Regions,-1,Overall Avg,MCMC,0.010324,,0.087166,1.272097,1.272097,1.000000
HCM,Multi-territory MI (μ=1.7),31,All Regions,-1,Diseased Avg,Point Estimate,0.042431,0.125701,0.125701,,0.000000,
HCM,Multi-territory MI (μ=1.7),31,All Regions,-1,Diseased Avg,MCMC,0.010324,,0.087166,1.272097,1.272097,1.000000
HCM,Multi-territory MI (μ=1.7),32,All Regions,-1,Overall Avg,Point Estimate,0.044680,0.145700,0.145700,,0.000000,
HCM,Multi-territory MI (μ=1.7),32,All Regions,-1,Overall Avg,MCMC,0.008374,,0.085872,1.292446,1.292446,1.000000
HCM,Multi-territory MI (μ=1.7),32,All Regions,-1,Diseased Avg,Point Estimate,0.044680,0.145700,0.145700,,0.000000,
HCM,Multi-territory MI (μ=1.7),32,All Regions,-1,Diseased Avg,MCMC,0.008374,,0.085872,1.292446,1.292446,1.000000
HCM,Multi-territory MI (μ=1.7),33,All Regions,-1,Overall Avg,Point Estimate,0.028288,0.100110,0.100110,,0.000000,
HCM,Multi-territory MI (μ=1.7),33,All Regions,-1,Overall Avg,MCMC,0.010725,,0.084111,1.249027,1.249027,1.000000
HCM,Multi-territory MI (μ=1.7),33,All Regions,-1,Diseased Avg,Point Estimate,0.028288,0.100110,0.100110,,0.000000,
HCM,Multi-territory MI (μ=1.7),33,All Regions,-1,Diseased Avg,MCMC,0.010725,,0.084111,1.249027,1.249027,1.000000
HCM,Multi-territory MI (μ=1.7),34,All Regions,-1,Overall Avg,Point Estimate,0.027733,0.099387,0.099387,,0.000000,
HCM,Multi-territory MI (μ=1.7),34,All Regions,-1,Overall Avg,MCMC,0.007557,,0.081650,1.186747,1.186747,1.000000
HCM,Multi-territory MI (μ=1.7),34,All Regions,-1,Diseased Avg,Point Estimate,0.027733,0.099387,0.099387,,0.000000,
HCM,Multi-territory MI (μ=1.7),34,All Regions,-1,Diseased Avg,MCMC,0.007557,,0.081650,1.186747,1.186747,1.000000
HCM,Multi-territory MI (μ=1.7),35,All Regions,-1,Overall Avg,Point Estimate,0.032286,0.102993,0.102993,,0.000000,
HCM,Multi-territory MI (μ=1.7),35,All Regions,-1,Overall Avg,MCMC,0.014264,,0.086732,1.207777,1.207777,1.000000
HCM,Multi-territory MI (μ=1.7),35,All Regions,-1,Diseased Avg,Point Estimate,0.032286,0.102993,0.102993,,0.000000,
HCM,Multi-territory MI (μ=1.7),35,All Regions,-1,Diseased Avg,MCMC,0.014264,,0.086732,1.207777,1.207777,1.000000
HCM,Multi-territory MI (μ=1.7),36,All Regions,-1,Overall Avg,Point Estimate,0.022801,0.085729,0.085729,,0.000000,
HCM,Multi-territory MI (μ=1.7),36,All Regions,-1,Overall Avg,MCMC,0.003388,,0.083526,1.294637,1.294637,1.000000
HCM,Multi-territory MI (μ=1.7),36,All Regions,-1,Diseased Avg,Point Estimate,0.022801,0.085729,0.085729,,0.000000,
HCM,Multi-territory MI (μ=1.7),36,All Regions,-1,Diseased Avg,MCMC,0.003388,,0.083526,1.294637,1.294637,1.000000
HCM,Multi-territory MI (μ=1.7),37,All Regions,-1,Overall Avg,Point Estimate,0.024357,0.094862,0.094862,,0.000000,
HCM,Multi-territory MI (μ=1.7),37,All Regions,-1,Overall Avg,MCMC,0.010091,,0.087967,1.285810,1.285810,1.000000
HCM,Multi-territory MI (μ=1.7),37,All Regions,-1,Diseased Avg,Point Estimate,0.024357,0.094862,0.094862,,0.000000,
HCM,Multi-territory MI (μ=1.7),37,All Regions,-1,Diseased Avg,MCMC,0.010091,,0.087967,1.285810,1.285810,1.000000
HCM,Multi-territory MI (μ=1.7),38,All Regions,-1,Overall Avg,Point Estimate,0.038607,0.124119,0.124119,,0.000000,
HCM,Multi-territory MI (μ=1.7),38,All Regions,-1,Overall Avg,MCMC,0.011988,,0.087226,1.227188,1.227188,1.000000
HCM,Multi-territory MI (μ=1.7),38,All Regions,-1,Diseased Avg,Point Estimate,0.038607,0.124119,0.124119,,0.000000,
HCM,Multi-territory MI (μ=1.7),38,All Regions,-1,Diseased Avg,MCMC,0.011988,,0.087226,1.227188,1.227188,1.000000
HCM,Multi-territory MI (μ=1.7),39,All Regions,-1,Overall Avg,Point Estimate,0.038435,0.120550,0.120550,,0.000000,
HCM,Multi-territory MI (μ=1.7),39,All Regions,-1,Overall Avg,MCMC,0.005958,,0.086135,1.318704,1.318704,1.000000
HCM,Multi-territory MI (μ=1.7),39,All Regions,-1,Diseased Avg,Point Estimate,0.038435,0.120550,0.120550,,0.000000,
HCM,Multi-territory MI (μ=1.7),39,All Regions,-1,Diseased Avg,MCMC,0.005958,,0.086135,1.318704,1.318704,1.000000
HCM,Multi-territory MI (μ=1.7),40,All Regions,-1,Overall Avg,Point Estimate,0.041489,0.130662,0.130662,,0.000000,
HCM,Multi-territory MI (μ=1.7),40,All Regions,-1,Overall Avg,MCMC,0.004342,,0.088038,1.396612,1.396612,1.000000
HCM,Multi-territory MI (μ=1.7),40,All Regions,-1,Diseased Avg,Point Estimate,0.041489,0.130662,0.130662,,0.000000,
HCM,Multi-territory MI (μ=1.7),40,All Regions,-1,Diseased Avg,MCMC,0.004342,,0.088038,1.396612,1.396612,1.000000
HCM,Multi-territory MI (μ=1.7),41,All Regions,-1,Overall Avg,Point Estimate,0.029489,0.091323,0.091323,,0.000000,
HCM,Multi-territory MI (μ=1.7),41,All Regions,-1,Overall Avg,MCMC,0.016213,,0.090768,1.253747,1.253747,1.000000
HCM,Multi-territory MI (μ=1.7),41,All Regions,-1,Diseased Avg,Point Estimate,0.029489,0.091323,0.091323,,0.000000,
HCM,Multi-territory MI (μ=1.7),41,All Regions,-1,Diseased Avg,MCMC,0.016213,,0.090768,1.253747,1.253747,1.000000
HCM,Multi-territory MI (μ=1.7),42,All Regions,-1,Overall Avg,Point Estimate,0.031415,0.113650,0.113650,,0.000000,
HCM,Multi-territory MI (μ=1.7),42,All Regions,-1,Overall Avg,MCMC,0.015794,,0.090607,1.249595,1.249595,1.000000
HCM,Multi-territory MI (μ=1.7),42,All Regions,-1,Diseased Avg,Point Estimate,0.031415,0.113650,0.113650,,0.000000,
HCM,Multi-territory MI (μ=1.7),42,All Regions,-1,Diseased Avg,MCMC,0.015794,,0.090607,1.249595,1.249595,1.000000
HCM,Multi-territory MI (μ=1.7),43,All Regions,-1,Overall Avg,Point Estimate,0.040354,0.121813,0.121813,,0.000000,
HCM,Multi-territory MI (μ=1.7),43,All Regions,-1,Overall Avg,MCMC,0.007760,,0.077889,1.185343,1.185343,1.000000
HCM,Multi-territory MI (μ=1.7),43,All Regions,-1,Diseased Avg,Point Estimate,0.040354,0.121813,0.121813,,0.000000,
HCM,Multi-territory MI (μ=1.7),43,All Regions,-1,Diseased Avg,MCMC,0.007760,,0.077889,1.185343,1.185343,1.000000
HCM,Multi-territory MI (μ=1.7),44,All Regions,-1,Overall Avg,Point Estimate,0.048122,0.157089,0.157089,,0.000000,
HCM,Multi-territory MI (μ=1.7),44,All Regions,-1,Overall Avg,MCMC,0.006260,,0.084362,1.257536,1.257536,1.000000
HCM,Multi-territory MI (μ=1.7),44,All Regions,-1,Diseased Avg,Point Estimate,0.048122,0.157089,0.157089,,0.000000,
HCM,Multi-territory MI (μ=1.7),44,All Regions,-1,Diseased Avg,MCMC,0.006260,,0.084362,1.257536,1.257536,1.000000
HCM,Multi-territory MI (μ=1.7),45,All Regions,-1,Overall Avg,Point Estimate,0.037489,0.120008,0.120008,,0.000000,
HCM,Multi-territory MI (μ=1.7),45,All Regions,-1,Overall Avg,MCMC,0.017227,,0.090092,1.220968,1.220968,1.000000
HCM,Multi-territory MI (μ=1.7),45,All Regions,-1,Diseased Avg,Point Estimate,0.037489,0.120008,0.120008,,0.000000,
HCM,Multi-territory MI (μ=1.7),45,All Regions,-1,Diseased Avg,MCMC,0.017227,,0.090092,1.220968,1.220968,1.000000
HCM,Multi-territory MI (μ=1.7),46,All Regions,-1,Overall Avg,Point Estimate,0.049889,0.137640,0.137640,,0.000000,
HCM,Multi-territory MI (μ=1.7),46,All Regions,-1,Overall Avg,MCMC,0.014584,,0.086077,1.297458,1.297458,1.000000
HCM,Multi-territory MI (μ=1.7),46,All Regions,-1,Diseased Avg,Point Estimate,0.049889,0.137640,0.137640,,0.000000,
HCM,Multi-territory MI (μ=1.7),46,All Regions,-1,Diseased Avg,MCMC,0.014584,,0.086077,1.297458,1.297458,1.000000
HCM,Multi-territory MI (μ=1.7),47,All Regions,-1,Overall Avg,Point Estimate,0.041802,0.121861,0.121861,,0.000000,
HCM,Multi-territory MI (μ=1.7),47,All Regions,-1,Overall Avg,MCMC,0.009128,,0.087557,1.319608,1.319608,1.000000
HCM,Multi-territory MI (μ=1.7),47,All Regions,-1,Diseased Avg,Point Estimate,0.041802,0.121861,0.121861,,0.000000,
HCM,Multi-territory MI (μ=1.7),47,All Regions,-1,Diseased Avg,MCMC,0.009128,,0.087557,1.319608,1.319608,1.000000
HCM,Multi-territory MI (μ=1.7),48,All Regions,-1,Overall Avg,Point Estimate,0.032687,0.125954,0.125954,,0.000000,
HCM,Multi-territory MI (μ=1.7),48,All Regions,-1,Overall Avg,MCMC,0.017731,,0.082838,1.037242,1.037242,1.000000
HCM,Multi-territory MI (μ=1.7),48,All Regions,-1,Diseased Avg,Point Estimate,0.032687,0.125954,0.125954,,0.000000,
HCM,Multi-territory MI (μ=1.7),48,All Regions,-1,Diseased Avg,MCMC,0.017731,,0.082838,1.037242,1.037242,1.000000
HCM,Multi-territory MI (μ=1.7),49,All Regions,-1,Overall Avg,Point Estimate,0.031323,0.111261,0.111261,,0.000000,
HCM,Multi-territory MI (μ=1.7),49,All Regions,-1,Overall Avg,MCMC,0.009277,,0.080353,1.175200,1.175200,1.000000
HCM,Multi-territory MI (μ=1.7),49,All Regions,-1,Diseased Avg,Point Estimate,0.031323,0.111261,0.111261,,0.000000,
HCM,Multi-territory MI (μ=1.7),49,All Regions,-1,Diseased Avg,MCMC,0.009277,,0.080353,1.175200,1.175200,1.000000
HCM,Multi-territory MI (μ=1.7),50,All Regions,-1,Overall Avg,Point Estimate,0.035186,0.128167,0.128167,,0.000000,
HCM,Multi-territory MI (μ=1.7),50,All Regions,-1,Overall Avg,MCMC,0.017639,,0.092627,1.249753,1.249753,1.000000
HCM,Multi-territory MI (μ=1.7),50,All Regions,-1,Diseased Avg,Point Estimate,0.035186,0.128167,0.128167,,0.000000,
HCM,Multi-territory MI (μ=1.7),50,All Regions,-1,Diseased Avg,MCMC,0.017639,,0.092627,1.249753,1.249753,1.000000
HCM,Multi-territory MI (μ=1.7),51,All Regions,-1,Overall Avg,Point Estimate,0.041208,0.123284,0.123284,,0.000000,
HCM,Multi-territory MI (μ=1.7),51,All Regions,-1,Overall Avg,MCMC,0.005294,,0.091349,1.435178,1.435178,1.000000
HCM,Multi-territory MI (μ=1.7),51,All Regions,-1,Diseased Avg,Point Estimate,0.041208,0.123284,0.123284,,0.000000,
HCM,Multi-territory MI (μ=1.7),51,All Regions,-1,Diseased Avg,MCMC,0.005294,,0.091349,1.435178,1.435178,1.000000
HCM,Multi-territory MI (μ=1.7),52,All Regions,-1,Overall Avg,Point Estimate,0.035748,0.129521,0.129521,,0.000000,
HCM,Multi-territory MI (μ=1.7),52,All Regions,-1,Overall Avg,MCMC,0.010975,,0.092547,1.334989,1.334989,1.000000
HCM,Multi-territory MI (μ=1.7),52,All Regions,-1,Diseased Avg,Point Estimate,0.035748,0.129521,0.129521,,0.000000,
HCM,Multi-territory MI (μ=1.7),52,All Regions,-1,Diseased Avg,MCMC,0.010975,,0.092547,1.334989,1.334989,1.000000
HCM,Multi-territory MI (μ=1.7),53,All Regions,-1,Overall Avg,Point Estimate,0.039422,0.125981,0.125981,,0.000000,
HCM,Multi-territory MI (μ=1.7),53,All Regions,-1,Overall Avg,MCMC,0.004836,,0.089399,1.413587,1.413587,1.000000
HCM,Multi-territory MI (μ=1.7),53,All Regions,-1,Diseased Avg,Point Estimate,0.039422,0.125981,0.125981,,0.000000,
HCM,Multi-territory MI (μ=1.7),53,All Regions,-1,Diseased Avg,MCMC,0.004836,,0.089399,1.413587,1.413587,1.000000
HCM,Multi-territory MI (μ=1.7),54,All Regions,-1,Overall Avg,Point Estimate,0.028114,0.105346,0.105346,,0.000000,
HCM,Multi-territory MI (μ=1.7),54,All Regions,-1,Overall Avg,MCMC,0.013054,,0.078984,1.098237,1.098237,1.000000
HCM,Multi-territory MI (μ=1.7),54,All Regions,-1,Diseased Avg,Point Estimate,0.028114,0.105346,0.105346,,0.000000,
HCM,Multi-territory MI (μ=1.7),54,All Regions,-1,Diseased Avg,MCMC,0.013054,,0.078984,1.098237,1.098237,1.000000
HCM,Multi-territory MI (μ=1.7),55,All Regions,-1,Overall Avg,Point Estimate,0.063166,0.180211,0.180211,,0.000000,
HCM,Multi-territory MI (μ=1.7),55,All Regions,-1,Overall Avg,MCMC,0.008129,,0.084557,1.228183,1.228183,1.000000
HCM,Multi-territory MI (μ=1.7),55,All Regions,-1,Diseased Avg,Point Estimate,0.063166,0.180211,0.180211,,0.000000,
HCM,Multi-territory MI (μ=1.7),55,All Regions,-1,Diseased Avg,MCMC,0.008129,,0.084557,1.228183,1.228183,1.000000
HCM,Multi-territory MI (μ=1.7),56,All Regions,-1,Overall Avg,Point Estimate,0.036283,0.097413,0.097413,,0.000000,
HCM,Multi-territory MI (μ=1.7),56,All Regions,-1,Overall Avg,MCMC,0.009275,,0.093433,1.396791,1.396791,1.000000
HCM,Multi-territory MI (μ=1.7),56,All Regions,-1,Diseased Avg,Point Estimate,0.036283,0.097413,0.097413,,0.000000,
HCM,Multi-territory MI (μ=1.7),56,All Regions,-1,Diseased Avg,MCMC,0.009275,,0.093433,1.396791,1.396791,1.000000
HCM,Multi-territory MI (μ=1.7),57,All Regions,-1,Overall Avg,Point Estimate,0.037181,0.113660,0.113660,,0.000000,
HCM,Multi-territory MI (μ=1.7),57,All Regions,-1,Overall Avg,MCMC,0.009626,,0.082907,1.177687,1.177687,1.000000
HCM,Multi-territory MI (μ=1.7),57,All Regions,-1,Diseased Avg,Point Estimate,0.037181,0.113660,0.113660,,0.000000,
HCM,Multi-territory MI (μ=1.7),57,All Regions,-1,Diseased Avg,MCMC,0.009626,,0.082907,1.177687,1.177687,1.000000
HCM,Multi-territory MI (μ=1.7),58,All Regions,-1,Overall Avg,Point Estimate,0.028410,0.096408,0.096408,,0.000000,
HCM,Multi-territory MI (μ=1.7),58,All Regions,-1,Overall Avg,MCMC,0.007206,,0.088133,1.311744,1.311744,1.000000
HCM,Multi-territory MI (μ=1.7),58,All Regions,-1,Diseased Avg,Point Estimate,0.028410,0.096408,0.096408,,0.000000,
HCM,Multi-territory MI (μ=1.7),58,All Regions,-1,Diseased Avg,MCMC,0.007206,,0.088133,1.311744,1.311744,1.000000
HCM,Multi-territory MI (μ=1.7),59,All Regions,-1,Overall Avg,Point Estimate,0.038722,0.120543,0.120543,,0.000000,
HCM,Multi-territory MI (μ=1.7),59,All Regions,-1,Overall Avg,MCMC,0.012074,,0.088342,1.313731,1.313731,1.000000
HCM,Multi-territory MI (μ=1.7),59,All Regions,-1,Diseased Avg,Point Estimate,0.038722,0.120543,0.120543,,0.000000,
HCM,Multi-territory MI (μ=1.7),59,All Regions,-1,Diseased Avg,MCMC,0.012074,,0.088342,1.313731,1.313731,1.000000
HCM,Multi-territory MI (μ=1.7),60,All Regions,-1,Overall Avg,Point Estimate,0.037861,0.123093,0.123093,,0.000000,
HCM,Multi-territory MI (μ=1.7),60,All Regions,-1,Overall Avg,MCMC,0.010214,,0.082238,1.184014,1.184014,1.000000
HCM,Multi-territory MI (μ=1.7),60,All Regions,-1,Diseased Avg,Point Estimate,0.037861,0.123093,0.123093,,0.000000,
HCM,Multi-territory MI (μ=1.7),60,All Regions,-1,Diseased Avg,MCMC,0.010214,,0.082238,1.184014,1.184014,1.000000
HCM,Multi-territory MI (μ=1.7),61,All Regions,-1,Overall Avg,Point Estimate,0.049370,0.137066,0.137066,,0.000000,
HCM,Multi-territory MI (μ=1.7),61,All Regions,-1,Overall Avg,MCMC,0.006685,,0.086626,1.333904,1.333904,1.000000
HCM,Multi-territory MI (μ=1.7),61,All Regions,-1,Diseased Avg,Point Estimate,0.049370,0.137066,0.137066,,0.000000,
HCM,Multi-territory MI (μ=1.7),61,All Regions,-1,Diseased Avg,MCMC,0.006685,,0.086626,1.333904,1.333904,1.000000
HCM,Multi-territory MI (μ=1.7),62,All Regions,-1,Overall Avg,Point Estimate,0.041001,0.120389,0.120389,,0.000000,
HCM,Multi-territory MI (μ=1.7),62,All Regions,-1,Overall Avg,MCMC,0.008001,,0.080880,1.169904,1.169904,1.000000
HCM,Multi-territory MI (μ=1.7),62,All Regions,-1,Diseased Avg,Point Estimate,0.041001,0.120389,0.120389,,0.000000,
HCM,Multi-territory MI (μ=1.7),62,All Regions,-1,Diseased Avg,MCMC,0.008001,,0.080880,1.169904,1.169904,1.000000
HCM,Multi-territory MI (μ=1.7),63,All Regions,-1,Overall Avg,Point Estimate,0.049361,0.141672,0.141672,,0.000000,
HCM,Multi-territory MI (μ=1.7),63,All Regions,-1,Overall Avg,MCMC,0.007274,,0.089434,1.354937,1.354937,1.000000
HCM,Multi-territory MI (μ=1.7),63,All Regions,-1,Diseased Avg,Point Estimate,0.049361,0.141672,0.141672,,0.000000,
HCM,Multi-territory MI (μ=1.7),63,All Regions,-1,Diseased Avg,MCMC,0.007274,,0.089434,1.354937,1.354937,1.000000
HCM,Multi-territory MI (μ=1.7),64,All Regions,-1,Overall Avg,Point Estimate,0.035482,0.133246,0.133246,,0.000000,
HCM,Multi-territory MI (μ=1.7),64,All Regions,-1,Overall Avg,MCMC,0.007042,,0.084608,1.271491,1.271491,1.000000
HCM,Multi-territory MI (μ=1.7),64,All Regions,-1,Diseased Avg,Point Estimate,0.035482,0.133246,0.133246,,0.000000,
HCM,Multi-territory MI (μ=1.7),64,All Regions,-1,Diseased Avg,MCMC,0.007042,,0.084608,1.271491,1.271491,1.000000
HCM,Multi-territory MI (μ=1.7),65,All Regions,-1,Overall Avg,Point Estimate,0.019764,0.086284,0.086284,,0.000000,
HCM,Multi-territory MI (μ=1.7),65,All Regions,-1,Overall Avg,MCMC,0.008983,,0.088240,1.351622,1.351622,1.000000
HCM,Multi-territory MI (μ=1.7),65,All Regions,-1,Diseased Avg,Point Estimate,0.019764,0.086284,0.086284,,0.000000,
HCM,Multi-territory MI (μ=1.7),65,All Regions,-1,Diseased Avg,MCMC,0.008983,,0.088240,1.351622,1.351622,1.000000
HCM,Multi-territory MI (μ=1.7),66,All Regions,-1,Overall Avg,Point Estimate,0.037549,0.145244,0.145244,,0.000000,
HCM,Multi-territory MI (μ=1.7),66,All Regions,-1,Overall Avg,MCMC,0.006620,,0.092215,1.411344,1.411344,1.000000
HCM,Multi-territory MI (μ=1.7),66,All Regions,-1,Diseased Avg,Point Estimate,0.037549,0.145244,0.145244,,0.000000,
HCM,Multi-territory MI (μ=1.7),66,All Regions,-1,Diseased Avg,MCMC,0.006620,,0.092215,1.411344,1.411344,1.000000
HCM,Multi-territory MI (μ=1.7),67,All Regions,-1,Overall Avg,Point Estimate,0.024730,0.109935,0.109935,,0.000000,
HCM,Multi-territory MI (μ=1.7),67,All Regions,-1,Overall Avg,MCMC,0.007575,,0.096427,1.445377,1.445377,1.000000
HCM,Multi-territory MI (μ=1.7),67,All Regions,-1,Diseased Avg,Point Estimate,0.024730,0.109935,0.109935,,0.000000,
HCM,Multi-territory MI (μ=1.7),67,All Regions,-1,Diseased Avg,MCMC,0.007575,,0.096427,1.445377,1.445377,1.000000
HCM,Multi-territory MI (μ=1.7),68,All Regions,-1,Overall Avg,Point Estimate,0.030113,0.114079,0.114079,,0.000000,
HCM,Multi-territory MI (μ=1.7),68,All Regions,-1,Overall Avg,MCMC,0.008986,,0.078930,1.142349,1.142349,1.000000
HCM,Multi-territory MI (μ=1.7),68,All Regions,-1,Diseased Avg,Point Estimate,0.030113,0.114079,0.114079,,0.000000,
HCM,Multi-territory MI (μ=1.7),68,All Regions,-1,Diseased Avg,MCMC,0.008986,,0.078930,1.142349,1.142349,1.000000
HCM,Multi-territory MI (μ=1.7),69,All Regions,-1,Overall Avg,Point Estimate,0.031355,0.106461,0.106461,,0.000000,
HCM,Multi-territory MI (μ=1.7),69,All Regions,-1,Overall Avg,MCMC,0.010588,,0.084681,1.180591,1.180591,1.000000
HCM,Multi-territory MI (μ=1.7),69,All Regions,-1,Diseased Avg,Point Estimate,0.031355,0.106461,0.106461,,0.000000,
HCM,Multi-territory MI (μ=1.7),69,All Regions,-1,Diseased Avg,MCMC,0.010588,,0.084681,1.180591,1.180591,1.000000
HCM,Multi-territory MI (μ=1.7),70,All Regions,-1,Overall Avg,Point Estimate,0.031923,0.097752,0.097752,,0.000000,
HCM,Multi-territory MI (μ=1.7),70,All Regions,-1,Overall Avg,MCMC,0.009425,,0.092601,1.390583,1.390583,1.000000
HCM,Multi-territory MI (μ=1.7),70,All Regions,-1,Diseased Avg,Point Estimate,0.031923,0.097752,0.097752,,0.000000,
HCM,Multi-territory MI (μ=1.7),70,All Regions,-1,Diseased Avg,MCMC,0.009425,,0.092601,1.390583,1.390583,1.000000
HCM,Multi-territory MI (μ=1.7),71,All Regions,-1,Overall Avg,Point Estimate,0.040933,0.134838,0.134838,,0.000000,
HCM,Multi-territory MI (μ=1.7),71,All Regions,-1,Overall Avg,MCMC,0.007614,,0.091646,1.387178,1.387178,1.000000
HCM,Multi-territory MI (μ=1.7),71,All Regions,-1,Diseased Avg,Point Estimate,0.040933,0.134838,0.134838,,0.000000,
HCM,Multi-territory MI (μ=1.7),71,All Regions,-1,Diseased Avg,MCMC,0.007614,,0.091646,1.387178,1.387178,1.000000
HCM,Multi-territory MI (μ=1.7),72,All Regions,-1,Overall Avg,Point Estimate,0.032531,0.113088,0.113088,,0.000000,
HCM,Multi-territory MI (μ=1.7),72,All Regions,-1,Overall Avg,MCMC,0.013890,,0.090744,1.293794,1.293794,1.000000
HCM,Multi-territory MI (μ=1.7),72,All Regions,-1,Diseased Avg,Point Estimate,0.032531,0.113088,0.113088,,0.000000,
HCM,Multi-territory MI (μ=1.7),72,All Regions,-1,Diseased Avg,MCMC,0.013890,,0.090744,1.293794,1.293794,1.000000
HCM,Multi-territory MI (μ=1.7),73,All Regions,-1,Overall Avg,Point Estimate,0.066010,0.174608,0.174608,,0.000000,
HCM,Multi-territory MI (μ=1.7),73,All Regions,-1,Overall Avg,MCMC,0.006846,,0.079261,1.236232,1.236232,1.000000
HCM,Multi-territory MI (μ=1.7),73,All Regions,-1,Diseased Avg,Point Estimate,0.066010,0.174608,0.174608,,0.000000,
HCM,Multi-territory MI (μ=1.7),73,All Regions,-1,Diseased Avg,MCMC,0.006846,,0.079261,1.236232,1.236232,1.000000
HCM,Multi-territory MI (μ=1.7),74,All Regions,-1,Overall Avg,Point Estimate,0.015953,0.081468,0.081468,,0.000000,
HCM,Multi-territory MI (μ=1.7),74,All Regions,-1,Overall Avg,MCMC,0.015860,,0.089893,1.191154,1.191154,1.000000
HCM,Multi-territory MI (μ=1.7),74,All Regions,-1,Diseased Avg,Point Estimate,0.015953,0.081468,0.081468,,0.000000,
HCM,Multi-territory MI (μ=1.7),74,All Regions,-1,Diseased Avg,MCMC,0.015860,,0.089893,1.191154,1.191154,1.000000
HCM,Multi-territory MI (μ=1.7),75,All Regions,-1,Overall Avg,Point Estimate,0.026507,0.111655,0.111655,,0.000000,
HCM,Multi-territory MI (μ=1.7),75,All Regions,-1,Overall Avg,MCMC,0.009231,,0.086041,1.257638,1.257638,1.000000
HCM,Multi-territory MI (μ=1.7),75,All Regions,-1,Diseased Avg,Point Estimate,0.026507,0.111655,0.111655,,0.000000,
HCM,Multi-territory MI (μ=1.7),75,All Regions,-1,Diseased Avg,MCMC,0.009231,,0.086041,1.257638,1.257638,1.000000
HCM,Multi-territory MI (μ=1.7),76,All Regions,-1,Overall Avg,Point Estimate,0.055777,0.182443,0.182443,,0.000000,
HCM,Multi-territory MI (μ=1.7),76,All Regions,-1,Overall Avg,MCMC,0.004005,,0.083064,1.277925,1.277925,1.000000
HCM,Multi-territory MI (μ=1.7),76,All Regions,-1,Diseased Avg,Point Estimate,0.055777,0.182443,0.182443,,0.000000,
HCM,Multi-territory MI (μ=1.7),76,All Regions,-1,Diseased Avg,MCMC,0.004005,,0.083064,1.277925,1.277925,1.000000
HCM,Multi-territory MI (μ=1.7),77,All Regions,-1,Overall Avg,Point Estimate,0.037897,0.110032,0.110032,,0.000000,
HCM,Multi-territory MI (μ=1.7),77,All Regions,-1,Overall Avg,MCMC,0.005136,,0.078905,1.238947,1.238947,1.000000
HCM,Multi-territory MI (μ=1.7),77,All Regions,-1,Diseased Avg,Point Estimate,0.037897,0.110032,0.110032,,0.000000,
HCM,Multi-territory MI (μ=1.7),77,All Regions,-1,Diseased Avg,MCMC,0.005136,,0.078905,1.238947,1.238947,1.000000
HCM,Multi-territory MI (μ=1.7),78,All Regions,-1,Overall Avg,Point Estimate,0.036513,0.129668,0.129668,,0.000000,
HCM,Multi-territory MI (μ=1.7),78,All Regions,-1,Overall Avg,MCMC,0.010018,,0.086284,1.236725,1.236725,1.000000
HCM,Multi-territory MI (μ=1.7),78,All Regions,-1,Diseased Avg,Point Estimate,0.036513,0.129668,0.129668,,0.000000,
HCM,Multi-territory MI (μ=1.7),78,All Regions,-1,Diseased Avg,MCMC,0.010018,,0.086284,1.236725,1.236725,1.000000
HCM,Multi-territory MI (μ=1.7),79,All Regions,-1,Overall Avg,Point Estimate,0.040461,0.143274,0.143274,,0.000000,
HCM,Multi-territory MI (μ=1.7),79,All Regions,-1,Overall Avg,MCMC,0.014611,,0.094751,1.377358,1.377358,1.000000
HCM,Multi-territory MI (μ=1.7),79,All Regions,-1,Diseased Avg,Point Estimate,0.040461,0.143274,0.143274,,0.000000,
HCM,Multi-territory MI (μ=1.7),79,All Regions,-1,Diseased Avg,MCMC,0.014611,,0.094751,1.377358,1.377358,1.000000
HCM,Multi-territory MI (μ=1.7),80,All Regions,-1,Overall Avg,Point Estimate,0.038554,0.141069,0.141069,,0.000000,
HCM,Multi-territory MI (μ=1.7),80,All Regions,-1,Overall Avg,MCMC,0.003134,,0.080853,1.263671,1.263671,1.000000
HCM,Multi-territory MI (μ=1.7),80,All Regions,-1,Diseased Avg,Point Estimate,0.038554,0.141069,0.141069,,0.000000,
HCM,Multi-territory MI (μ=1.7),80,All Regions,-1,Diseased Avg,MCMC,0.003134,,0.080853,1.263671,1.263671,1.000000
HCM,Multi-territory MI (μ=1.7),81,All Regions,-1,Overall Avg,Point Estimate,0.030181,0.112517,0.112517,,0.000000,
HCM,Multi-territory MI (μ=1.7),81,All Regions,-1,Overall Avg,MCMC,0.007187,,0.096094,1.489830,1.489830,1.000000
HCM,Multi-territory MI (μ=1.7),81,All Regions,-1,Diseased Avg,Point Estimate,0.030181,0.112517,0.112517,,0.000000,
HCM,Multi-territory MI (μ=1.7),81,All Regions,-1,Diseased Avg,MCMC,0.007187,,0.096094,1.489830,1.489830,1.000000
HCM,Multi-territory MI (μ=1.7),82,All Regions,-1,Overall Avg,Point Estimate,0.029083,0.108767,0.108767,,0.000000,
HCM,Multi-territory MI (μ=1.7),82,All Regions,-1,Overall Avg,MCMC,0.013438,,0.085254,1.204534,1.204534,1.000000
HCM,Multi-territory MI (μ=1.7),82,All Regions,-1,Diseased Avg,Point Estimate,0.029083,0.108767,0.108767,,0.000000,
HCM,Multi-territory MI (μ=1.7),82,All Regions,-1,Diseased Avg,MCMC,0.013438,,0.085254,1.204534,1.204534,1.000000
HCM,Multi-territory MI (μ=1.7),83,All Regions,-1,Overall Avg,Point Estimate,0.073263,0.213504,0.213504,,0.000000,
HCM,Multi-territory MI (μ=1.7),83,All Regions,-1,Overall Avg,MCMC,0.008486,,0.091050,1.371896,1.371896,1.000000
HCM,Multi-territory MI (μ=1.7),83,All Regions,-1,Diseased Avg,Point Estimate,0.073263,0.213504,0.213504,,0.000000,
HCM,Multi-territory MI (μ=1.7),83,All Regions,-1,Diseased Avg,MCMC,0.008486,,0.091050,1.371896,1.371896,1.000000
HCM,Multi-territory MI (μ=1.7),84,All Regions,-1,Overall Avg,Point Estimate,0.047994,0.141312,0.141312,,0.000000,
HCM,Multi-territory MI (μ=1.7),84,All Regions,-1,Overall Avg,MCMC,0.005386,,0.087289,1.336355,1.336355,1.000000
HCM,Multi-territory MI (μ=1.7),84,All Regions,-1,Diseased Avg,Point Estimate,0.047994,0.141312,0.141312,,0.000000,
HCM,Multi-territory MI (μ=1.7),84,All Regions,-1,Diseased Avg,MCMC,0.005386,,0.087289,1.336355,1.336355,1.000000
HCM,Multi-territory MI (μ=1.7),85,All Regions,-1,Overall Avg,Point Estimate,0.038885,0.114892,0.114892,,0.000000,
HCM,Multi-territory MI (μ=1.7),85,All Regions,-1,Overall Avg,MCMC,0.011756,,0.084309,1.177417,1.177417,1.000000
HCM,Multi-territory MI (μ=1.7),85,All Regions,-1,Diseased Avg,Point Estimate,0.038885,0.114892,0.114892,,0.000000,
HCM,Multi-territory MI (μ=1.7),85,All Regions,-1,Diseased Avg,MCMC,0.011756,,0.084309,1.177417,1.177417,1.000000
HCM,Multi-territory MI (μ=1.7),86,All Regions,-1,Overall Avg,Point Estimate,0.038893,0.123803,0.123803,,0.000000,
HCM,Multi-territory MI (μ=1.7),86,All Regions,-1,Overall Avg,MCMC,0.008841,,0.077633,1.157391,1.157391,1.000000
HCM,Multi-territory MI (μ=1.7),86,All Regions,-1,Diseased Avg,Point Estimate,0.038893,0.123803,0.123803,,0.000000,
HCM,Multi-territory MI (μ=1.7),86,All Regions,-1,Diseased Avg,MCMC,0.008841,,0.077633,1.157391,1.157391,1.000000
HCM,Multi-territory MI (μ=1.7),87,All Regions,-1,Overall Avg,Point Estimate,0.027766,0.110228,0.110228,,0.000000,
HCM,Multi-territory MI (μ=1.7),87,All Regions,-1,Overall Avg,MCMC,0.010274,,0.082020,1.243827,1.243827,1.000000
HCM,Multi-territory MI (μ=1.7),87,All Regions,-1,Diseased Avg,Point Estimate,0.027766,0.110228,0.110228,,0.000000,
HCM,Multi-territory MI (μ=1.7),87,All Regions,-1,Diseased Avg,MCMC,0.010274,,0.082020,1.243827,1.243827,1.000000
HCM,Multi-territory MI (μ=1.7),88,All Regions,-1,Overall Avg,Point Estimate,0.054717,0.157414,0.157414,,0.000000,
HCM,Multi-territory MI (μ=1.7),88,All Regions,-1,Overall Avg,MCMC,0.003516,,0.087369,1.368461,1.368461,1.000000
HCM,Multi-territory MI (μ=1.7),88,All Regions,-1,Diseased Avg,Point Estimate,0.054717,0.157414,0.157414,,0.000000,
HCM,Multi-territory MI (μ=1.7),88,All Regions,-1,Diseased Avg,MCMC,0.003516,,0.087369,1.368461,1.368461,1.000000
HCM,Multi-territory MI (μ=1.7),89,All Regions,-1,Overall Avg,Point Estimate,0.043544,0.124096,0.124096,,0.000000,
HCM,Multi-territory MI (μ=1.7),89,All Regions,-1,Overall Avg,MCMC,0.006579,,0.085321,1.289199,1.289199,1.000000
HCM,Multi-territory MI (μ=1.7),89,All Regions,-1,Diseased Avg,Point Estimate,0.043544,0.124096,0.124096,,0.000000,
HCM,Multi-territory MI (μ=1.7),89,All Regions,-1,Diseased Avg,MCMC,0.006579,,0.085321,1.289199,1.289199,1.000000
HCM,Multi-territory MI (μ=1.7),90,All Regions,-1,Overall Avg,Point Estimate,0.049491,0.131370,0.131370,,0.000000,
HCM,Multi-territory MI (μ=1.7),90,All Regions,-1,Overall Avg,MCMC,0.012248,,0.090852,1.316335,1.316335,1.000000
HCM,Multi-territory MI (μ=1.7),90,All Regions,-1,Diseased Avg,Point Estimate,0.049491,0.131370,0.131370,,0.000000,
HCM,Multi-territory MI (μ=1.7),90,All Regions,-1,Diseased Avg,MCMC,0.012248,,0.090852,1.316335,1.316335,1.000000
HCM,Multi-territory MI (μ=1.7),91,All Regions,-1,Overall Avg,Point Estimate,0.052448,0.159474,0.159474,,0.000000,
HCM,Multi-territory MI (μ=1.7),91,All Regions,-1,Overall Avg,MCMC,0.006789,,0.084441,1.320495,1.320495,1.000000
HCM,Multi-territory MI (μ=1.7),91,All Regions,-1,Diseased Avg,Point Estimate,0.052448,0.159474,0.159474,,0.000000,
HCM,Multi-territory MI (μ=1.7),91,All Regions,-1,Diseased Avg,MCMC,0.006789,,0.084441,1.320495,1.320495,1.000000
HCM,Multi-territory MI (μ=1.7),92,All Regions,-1,Overall Avg,Point Estimate,0.027027,0.099736,0.099736,,0.000000,
HCM,Multi-territory MI (μ=1.7),92,All Regions,-1,Overall Avg,MCMC,0.006716,,0.089287,1.369199,1.369199,1.000000
HCM,Multi-territory MI (μ=1.7),92,All Regions,-1,Diseased Avg,Point Estimate,0.027027,0.099736,0.099736,,0.000000,
HCM,Multi-territory MI (μ=1.7),92,All Regions,-1,Diseased Avg,MCMC,0.006716,,0.089287,1.369199,1.369199,1.000000
HCM,Multi-territory MI (μ=1.7),93,All Regions,-1,Overall Avg,Point Estimate,0.030492,0.101870,0.101870,,0.000000,
HCM,Multi-territory MI (μ=1.7),93,All Regions,-1,Overall Avg,MCMC,0.009293,,0.091121,1.358843,1.358843,1.000000
HCM,Multi-territory MI (μ=1.7),93,All Regions,-1,Diseased Avg,Point Estimate,0.030492,0.101870,0.101870,,0.000000,
HCM,Multi-territory MI (μ=1.7),93,All Regions,-1,Diseased Avg,MCMC,0.009293,,0.091121,1.358843,1.358843,1.000000
HCM,Multi-territory MI (μ=1.7),94,All Regions,-1,Overall Avg,Point Estimate,0.040444,0.128043,0.128043,,0.000000,
HCM,Multi-territory MI (μ=1.7),94,All Regions,-1,Overall Avg,MCMC,0.007132,,0.087155,1.338254,1.338254,1.000000
HCM,Multi-territory MI (μ=1.7),94,All Regions,-1,Diseased Avg,Point Estimate,0.040444,0.128043,0.128043,,0.000000,
HCM,Multi-territory MI (μ=1.7),94,All Regions,-1,Diseased Avg,MCMC,0.007132,,0.087155,1.338254,1.338254,1.000000
HCM,Multi-territory MI (μ=1.7),95,All Regions,-1,Overall Avg,Point Estimate,0.037545,0.127415,0.127415,,0.000000,
HCM,Multi-territory MI (μ=1.7),95,All Regions,-1,Overall Avg,MCMC,0.003306,,0.084069,1.314348,1.314348,1.000000
HCM,Multi-territory MI (μ=1.7),95,All Regions,-1,Diseased Avg,Point Estimate,0.037545,0.127415,0.127415,,0.000000,
HCM,Multi-territory MI (μ=1.7),95,All Regions,-1,Diseased Avg,MCMC,0.003306,,0.084069,1.314348,1.314348,1.000000
HCM,Multi-territory MI (μ=1.7),96,All Regions,-1,Overall Avg,Point Estimate,0.044288,0.143453,0.143453,,0.000000,
HCM,Multi-territory MI (μ=1.7),96,All Regions,-1,Overall Avg,MCMC,0.006529,,0.090448,1.446010,1.446010,1.000000
HCM,Multi-territory MI (μ=1.7),96,All Regions,-1,Diseased Avg,Point Estimate,0.044288,0.143453,0.143453,,0.000000,
HCM,Multi-territory MI (μ=1.7),96,All Regions,-1,Diseased Avg,MCMC,0.006529,,0.090448,1.446010,1.446010,1.000000
HCM,Multi-territory MI (μ=1.7),97,All Regions,-1,Overall Avg,Point Estimate,0.035871,0.103822,0.103822,,0.000000,
HCM,Multi-territory MI (μ=1.7),97,All Regions,-1,Overall Avg,MCMC,0.004907,,0.082616,1.291346,1.291346,1.000000
HCM,Multi-territory MI (μ=1.7),97,All Regions,-1,Diseased Avg,Point Estimate,0.035871,0.103822,0.103822,,0.000000,
HCM,Multi-territory MI (μ=1.7),97,All Regions,-1,Diseased Avg,MCMC,0.004907,,0.082616,1.291346,1.291346,1.000000
HCM,Multi-territory MI (μ=1.7),98,All Regions,-1,Overall Avg,Point Estimate,0.043583,0.131525,0.131525,,0.000000,
HCM,Multi-territory MI (μ=1.7),98,All Regions,-1,Overall Avg,MCMC,0.009548,,0.085765,1.293540,1.293540,1.000000
HCM,Multi-territory MI (μ=1.7),98,All Regions,-1,Diseased Avg,Point Estimate,0.043583,0.131525,0.131525,,0.000000,
HCM,Multi-territory MI (μ=1.7),98,All Regions,-1,Diseased Avg,MCMC,0.009548,,0.085765,1.293540,1.293540,1.000000
HCM,Multi-territory MI (μ=1.7),99,All Regions,-1,Overall Avg,Point Estimate,0.042986,0.118517,0.118517,,0.000000,
HCM,Multi-territory MI (μ=1.7),99,All Regions,-1,Overall Avg,MCMC,0.005590,,0.083615,1.281380,1.281380,1.000000
HCM,Multi-territory MI (μ=1.7),99,All Regions,-1,Diseased Avg,Point Estimate,0.042986,0.118517,0.118517,,0.000000,
HCM,Multi-territory MI (μ=1.7),99,All Regions,-1,Diseased Avg,MCMC,0.005590,,0.083615,1.281380,1.281380,1.000000
MI_1,MI Mild (μ=1.5),0,Anterior,0,Overall Avg,Point Estimate,0.025789,0.124182,0.124182,,0.000000,
MI_1,MI Mild (μ=1.5),0,Anterior,0,Overall Avg,MCMC,0.065200,,0.138620,1.030596,0.931559,0.800000
MI_1,MI Mild (μ=1.5),0,Anterior,0,Diseased Avg,Point Estimate,0.029497,0.167314,0.167314,,0.000000,
MI_1,MI Mild (μ=1.5),0,Anterior,0,Diseased Avg,MCMC,0.003128,,0.114484,1.621961,1.621961,1.000000
MI_1,MI Mild (μ=1.5),0,Anterior,0,Non-diseased Avg,Point Estimate,0.024862,0.113399,0.113399,,0.000000,
MI_1,MI Mild (μ=1.5),0,Anterior,0,Non-diseased Avg,MCMC,0.080718,,0.144654,0.882755,0.758959,0.750000
MI_1,MI Mild (μ=1.5),1,Anterior,0,Overall Avg,Point Estimate,0.034821,0.146902,0.146902,,0.000000,
MI_1,MI Mild (μ=1.5),1,Anterior,0,Overall Avg,MCMC,0.042287,,0.102173,0.773835,0.773835,1.000000
MI_1,MI Mild (μ=1.5),1,Anterior,0,Diseased Avg,Point Estimate,0.004707,0.066561,0.066561,,0.000000,
MI_1,MI Mild (μ=1.5),1,Anterior,0,Diseased Avg,MCMC,0.008093,,0.053549,0.551476,0.551476,1.000000
MI_1,MI Mild (μ=1.5),1,Anterior,0,Non-diseased Avg,Point Estimate,0.042349,0.166988,0.166988,,0.000000,
MI_1,MI Mild (μ=1.5),1,Anterior,0,Non-diseased Avg,MCMC,0.050835,,0.114329,0.829425,0.829425,1.000000
MI_1,MI Mild (μ=1.5),2,Anterior,0,Overall Avg,Point Estimate,0.106768,0.259074,0.259074,,0.000000,
MI_1,MI Mild (μ=1.5),2,Anterior,0,Overall Avg,MCMC,0.069081,,0.130478,0.676700,0.676700,1.000000
MI_1,MI Mild (μ=1.5),2,Anterior,0,Diseased Avg,Point Estimate,0.010133,0.099971,0.099971,,0.000000,
MI_1,MI Mild (μ=1.5),2,Anterior,0,Diseased Avg,MCMC,0.001582,,0.034936,0.471415,0.471415,1.000000
MI_1,MI Mild (μ=1.5),2,Anterior,0,Non-diseased Avg,Point Estimate,0.130927,0.298850,0.298850,,0.000000,
MI_1,MI Mild (μ=1.5),2,Anterior,0,Non-diseased Avg,MCMC,0.085955,,0.154363,0.728022,0.728022,1.000000
MI_1,MI Mild (μ=1.5),3,Anterior,0,Overall Avg,Point Estimate,0.032396,0.111604,0.111604,,0.000000,
MI_1,MI Mild (μ=1.5),3,Anterior,0,Overall Avg,MCMC,0.058626,,0.121341,0.735871,0.735871,1.000000
MI_1,MI Mild (μ=1.5),3,Anterior,0,Diseased Avg,Point Estimate,0.000203,0.013143,0.013143,,0.000000,
MI_1,MI Mild (μ=1.5),3,Anterior,0,Diseased Avg,MCMC,0.012126,,0.070331,0.743946,0.743946,1.000000
MI_1,MI Mild (μ=1.5),3,Anterior,0,Non-diseased Avg,Point Estimate,0.040444,0.136219,0.136219,,0.000000,
MI_1,MI Mild (μ=1.5),3,Anterior,0,Non-diseased Avg,MCMC,0.070250,,0.134093,0.733852,0.733852,1.000000
MI_1,MI Mild (μ=1.5),4,Anterior,0,Overall Avg,Point Estimate,0.003861,0.047141,0.047141,,0.000000,
MI_1,MI Mild (μ=1.5),4,Anterior,0,Overall Avg,MCMC,0.049828,,0.105491,0.820175,0.820175,1.000000
MI_1,MI Mild (μ=1.5),4,Anterior,0,Diseased Avg,Point Estimate,0.003173,0.056323,0.056323,,0.000000,
MI_1,MI Mild (μ=1.5),4,Anterior,0,Diseased Avg,MCMC,0.007266,,0.066353,0.878998,0.878998,1.000000
MI_1,MI Mild (μ=1.5),4,Anterior,0,Non-diseased Avg,Point Estimate,0.004033,0.044846,0.044846,,0.000000,
MI_1,MI Mild (μ=1.5),4,Anterior,0,Non-diseased Avg,MCMC,0.060469,,0.115276,0.805470,0.805470,1.000000
MI_1,MI Mild (μ=1.5),5,Anterior,0,Overall Avg,Point Estimate,0.001583,0.030483,0.030483,,0.000000,
MI_1,MI Mild (μ=1.5),5,Anterior,0,Overall Avg,MCMC,0.058489,,0.117595,0.866276,0.866276,1.000000
MI_1,MI Mild (μ=1.5),5,Anterior,0,Diseased Avg,Point Estimate,0.004049,0.063438,0.063438,,0.000000,
MI_1,MI Mild (μ=1.5),5,Anterior,0,Diseased Avg,MCMC,0.006477,,0.069508,1.052226,1.052226,1.000000
MI_1,MI Mild (μ=1.5),5,Anterior,0,Non-diseased Avg,Point Estimate,0.000966,0.022244,0.022244,,0.000000,
MI_1,MI Mild (μ=1.5),5,Anterior,0,Non-diseased Avg,MCMC,0.071491,,0.129617,0.819789,0.819789,1.000000
MI_1,MI Mild (μ=1.5),6,Anterior,0,Overall Avg,Point Estimate,0.001527,0.029224,0.029224,,0.000000,
MI_1,MI Mild (μ=1.5),6,Anterior,0,Overall Avg,MCMC,0.049855,,0.109391,0.936636,0.936636,1.000000
MI_1,MI Mild (μ=1.5),6,Anterior,0,Diseased Avg,Point Estimate,0.002626,0.051060,0.051060,,0.000000,
MI_1,MI Mild (μ=1.5),6,Anterior,0,Diseased Avg,MCMC,0.006931,,0.089376,1.250188,1.250188,1.000000
MI_1,MI Mild (μ=1.5),6,Anterior,0,Non-diseased Avg,Point Estimate,0.001253,0.023765,0.023765,,0.000000,
MI_1,MI Mild (μ=1.5),6,Anterior,0,Non-diseased Avg,MCMC,0.060586,,0.114395,0.858249,0.858249,1.000000
MI_1,MI Mild (μ=1.5),7,Anterior,0,Overall Avg,Point Estimate,0.025963,0.117013,0.117013,,0.000000,
MI_1,MI Mild (μ=1.5),7,Anterior,0,Overall Avg,MCMC,0.081070,,0.140371,0.834009,0.834009,1.000000
MI_1,MI Mild (μ=1.5),7,Anterior,0,Diseased Avg,Point Estimate,0.014770,0.121032,0.121032,,0.000000,
MI_1,MI Mild (μ=1.5),7,Anterior,0,Diseased Avg,MCMC,0.010997,,0.074620,0.969953,0.969953,1.000000
MI_1,MI Mild (μ=1.5),7,Anterior,0,Non-diseased Avg,Point Estimate,0.028761,0.116008,0.116008,,0.000000,
MI_1,MI Mild (μ=1.5),7,Anterior,0,Non-diseased Avg,MCMC,0.098588,,0.156809,0.800023,0.800023,1.000000
MI_1,MI Mild (μ=1.5),8,Anterior,0,Overall Avg,Point Estimate,0.095910,0.248777,0.248777,,0.000000,
MI_1,MI Mild (μ=1.5),8,Anterior,0,Overall Avg,MCMC,0.094669,,0.156379,0.738293,0.738293,1.000000
MI_1,MI Mild (μ=1.5),8,Anterior,0,Diseased Avg,Point Estimate,0.016135,0.123947,0.123947,,0.000000,
MI_1,MI Mild (μ=1.5),8,Anterior,0,Diseased Avg,MCMC,0.012734,,0.064379,0.529720,0.529720,1.000000
MI_1,MI Mild (μ=1.5),8,Anterior,0,Non-diseased Avg,Point Estimate,0.115854,0.279984,0.279984,,0.000000,
MI_1,MI Mild (μ=1.5),8,Anterior,0,Non-diseased Avg,MCMC,0.115153,,0.179379,0.790437,0.790437,1.000000
MI_1,MI Mild (μ=1.5),9,Anterior,0,Overall Avg,Point Estimate,0.095424,0.239347,0.239347,,0.000000,
MI_1,MI Mild (μ=1.5),9,Anterior,0,Overall Avg,MCMC,0.064799,,0.124261,0.667642,0.667642,1.000000
MI_1,MI Mild (μ=1.5),9,Anterior,0,Diseased Avg,Point Estimate,0.007625,0.087289,0.087289,,0.000000,
MI_1,MI Mild (μ=1.5),9,Anterior,0,Diseased Avg,MCMC,0.001697,,0.034064,0.468857,0.468857,1.000000
MI_1,MI Mild (μ=1.5),9,Anterior,0,Non-diseased Avg,Point Estimate,0.117374,0.277361,0.277361,,0.000000,
MI_1,MI Mild (μ=1.5),9,Anterior,0,Non-diseased Avg,MCMC,0.080575,,0.146810,0.717339,0.717339,1.000000
MI_1,MI Mild (μ=1.5),10,Anterior,0,Overall Avg,Point Estimate,0.003610,0.044923,0.044923,,0.000000,
MI_1,MI Mild (μ=1.5),10,Anterior,0,Overall Avg,MCMC,0.060593,,0.114626,0.818829,0.818829,1.000000
MI_1,MI Mild (μ=1.5),10,Anterior,0,Diseased Avg,Point Estimate,0.000982,0.030949,0.030949,,0.000000,
MI_1,MI Mild (μ=1.5),10,Anterior,0,Diseased Avg,MCMC,0.000641,,0.062634,0.974605,0.974605,1.000000
MI_1,MI Mild (μ=1.5),10,Anterior,0,Non-diseased Avg,Point Estimate,0.004268,0.048416,0.048416,,0.000000,
MI_1,MI Mild (μ=1.5),10,Anterior,0,Non-diseased Avg,MCMC,0.075581,,0.127624,0.779885,0.779885,1.000000
MI_1,MI Mild (μ=1.5),11,Anterior,0,Overall Avg,Point Estimate,0.016993,0.108381,0.108381,,0.000000,
MI_1,MI Mild (μ=1.5),11,Anterior,0,Overall Avg,MCMC,0.058576,,0.123212,0.946851,0.946851,1.000000
MI_1,MI Mild (μ=1.5),11,Anterior,0,Diseased Avg,Point Estimate,0.007770,0.069692,0.069692,,0.000000,
MI_1,MI Mild (μ=1.5),11,Anterior,0,Diseased Avg,MCMC,0.003240,,0.102184,1.720593,1.720593,1.000000
MI_1,MI Mild (μ=1.5),11,Anterior,0,Non-diseased Avg,Point Estimate,0.019299,0.118053,0.118053,,0.000000,
MI_1,MI Mild (μ=1.5),11,Anterior,0,Non-diseased Avg,MCMC,0.072410,,0.128469,0.753416,0.753416,1.000000
MI_1,MI Mild (μ=1.5),12,Anterior,0,Overall Avg,Point Estimate,0.019903,0.098835,0.098835,,0.000000,
MI_1,MI Mild (μ=1.5),12,Anterior,0,Overall Avg,MCMC,0.048089,,0.105213,0.816107,0.816107,1.000000
MI_1,MI Mild (μ=1.5),12,Anterior,0,Diseased Avg,Point Estimate,0.004531,0.065982,0.065982,,0.000000,
MI_1,MI Mild (μ=1.5),12,Anterior,0,Diseased Avg,MCMC,0.007878,,0.065466,0.812143,0.812143,1.000000
MI_1,MI Mild (μ=1.5),12,Anterior,0,Non-diseased Avg,Point Estimate,0.023746,0.107048,0.107048,,0.000000,
MI_1,MI Mild (μ=1.5),12,Anterior,0,Non-diseased Avg,MCMC,0.058142,,0.115150,0.817099,0.817099,1.000000
MI_1,MI Mild (μ=1.5),13,Anterior,0,Overall Avg,Point Estimate,0.000393,0.016126,0.016126,,0.000000,
MI_1,MI Mild (μ=1.5),13,Anterior,0,Overall Avg,MCMC,0.047604,,0.109414,0.877904,0.877904,1.000000
MI_1,MI Mild (μ=1.5),13,Anterior,0,Diseased Avg,Point Estimate,0.000293,0.017109,0.017109,,0.000000,
MI_1,MI Mild (μ=1.5),13,Anterior,0,Diseased Avg,MCMC,0.005059,,0.085247,1.203342,1.203342,1.000000
MI_1,MI Mild (μ=1.5),13,Anterior,0,Non-diseased Avg,Point Estimate,0.000417,0.015880,0.015880,,0.000000,
MI_1,MI Mild (μ=1.5),13,Anterior,0,Non-diseased Avg,MCMC,0.058241,,0.115456,0.796545,0.796545,1.000000
MI_1,MI Mild (μ=1.5),14,Anterior,0,Overall Avg,Point Estimate,0.027404,0.120649,0.120649,,0.000000,
MI_1,MI Mild (μ=1.5),14,Anterior,0,Overall Avg,MCMC,0.067148,,0.127073,0.859312,0.859312,1.000000
MI_1,MI Mild (μ=1.5),14,Anterior,0,Diseased Avg,Point Estimate,0.014825,0.121357,0.121357,,0.000000,
MI_1,MI Mild (μ=1.5),14,Anterior,0,Diseased Avg,MCMC,0.005075,,0.072116,1.090166,1.090166,1.000000
MI_1,MI Mild (μ=1.5),14,Anterior,0,Non-diseased Avg,Point Estimate,0.030549,0.120472,0.120472,,0.000000,
MI_1,MI Mild (μ=1.5),14,Anterior,0,Non-diseased Avg,MCMC,0.082666,,0.140813,0.801599,0.801599,1.000000
MI_1,MI Mild (μ=1.5),15,Anterior,0,Overall Avg,Point Estimate,0.007069,0.065012,0.065012,,0.000000,
MI_1,MI Mild (μ=1.5),15,Anterior,0,Overall Avg,MCMC,0.067513,,0.128035,0.921675,0.921675,1.000000
MI_1,MI Mild (μ=1.5),15,Anterior,0,Diseased Avg,Point Estimate,0.004384,0.066173,0.066173,,0.000000,
MI_1,MI Mild (μ=1.5),15,Anterior,0,Diseased Avg,MCMC,0.007454,,0.084836,1.260243,1.260243,1.000000
MI_1,MI Mild (μ=1.5),15,Anterior,0,Non-diseased Avg,Point Estimate,0.007741,0.064721,0.064721,,0.000000,
MI_1,MI Mild (μ=1.5),15,Anterior,0,Non-diseased Avg,MCMC,0.082528,,0.138835,0.837033,0.837033,1.000000
MI_1,MI Mild (μ=1.5),16,Anterior,0,Overall Avg,Point Estimate,0.047190,0.174397,0.174397,,0.000000,
MI_1,MI Mild (μ=1.5),16,Anterior,0,Overall Avg,MCMC,0.074197,,0.127825,0.759574,0.759574,1.000000
MI_1,MI Mild (μ=1.5),16,Anterior,0,Diseased Avg,Point Estimate,0.013951,0.118009,0.118009,,0.000000,
MI_1,MI Mild (μ=1.5),16,Anterior,0,Diseased Avg,MCMC,0.001625,,0.055304,0.820538,0.820538,1.000000
MI_1,MI Mild (μ=1.5),16,Anterior,0,Non-diseased Avg,Point Estimate,0.055499,0.188494,0.188494,,0.000000,
MI_1,MI Mild (μ=1.5),16,Anterior,0,Non-diseased Avg,MCMC,0.092340,,0.145955,0.744334,0.744334,1.000000
MI_1,MI Mild (μ=1.5),17,Anterior,0,Overall Avg,Point Estimate,0.022404,0.099640,0.099640,,0.000000,
MI_1,MI Mild (μ=1.5),17,Anterior,0,Overall Avg,MCMC,0.060046,,0.115077,0.796976,0.796976,1.000000
MI_1,MI Mild (μ=1.5),17,Anterior,0,Diseased Avg,Point Estimate,0.000541,0.023151,0.023151,,0.000000,
MI_1,MI Mild (μ=1.5),17,Anterior,0,Diseased Avg,MCMC,0.006849,,0.062504,0.786869,0.786869,1.000000
MI_1,MI Mild (μ=1.5),17,Anterior,0,Non-diseased Avg,Point Estimate,0.027870,0.118763,0.118763,,0.000000,
MI_1,MI Mild (μ=1.5),17,Anterior,0,Non-diseased Avg,MCMC,0.073345,,0.128220,0.799502,0.799502,1.000000
MI_1,MI Mild (μ=1.5),18,Anterior,0,Overall Avg,Point Estimate,0.003369,0.047945,0.047945,,0.000000,
MI_1,MI Mild (μ=1.5),18,Anterior,0,Overall Avg,MCMC,0.050254,,0.111020,0.786024,0.786024,1.000000
MI_1,MI Mild (μ=1.5),18,Anterior,0,Diseased Avg,Point Estimate,0.007178,0.084599,0.084599,,0.000000,
MI_1,MI Mild (μ=1.5),18,Anterior,0,Diseased Avg,MCMC,0.005913,,0.059628,0.764713,0.764713,1.000000
MI_1,MI Mild (μ=1.5),18,Anterior,0,Non-diseased Avg,Point Estimate,0.002416,0.038782,0.038782,,0.000000,
MI_1,MI Mild (μ=1.5),18,Anterior,0,Non-diseased Avg,MCMC,0.061339,,0.123868,0.791352,0.791352,1.000000
MI_1,MI Mild (μ=1.5),19,Anterior,0,Overall Avg,Point Estimate,0.009843,0.079105,0.079105,,0.000000,
MI_1,MI Mild (μ=1.5),19,Anterior,0,Overall Avg,MCMC,0.058018,,0.120520,0.926991,0.926991,1.000000
MI_1,MI Mild (μ=1.5),19,Anterior,0,Diseased Avg,Point Estimate,0.007067,0.083700,0.083700,,0.000000,
MI_1,MI Mild (μ=1.5),19,Anterior,0,Diseased Avg,MCMC,0.002663,,0.091437,1.392075,1.392075,1.000000
MI_1,MI Mild (μ=1.5),19,Anterior,0,Non-diseased Avg,Point Estimate,0.010537,0.077957,0.077957,,0.000000,
MI_1,MI Mild (μ=1.5),19,Anterior,0,Non-diseased Avg,MCMC,0.071857,,0.127791,0.810720,0.810720,1.000000
MI_1,MI Mild (μ=1.5),20,Inferior,1,Overall Avg,Point Estimate,0.023910,0.129162,0.129162,,0.000000,
MI_1,MI Mild (μ=1.5),20,Inferior,1,Overall Avg,MCMC,0.066996,,0.140302,1.539841,0.722479,0.800000
MI_1,MI Mild (μ=1.5),20,Inferior,1,Diseased Avg,Point Estimate,0.068884,0.258805,0.258805,,0.000000,
MI_1,MI Mild (μ=1.5),20,Inferior,1,Diseased Avg,MCMC,0.254933,,0.388925,4.922329,0.835519,0.000000
MI_1,MI Mild (μ=1.5),20,Inferior,1,Non-diseased Avg,Point Estimate,0.012666,0.096751,0.096751,,0.000000,
MI_1,MI Mild (μ=1.5),20,Inferior,1,Non-diseased Avg,MCMC,0.020012,,0.078146,0.694219,0.694219,1.000000
MI_1,MI Mild (μ=1.5),21,Inferior,1,Overall Avg,Point Estimate,0.015086,0.097221,0.097221,,0.000000,
MI_1,MI Mild (μ=1.5),21,Inferior,1,Overall Avg,MCMC,0.018645,,0.074266,0.852435,0.852435,1.000000
MI_1,MI Mild (μ=1.5),21,Inferior,1,Diseased Avg,Point Estimate,0.010534,0.101003,0.101003,,0.000000,
MI_1,MI Mild (μ=1.5),21,Inferior,1,Diseased Avg,MCMC,0.071519,,0.170777,1.740446,1.740446,1.000000
MI_1,MI Mild (μ=1.5),21,Inferior,1,Non-diseased Avg,Point Estimate,0.016225,0.096276,0.096276,,0.000000,
MI_1,MI Mild (μ=1.5),21,Inferior,1,Non-diseased Avg,MCMC,0.005427,,0.050138,0.630433,0.630433,1.000000
MI_1,MI Mild (μ=1.5),22,Inferior,1,Overall Avg,Point Estimate,0.021901,0.116290,0.116290,,0.000000,
MI_1,MI Mild (μ=1.5),22,Inferior,1,Overall Avg,MCMC,0.021315,,0.082168,0.898125,0.898125,1.000000
MI_1,MI Mild (μ=1.5),22,Inferior,1,Diseased Avg,Point Estimate,0.052365,0.228709,0.228709,,0.000000,
MI_1,MI Mild (μ=1.5),22,Inferior,1,Diseased Avg,MCMC,0.070651,,0.171164,1.800906,1.800906,1.000000
MI_1,MI Mild (μ=1.5),22,Inferior,1,Non-diseased Avg,Point Estimate,0.014285,0.088185,0.088185,,0.000000,
MI_1,MI Mild (μ=1.5),22,Inferior,1,Non-diseased Avg,MCMC,0.008981,,0.059919,0.672429,0.672429,1.000000
MI_1,MI Mild (μ=1.5),23,Inferior,1,Overall Avg,Point Estimate,0.016288,0.102712,0.102712,,0.000000,
MI_1,MI Mild (μ=1.5),23,Inferior,1,Overall Avg,MCMC,0.012838,,0.070020,0.809275,0.809275,1.000000
MI_1,MI Mild (μ=1.5),23,Inferior,1,Diseased Avg,Point Estimate,0.020287,0.142117,0.142117,,0.000000,
MI_1,MI Mild (μ=1.5),23,Inferior,1,Diseased Avg,MCMC,0.034557,,0.136890,1.562330,1.562330,1.000000
MI_1,MI Mild (μ=1.5),23,Inferior,1,Non-diseased Avg,Point Estimate,0.015288,0.092861,0.092861,,0.000000,
MI_1,MI Mild (μ=1.5),23,Inferior,1,Non-diseased Avg,MCMC,0.007409,,0.053302,0.621011,0.621011,1.000000
MI_1,MI Mild (μ=1.5),24,Inferior,1,Overall Avg,Point Estimate,0.024566,0.121766,0.121766,,0.000000,
MI_1,MI Mild (μ=1.5),24,Inferior,1,Overall Avg,MCMC,0.017148,,0.077133,0.886793,0.886793,1.000000
MI_1,MI Mild (μ=1.5),24,Inferior,1,Diseased Avg,Point Estimate,0.062423,0.249732,0.249732,,0.000000,
MI_1,MI Mild (μ=1.5),24,Inferior,1,Diseased Avg,MCMC,0.057647,,0.163810,1.888609,1.888609,1.000000
MI_1,MI Mild (μ=1.5),24,Inferior,1,Non-diseased Avg,Point Estimate,0.015101,0.089774,0.089774,,0.000000,
MI_1,MI Mild (μ=1.5),24,Inferior,1,Non-diseased Avg,MCMC,0.007023,,0.055464,0.636338,0.636338,1.000000
MI_1,MI Mild (μ=1.5),25,Inferior,1,Overall Avg,Point Estimate,0.003866,0.050416,0.050416,,0.000000,
MI_1,MI Mild (μ=1.5),25,Inferior,1,Overall Avg,MCMC,0.018443,,0.077707,0.856673,0.856673,1.000000
MI_1,MI Mild (μ=1.5),25,Inferior,1,Diseased Avg,Point Estimate,0.007239,0.082768,0.082768,,0.000000,
MI_1,MI Mild (μ=1.5),25,Inferior,1,Diseased Avg,MCMC,0.056815,,0.152259,1.643810,1.643810,1.000000
MI_1,MI Mild (μ=1.5),25,Inferior,1,Non-diseased Avg,Point Estimate,0.003023,0.042328,0.042328,,0.000000,
MI_1,MI Mild (μ=1.5),25,Inferior,1,Non-diseased Avg,MCMC,0.008851,,0.059069,0.659888,0.659888,1.000000
MI_1,MI Mild (μ=1.5),26,Inferior,1,Overall Avg,Point Estimate,0.020465,0.091397,0.091397,,0.000000,
MI_1,MI Mild (μ=1.5),26,Inferior,1,Overall Avg,MCMC,0.055389,,0.115442,0.770701,0.770701,1.000000
MI_1,MI Mild (μ=1.5),26,Inferior,1,Diseased Avg,Point Estimate,0.093260,0.305073,0.305073,,0.000000,
MI_1,MI Mild (μ=1.5),26,Inferior,1,Diseased Avg,MCMC,0.207249,,0.294078,1.054422,1.054422,1.000000
MI_1,MI Mild (μ=1.5),26,Inferior,1,Non-diseased Avg,Point Estimate,0.002266,0.037978,0.037978,,0.000000,
MI_1,MI Mild (μ=1.5),26,Inferior,1,Non-diseased Avg,MCMC,0.017424,,0.070783,0.699770,0.699770,1.000000
MI_1,MI Mild (μ=1.5),27,Inferior,1,Overall Avg,Point Estimate,0.006683,0.064132,0.064132,,0.000000,
MI_1,MI Mild (μ=1.5),27,Inferior,1,Overall Avg,MCMC,0.048911,,0.107641,0.774675,0.774675,1.000000
MI_1,MI Mild (μ=1.5),27,Inferior,1,Diseased Avg,Point Estimate,0.000768,0.025146,0.025146,,0.000000,
MI_1,MI Mild (μ=1.5),27,Inferior,1,Diseased Avg,MCMC,0.177343,,0.259908,1.265441,1.265441,1.000000
MI_1,MI Mild (μ=1.5),27,Inferior,1,Non-diseased Avg,Point Estimate,0.008161,0.073878,0.073878,,0.000000,
MI_1,MI Mild (μ=1.5),27,Inferior,1,Non-diseased Avg,MCMC,0.016803,,0.069574,0.651983,0.651983,1.000000
MI_1,MI Mild (μ=1.5),28,Inferior,1,Overall Avg,Point Estimate,0.026098,0.104778,0.104778,,0.000000,
MI_1,MI Mild (μ=1.5),28,Inferior,1,Overall Avg,MCMC,0.053947,,0.117006,0.724594,0.724594,1.000000
MI_1,MI Mild (μ=1.5),28,Inferior,1,Diseased Avg,Point Estimate,0.115478,0.339140,0.339140,,0.000000,
MI_1,MI Mild (μ=1.5),28,Inferior,1,Diseased Avg,MCMC,0.199172,,0.301100,1.002046,1.002046,1.000000
MI_1,MI Mild (μ=1.5),28,Inferior,1,Non-diseased Avg,Point Estimate,0.003753,0.046187,0.046187,,0.000000,
MI_1,MI Mild (μ=1.5),28,Inferior,1,Non-diseased Avg,MCMC,0.017641,,0.070982,0.655231,0.655231,1.000000
MI_1,MI Mild (μ=1.5),29,Inferior,1,Overall Avg,Point Estimate,0.001686,0.036824,0.036824,,0.000000,
MI_1,MI Mild (μ=1.5),29,Inferior,1,Overall Avg,MCMC,0.037475,,0.099678,0.843990,0.843990,1.000000
MI_1,MI Mild (μ=1.5),29,Inferior,1,Diseased Avg,Point Estimate,0.001628,0.031240,0.031240,,0.000000,
MI_1,MI Mild (μ=1.5),29,Inferior,1,Diseased Avg,MCMC,0.135028,,0.225957,1.276413,1.276413,1.000000
MI_1,MI Mild (μ=1.5),29,Inferior,1,Non-diseased Avg,Point Estimate,0.001700,0.038219,0.038219,,0.000000,
MI_1,MI Mild (μ=1.5),29,Inferior,1,Non-diseased Avg,MCMC,0.013087,,0.068108,0.735885,0.735885,1.000000
MI_1,MI Mild (μ=1.5),30,Inferior,1,Overall Avg,Point Estimate,0.042783,0.157797,0.157797,,0.000000,
MI_1,MI Mild (μ=1.5),30,Inferior,1,Overall Avg,MCMC,0.073878,,0.140411,1.239222,0.734478,0.800000
MI_1,MI Mild (μ=1.5),30,Inferior,1,Diseased Avg,Point Estimate,0.173277,0.416030,0.416030,,0.000000,
MI_1,MI Mild (μ=1.5),30,Inferior,1,Diseased Avg,MCMC,0.292297,,0.382609,3.372423,0.848701,0.000000
MI_1,MI Mild (μ=1.5),30,Inferior,1,Non-diseased Avg,Point Estimate,0.010160,0.093238,0.093238,,0.000000,
MI_1,MI Mild (μ=1.5),30,Inferior,1,Non-diseased Avg,MCMC,0.019273,,0.079862,0.705922,0.705922,1.000000
MI_1,MI Mild (μ=1.5),31,Inferior,1,Overall Avg,Point Estimate,0.002517,0.041946,0.041946,,0.000000,
MI_1,MI Mild (μ=1.5),31,Inferior,1,Overall Avg,MCMC,0.049780,,0.105466,0.797893,0.797893,1.000000
MI_1,MI Mild (μ=1.5),31,Inferior,1,Diseased Avg,Point Estimate,0.001483,0.033247,0.033247,,0.000000,
MI_1,MI Mild (μ=1.5),31,Inferior,1,Diseased Avg,MCMC,0.196577,,0.267040,1.438874,1.438874,1.000000
MI_1,MI Mild (μ=1.5),31,Inferior,1,Non-diseased Avg,Point Estimate,0.002775,0.044121,0.044121,,0.000000,
MI_1,MI Mild (μ=1.5),31,Inferior,1,Non-diseased Avg,MCMC,0.013081,,0.065073,0.637648,0.637648,1.000000
MI_1,MI Mild (μ=1.5),32,Inferior,1,Overall Avg,Point Estimate,0.006931,0.058035,0.058035,,0.000000,
MI_1,MI Mild (μ=1.5),32,Inferior,1,Overall Avg,MCMC,0.009994,,0.064875,0.865626,0.865626,1.000000
MI_1,MI Mild (μ=1.5),32,Inferior,1,Diseased Avg,Point Estimate,0.029781,0.172545,0.172545,,0.000000,
MI_1,MI Mild (μ=1.5),32,Inferior,1,Diseased Avg,MCMC,0.031658,,0.129958,1.680512,1.680512,1.000000
MI_1,MI Mild (μ=1.5),32,Inferior,1,Non-diseased Avg,Point Estimate,0.001219,0.029407,0.029407,,0.000000,
MI_1,MI Mild (μ=1.5),32,Inferior,1,Non-diseased Avg,MCMC,0.004578,,0.048605,0.661905,0.661905,1.000000
MI_1,MI Mild (μ=1.5),33,Inferior,1,Overall Avg,Point Estimate,0.021397,0.116630,0.116630,,0.000000,
MI_1,MI Mild (μ=1.5),33,Inferior,1,Overall Avg,MCMC,0.007542,,0.066551,0.862645,0.862645,1.000000
MI_1,MI Mild (μ=1.5),33,Inferior,1,Diseased Avg,Point Estimate,0.044909,0.211814,0.211814,,0.000000,
MI_1,MI Mild (μ=1.5),33,Inferior,1,Diseased Avg,MCMC,0.014768,,0.129468,1.744506,1.744506,1.000000
MI_1,MI Mild (μ=1.5),33,Inferior,1,Non-diseased Avg,Point Estimate,0.015519,0.092833,0.092833,,0.000000,
MI_1,MI Mild (μ=1.5),33,Inferior,1,Non-diseased Avg,MCMC,0.005735,,0.050822,0.642180,0.642180,1.000000
MI_1,MI Mild (μ=1.5),34,Inferior,1,Overall Avg,Point Estimate,0.009251,0.061558,0.061558,,0.000000,
MI_1,MI Mild (μ=1.5),34,Inferior,1,Overall Avg,MCMC,0.003152,,0.058231,0.874883,0.874883,1.000000
MI_1,MI Mild (μ=1.5),34,Inferior,1,Diseased Avg,Point Estimate,0.042582,0.206176,0.206176,,0.000000,
MI_1,MI Mild (μ=1.5),34,Inferior,1,Diseased Avg,MCMC,0.000905,,0.111995,1.910613,1.910613,1.000000
MI_1,MI Mild (μ=1.5),34,Inferior,1,Non-diseased Avg,Point Estimate,0.000919,0.025404,0.025404,,0.000000,
MI_1,MI Mild (μ=1.5),34,Inferior,1,Non-diseased Avg,MCMC,0.003714,,0.044790,0.615951,0.615951,1.000000
MI_1,MI Mild (μ=1.5),35,Inferior,1,Overall Avg,Point Estimate,0.038540,0.121246,0.121246,,0.000000,
MI_1,MI Mild (μ=1.5),35,Inferior,1,Overall Avg,MCMC,0.072022,,0.141637,1.491232,0.709147,0.800000
MI_1,MI Mild (μ=1.5),35,Inferior,1,Diseased Avg,Point Estimate,0.172307,0.412913,0.412913,,0.000000,
MI_1,MI Mild (μ=1.5),35,Inferior,1,Diseased Avg,MCMC,0.261292,,0.378543,4.640628,0.730202,0.000000
MI_1,MI Mild (μ=1.5),35,Inferior,1,Non-diseased Avg,Point Estimate,0.005099,0.048329,0.048329,,0.000000,
MI_1,MI Mild (μ=1.5),35,Inferior,1,Non-diseased Avg,MCMC,0.024704,,0.082410,0.703883,0.703883,1.000000
MI_1,MI Mild (μ=1.5),36,Inferior,1,Overall Avg,Point Estimate,0.045874,0.139332,0.139332,,0.000000,
MI_1,MI Mild (μ=1.5),36,Inferior,1,Overall Avg,MCMC,0.061490,,0.116277,0.788191,0.788191,1.000000
MI_1,MI Mild (μ=1.5),36,Inferior,1,Diseased Avg,Point Estimate,0.207606,0.455630,0.455630,,0.000000,
MI_1,MI Mild (μ=1.5),36,Inferior,1,Diseased Avg,MCMC,0.264209,,0.313605,1.440016,1.440016,1.000000
MI_1,MI Mild (μ=1.5),36,Inferior,1,Non-diseased Avg,Point Estimate,0.005440,0.060258,0.060258,,0.000000,
MI_1,MI Mild (μ=1.5),36,Inferior,1,Non-diseased Avg,MCMC,0.010810,,0.066946,0.625235,0.625235,1.000000
MI_1,MI Mild (μ=1.5),37,Inferior,1,Overall Avg,Point Estimate,0.003285,0.047527,0.047527,,0.000000,
MI_1,MI Mild (μ=1.5),37,Inferior,1,Overall Avg,MCMC,0.046005,,0.105536,0.794058,0.794058,1.000000
MI_1,MI Mild (μ=1.5),37,Inferior,1,Diseased Avg,Point Estimate,0.002511,0.037934,0.037934,,0.000000,
MI_1,MI Mild (μ=1.5),37,Inferior,1,Diseased Avg,MCMC,0.169323,,0.245994,1.303456,1.303456,1.000000
MI_1,MI Mild (μ=1.5),37,Inferior,1,Non-diseased Avg,Point Estimate,0.003479,0.049925,0.049925,,0.000000,
MI_1,MI Mild (μ=1.5),37,Inferior,1,Non-diseased Avg,MCMC,0.015176,,0.070422,0.666708,0.666708,1.000000
MI_1,MI Mild (μ=1.5),38,Inferior,1,Overall Avg,Point Estimate,0.022858,0.101983,0.101983,,0.000000,
MI_1,MI Mild (μ=1.5),38,Inferior,1,Overall Avg,MCMC,0.061591,,0.120458,0.818558,0.818558,1.000000
MI_1,MI Mild (μ=1.5),38,Inferior,1,Diseased Avg,Point Estimate,0.099730,0.315746,0.315746,,0.000000,
MI_1,MI Mild (μ=1.5),38,Inferior,1,Diseased Avg,MCMC,0.222341,,0.285308,1.335396,1.335396,1.000000
MI_1,MI Mild (μ=1.5),38,Inferior,1,Non-diseased Avg,Point Estimate,0.003640,0.048543,0.048543,,0.000000,
MI_1,MI Mild (μ=1.5),38,Inferior,1,Non-diseased Avg,MCMC,0.021403,,0.079245,0.689349,0.689349,1.000000
MI_1,MI Mild (μ=1.5),39,Inferior,1,Overall Avg,Point Estimate,0.011652,0.088327,0.088327,,0.000000,
MI_1,MI Mild (μ=1.5),39,Inferior,1,Overall Avg,MCMC,0.023610,,0.081937,0.837029,0.837029,1.000000
MI_1,MI Mild (μ=1.5),39,Inferior,1,Diseased Avg,Point Estimate,0.007275,0.084231,0.084231,,0.000000,
MI_1,MI Mild (μ=1.5),39,Inferior,1,Diseased Avg,MCMC,0.083189,,0.174802,1.491965,1.491965,1.000000
MI_1,MI Mild (μ=1.5),39,Inferior,1,Non-diseased Avg,Point Estimate,0.012746,0.089351,0.089351,,0.000000,
MI_1,MI Mild (μ=1.5),39,Inferior,1,Non-diseased Avg,MCMC,0.008715,,0.058721,0.673295,0.673295,1.000000
MI_1,MI Mild (μ=1.5),40,Lateral,2,Overall Avg,Point Estimate,0.003648,0.055078,0.055078,,0.000000,
MI_1,MI Mild (μ=1.5),40,Lateral,2,Overall Avg,MCMC,0.043326,,0.106056,0.798999,0.798999,1.000000
MI_1,MI Mild (μ=1.5),40,Lateral,2,Diseased Avg,Point Estimate,0.003910,0.061414,0.061414,,0.000000,
MI_1,MI Mild (μ=1.5),40,Lateral,2,Diseased Avg,MCMC,0.010883,,0.062729,0.599020,0.599020,1.000000
MI_1,MI Mild (μ=1.5),40,Lateral,2,Non-diseased Avg,Point Estimate,0.003583,0.053493,0.053493,,0.000000,
MI_1,MI Mild (μ=1.5),40,Lateral,2,Non-diseased Avg,MCMC,0.051436,,0.116888,0.848994,0.848994,1.000000
MI_1,MI Mild (μ=1.5),41,Lateral,2,Overall Avg,Point Estimate,0.007198,0.055879,0.055879,,0.000000,
MI_1,MI Mild (μ=1.5),41,Lateral,2,Overall Avg,MCMC,0.009474,,0.069965,0.892453,0.892453,1.000000
MI_1,MI Mild (μ=1.5),41,Lateral,2,Diseased Avg,Point Estimate,0.002522,0.047149,0.047149,,0.000000,
MI_1,MI Mild (μ=1.5),41,Lateral,2,Diseased Avg,MCMC,0.004199,,0.069031,1.019965,1.019965,1.000000
MI_1,MI Mild (μ=1.5),41,Lateral,2,Non-diseased Avg,Point Estimate,0.008367,0.058061,0.058061,,0.000000,
MI_1,MI Mild (μ=1.5),41,Lateral,2,Non-diseased Avg,MCMC,0.010793,,0.070199,0.860575,0.860575,1.000000
MI_1,MI Mild (μ=1.5),42,Lateral,2,Overall Avg,Point Estimate,0.007558,0.072319,0.072319,,0.000000,
MI_1,MI Mild (μ=1.5),42,Lateral,2,Overall Avg,MCMC,0.009205,,0.066155,0.835379,0.835379,1.000000
MI_1,MI Mild (μ=1.5),42,Lateral,2,Diseased Avg,Point Estimate,0.002650,0.051200,0.051200,,0.000000,
MI_1,MI Mild (μ=1.5),42,Lateral,2,Diseased Avg,MCMC,0.000478,,0.052327,0.873820,0.873820,1.000000
MI_1,MI Mild (μ=1.5),42,Lateral,2,Non-diseased Avg,Point Estimate,0.008785,0.077599,0.077599,,0.000000,
MI_1,MI Mild (μ=1.5),42,Lateral,2,Non-diseased Avg,MCMC,0.011387,,0.069612,0.825768,0.825768,1.000000
MI_1,MI Mild (μ=1.5),43,Lateral,2,Overall Avg,Point Estimate,0.021021,0.117676,0.117676,,0.000000,
MI_1,MI Mild (μ=1.5),43,Lateral,2,Overall Avg,MCMC,0.018378,,0.080500,0.882043,0.882043,1.000000
MI_1,MI Mild (μ=1.5),43,Lateral,2,Diseased Avg,Point Estimate,0.001824,0.040697,0.040697,,0.000000,
MI_1,MI Mild (μ=1.5),43,Lateral,2,Diseased Avg,MCMC,0.009159,,0.066638,0.816771,0.816771,1.000000
MI_1,MI Mild (μ=1.5),43,Lateral,2,Non-diseased Avg,Point Estimate,0.025820,0.136921,0.136921,,0.000000,
MI_1,MI Mild (μ=1.5),43,Lateral,2,Non-diseased Avg,MCMC,0.020682,,0.083966,0.898360,0.898360,1.000000
MI_1,MI Mild (μ=1.5),44,Lateral,2,Overall Avg,Point Estimate,0.009910,0.075734,0.075734,,0.000000,
MI_1,MI Mild (μ=1.5),44,Lateral,2,Overall Avg,MCMC,0.033994,,0.096050,0.801286,0.801286,1.000000
MI_1,MI Mild (μ=1.5),44,Lateral,2,Diseased Avg,Point Estimate,0.000368,0.019032,0.019032,,0.000000,
MI_1,MI Mild (μ=1.5),44,Lateral,2,Diseased Avg,MCMC,0.006472,,0.052984,0.572651,0.572651,1.000000
MI_1,MI Mild (μ=1.5),44,Lateral,2,Non-diseased Avg,Point Estimate,0.012296,0.089910,0.089910,,0.000000,
MI_1,MI Mild (μ=1.5),44,Lateral,2,Non-diseased Avg,MCMC,0.040874,,0.106817,0.858445,0.858445,1.000000
MI_1,MI Mild (μ=1.5),45,Lateral,2,Overall Avg,Point Estimate,0.004191,0.059916,0.059916,,0.000000,
MI_1,MI Mild (μ=1.5),45,Lateral,2,Overall Avg,MCMC,0.009778,,0.069093,0.879350,0.879350,1.000000
MI_1,MI Mild (μ=1.5),45,Lateral,2,Diseased Avg,Point Estimate,0.001775,0.041906,0.041906,,0.000000,
MI_1,MI Mild (μ=1.5),45,Lateral,2,Diseased Avg,MCMC,0.000733,,0.054023,0.868043,0.868043,1.000000
MI_1,MI Mild (μ=1.5),45,Lateral,2,Non-diseased Avg,Point Estimate,0.004795,0.064419,0.064419,,0.000000,
MI_1,MI Mild (μ=1.5),45,Lateral,2,Non-diseased Avg,MCMC,0.012039,,0.072860,0.882177,0.882177,1.000000
MI_1,MI Mild (μ=1.5),46,Lateral,2,Overall Avg,Point Estimate,0.001927,0.034327,0.034327,,0.000000,
MI_1,MI Mild (μ=1.5),46,Lateral,2,Overall Avg,MCMC,0.008224,,0.067551,0.901869,0.901869,1.000000
MI_1,MI Mild (μ=1.5),46,Lateral,2,Diseased Avg,Point Estimate,0.000453,0.020460,0.020460,,0.000000,
MI_1,MI Mild (μ=1.5),46,Lateral,2,Diseased Avg,MCMC,0.000512,,0.057448,0.985405,0.985405,1.000000
MI_1,MI Mild (μ=1.5),46,Lateral,2,Non-diseased Avg,Point Estimate,0.002296,0.037794,0.037794,,0.000000,
MI_1,MI Mild (μ=1.5),46,Lateral,2,Non-diseased Avg,MCMC,0.010152,,0.070077,0.880985,0.880985,1.000000
MI_1,MI Mild (μ=1.5),47,Lateral,2,Overall Avg,Point Estimate,0.001730,0.036507,0.036507,,0.000000,
MI_1,MI Mild (μ=1.5),47,Lateral,2,Overall Avg,MCMC,0.008060,,0.066134,0.900791,0.900791,1.000000
MI_1,MI Mild (μ=1.5),47,Lateral,2,Diseased Avg,Point Estimate,0.000770,0.025240,0.025240,,0.000000,
MI_1,MI Mild (μ=1.5),47,Lateral,2,Diseased Avg,MCMC,0.000182,,0.055872,0.947542,0.947542,1.000000
MI_1,MI Mild (μ=1.5),47,Lateral,2,Non-diseased Avg,Point Estimate,0.001970,0.039324,0.039324,,0.000000,
MI_1,MI Mild (μ=1.5),47,Lateral,2,Non-diseased Avg,MCMC,0.010029,,0.068700,0.889103,0.889103,1.000000
MI_1,MI Mild (μ=1.5),48,Lateral,2,Overall Avg,Point Estimate,0.037820,0.123786,0.123786,,0.000000,
MI_1,MI Mild (μ=1.5),48,Lateral,2,Overall Avg,MCMC,0.063783,,0.124577,0.774165,0.774165,1.000000
MI_1,MI Mild (μ=1.5),48,Lateral,2,Diseased Avg,Point Estimate,0.023561,0.153262,0.153262,,0.000000,
MI_1,MI Mild (μ=1.5),48,Lateral,2,Diseased Avg,MCMC,0.011363,,0.064266,0.532717,0.532717,1.000000
MI_1,MI Mild (μ=1.5),48,Lateral,2,Non-diseased Avg,Point Estimate,0.041385,0.116418,0.116418,,0.000000,
MI_1,MI Mild (μ=1.5),48,Lateral,2,Non-diseased Avg,MCMC,0.076888,,0.139655,0.834528,0.834528,1.000000
MI_1,MI Mild (μ=1.5),49,Lateral,2,Overall Avg,Point Estimate,0.025215,0.099611,0.099611,,0.000000,
MI_1,MI Mild (μ=1.5),49,Lateral,2,Overall Avg,MCMC,0.032717,,0.096778,0.819935,0.819935,1.000000
MI_1,MI Mild (μ=1.5),49,Lateral,2,Diseased Avg,Point Estimate,0.008259,0.090865,0.090865,,0.000000,
MI_1,MI Mild (μ=1.5),49,Lateral,2,Diseased Avg,MCMC,0.004062,,0.052294,0.673616,0.673616,1.000000
MI_1,MI Mild (μ=1.5),49,Lateral,2,Non-diseased Avg,Point Estimate,0.029454,0.101798,0.101798,,0.000000,
MI_1,MI Mild (μ=1.5),49,Lateral,2,Non-diseased Avg,MCMC,0.039881,,0.107899,0.856514,0.856514,1.000000
MI_1,MI Mild (μ=1.5),50,Lateral,2,Overall Avg,Point Estimate,0.001148,0.032211,0.032211,,0.000000,
MI_1,MI Mild (μ=1.5),50,Lateral,2,Overall Avg,MCMC,0.010720,,0.068981,0.859366,0.859366,1.000000
MI_1,MI Mild (μ=1.5),50,Lateral,2,Diseased Avg,Point Estimate,0.000626,0.023237,0.023237,,0.000000,
MI_1,MI Mild (μ=1.5),50,Lateral,2,Diseased Avg,MCMC,0.000783,,0.054410,0.869228,0.869228,1.000000
MI_1,MI Mild (μ=1.5),50,Lateral,2,Non-diseased Avg,Point Estimate,0.001278,0.034454,0.034454,,0.000000,
MI_1,MI Mild (μ=1.5),50,Lateral,2,Non-diseased Avg,MCMC,0.013204,,0.072624,0.856901,0.856901,1.000000
MI_1,MI Mild (μ=1.5),51,Lateral,2,Overall Avg,Point Estimate,0.008974,0.080912,0.080912,,0.000000,
MI_1,MI Mild (μ=1.5),51,Lateral,2,Overall Avg,MCMC,0.013787,,0.072398,0.861381,0.861381,1.000000
MI_1,MI Mild (μ=1.5),51,Lateral,2,Diseased Avg,Point Estimate,0.000821,0.028253,0.028253,,0.000000,
MI_1,MI Mild (μ=1.5),51,Lateral,2,Diseased Avg,MCMC,0.001097,,0.044417,0.686434,0.686434,1.000000
MI_1,MI Mild (μ=1.5),51,Lateral,2,Non-diseased Avg,Point Estimate,0.011012,0.094076,0.094076,,0.000000,
MI_1,MI Mild (μ=1.5),51,Lateral,2,Non-diseased Avg,MCMC,0.016960,,0.079393,0.905118,0.905118,1.000000
MI_1,MI Mild (μ=1.5),52,Lateral,2,Overall Avg,Point Estimate,0.001265,0.029142,0.029142,,0.000000,
MI_1,MI Mild (μ=1.5),52,Lateral,2,Overall Avg,MCMC,0.011407,,0.074912,0.953175,0.953175,1.000000
MI_1,MI Mild (μ=1.5),52,Lateral,2,Diseased Avg,Point Estimate,0.000789,0.022689,0.022689,,0.000000,
MI_1,MI Mild (μ=1.5),52,Lateral,2,Diseased Avg,MCMC,0.000621,,0.083033,1.289943,1.289943,1.000000
MI_1,MI Mild (μ=1.5),52,Lateral,2,Non-diseased Avg,Point Estimate,0.001384,0.030755,0.030755,,0.000000,
MI_1,MI Mild (μ=1.5),52,Lateral,2,Non-diseased Avg,MCMC,0.014103,,0.072882,0.868983,0.868983,1.000000
MI_1,MI Mild (μ=1.5),53,Lateral,2,Overall Avg,Point Estimate,0.003003,0.050349,0.050349,,0.000000,
MI_1,MI Mild (μ=1.5),53,Lateral,2,Overall Avg,MCMC,0.010040,,0.069057,0.858629,0.858629,1.000000
MI_1,MI Mild (μ=1.5),53,Lateral,2,Diseased Avg,Point Estimate,0.000514,0.022652,0.022652,,0.000000,
MI_1,MI Mild (μ=1.5),53,Lateral,2,Diseased Avg,MCMC,0.002001,,0.052510,0.805852,0.805852,1.000000
MI_1,MI Mild (μ=1.5),53,Lateral,2,Non-diseased Avg,Point Estimate,0.003625,0.057274,0.057274,,0.000000,
MI_1,MI Mild (μ=1.5),53,Lateral,2,Non-diseased Avg,MCMC,0.012049,,0.073194,0.871823,0.871823,1.000000
MI_1,MI Mild (μ=1.5),54,Lateral,2,Overall Avg,Point Estimate,0.003002,0.046021,0.046021,,0.000000,
MI_1,MI Mild (μ=1.5),54,Lateral,2,Overall Avg,MCMC,0.053606,,0.109136,0.882657,0.882657,1.000000
MI_1,MI Mild (μ=1.5),54,Lateral,2,Diseased Avg,Point Estimate,0.000415,0.015317,0.015317,,0.000000,
MI_1,MI Mild (μ=1.5),54,Lateral,2,Diseased Avg,MCMC,0.008015,,0.058409,0.662685,0.662685,1.000000
MI_1,MI Mild (μ=1.5),54,Lateral,2,Non-diseased Avg,Point Estimate,0.003649,0.053697,0.053697,,0.000000,
MI_1,MI Mild (μ=1.5),54,Lateral,2,Non-diseased Avg,MCMC,0.065004,,0.121818,0.937650,0.937650,1.000000
MI_1,MI Mild (μ=1.5),55,Lateral,2,Overall Avg,Point Estimate,0.025199,0.121304,0.121304,,0.000000,
MI_1,MI Mild (μ=1.5),55,Lateral,2,Overall Avg,MCMC,0.069476,,0.125623,0.806752,0.806752,1.000000
MI_1,MI Mild (μ=1.5),55,Lateral,2,Diseased Avg,Point Estimate,0.000914,0.022671,0.022671,,0.000000,
MI_1,MI Mild (μ=1.5),55,Lateral,2,Diseased Avg,MCMC,0.019376,,0.082839,0.516255,0.516255,1.000000
MI_1,MI Mild (μ=1.5),55,Lateral,2,Non-diseased Avg,Point Estimate,0.031271,0.145962,0.145962,,0.000000,
MI_1,MI Mild (μ=1.5),55,Lateral,2,Non-diseased Avg,MCMC,0.082001,,0.136319,0.879376,0.879376,1.000000
MI_1,MI Mild (μ=1.5),56,Lateral,2,Overall Avg,Point Estimate,0.014356,0.099612,0.099612,,0.000000,
MI_1,MI Mild (μ=1.5),56,Lateral,2,Overall Avg,MCMC,0.043958,,0.105219,0.794236,0.794236,1.000000
MI_1,MI Mild (μ=1.5),56,Lateral,2,Diseased Avg,Point Estimate,0.004713,0.067669,0.067669,,0.000000,
MI_1,MI Mild (μ=1.5),56,Lateral,2,Diseased Avg,MCMC,0.003851,,0.044612,0.539909,0.539909,1.000000
MI_1,MI Mild (μ=1.5),56,Lateral,2,Non-diseased Avg,Point Estimate,0.016767,0.107598,0.107598,,0.000000,
MI_1,MI Mild (μ=1.5),56,Lateral,2,Non-diseased Avg,MCMC,0.053985,,0.120371,0.857817,0.857817,1.000000
MI_1,MI Mild (μ=1.5),57,Lateral,2,Overall Avg,Point Estimate,0.010176,0.080046,0.080046,,0.000000,
MI_1,MI Mild (μ=1.5),57,Lateral,2,Overall Avg,MCMC,0.006938,,0.062432,0.846408,0.846408,1.000000
MI_1,MI Mild (μ=1.5),57,Lateral,2,Diseased Avg,Point Estimate,0.001185,0.033290,0.033290,,0.000000,
MI_1,MI Mild (μ=1.5),57,Lateral,2,Diseased Avg,MCMC,0.003065,,0.059788,0.932160,0.932160,1.000000
MI_1,MI Mild (μ=1.5),57,Lateral,2,Non-diseased Avg,Point Estimate,0.012423,0.091734,0.091734,,0.000000,
MI_1,MI Mild (μ=1.5),57,Lateral,2,Non-diseased Avg,MCMC,0.007906,,0.063094,0.824970,0.824970,1.000000
MI_1,MI Mild (μ=1.5),58,Lateral,2,Overall Avg,Point Estimate,0.030852,0.125101,0.125101,,0.000000,
MI_1,MI Mild (μ=1.5),58,Lateral,2,Overall Avg,MCMC,0.061127,,0.118434,0.765734,0.765734,1.000000
MI_1,MI Mild (μ=1.5),58,Lateral,2,Diseased Avg,Point Estimate,0.015527,0.124034,0.124034,,0.000000,
MI_1,MI Mild (μ=1.5),58,Lateral,2,Diseased Avg,MCMC,0.007943,,0.055567,0.493474,0.493474,1.000000
MI_1,MI Mild (μ=1.5),58,Lateral,2,Non-diseased Avg,Point Estimate,0.034683,0.125368,0.125368,,0.000000,
MI_1,MI Mild (μ=1.5),58,Lateral,2,Non-diseased Avg,MCMC,0.074423,,0.134151,0.833799,0.833799,1.000000
MI_1,MI Mild (μ=1.5),59,Lateral,2,Overall Avg,Point Estimate,0.012072,0.087952,0.087952,,0.000000,
MI_1,MI Mild (μ=1.5),59,Lateral,2,Overall Avg,MCMC,0.034089,,0.098852,0.890914,0.890914,1.000000
MI_1,MI Mild (μ=1.5),59,Lateral,2,Diseased Avg,Point Estimate,0.002049,0.045191,0.045191,,0.000000,
MI_1,MI Mild (μ=1.5),59,Lateral,2,Diseased Avg,MCMC,0.012095,,0.071650,0.804555,0.804555,1.000000
MI_1,MI Mild (μ=1.5),59,Lateral,2,Non-diseased Avg,Point Estimate,0.014577,0.098642,0.098642,,0.000000,
MI_1,MI Mild (μ=1.5),59,Lateral,2,Non-diseased Avg,MCMC,0.039587,,0.105653,0.912504,0.912504,1.000000
MI_1,MI Mild (μ=1.5),60,Septal,3,Overall Avg,Point Estimate,0.050391,0.168471,0.168471,,0.000000,
MI_1,MI Mild (μ=1.5),60,Septal,3,Overall Avg,MCMC,0.143755,,0.201572,4.479180,0.519050,0.800000
MI_1,MI Mild (μ=1.5),60,Septal,3,Diseased Avg,Point Estimate,0.018229,0.121846,0.121846,,0.000000,
MI_1,MI Mild (μ=1.5),60,Septal,3,Diseased Avg,MCMC,0.010218,,0.059617,0.229212,0.229212,1.000000
MI_1,MI Mild (μ=1.5),60,Septal,3,Non-diseased Avg,Point Estimate,0.058431,0.180127,0.180127,,0.000000,
MI_1,MI Mild (μ=1.5),60,Septal,3,Non-diseased Avg,MCMC,0.177140,,0.237061,5.541672,0.591509,0.750000
MI_1,MI Mild (μ=1.5),61,Septal,3,Overall Avg,Point Estimate,0.035015,0.129479,0.129479,,0.000000,
MI_1,MI Mild (μ=1.5),61,Septal,3,Overall Avg,MCMC,0.033932,,0.089798,0.903159,0.903159,1.000000
MI_1,MI Mild (μ=1.5),61,Septal,3,Diseased Avg,Point Estimate,0.117797,0.337081,0.337081,,0.000000,
MI_1,MI Mild (μ=1.5),61,Septal,3,Diseased Avg,MCMC,0.080803,,0.174443,1.802001,1.802001,1.000000
MI_1,MI Mild (μ=1.5),61,Septal,3,Non-diseased Avg,Point Estimate,0.014319,0.077579,0.077579,,0.000000,
MI_1,MI Mild (μ=1.5),61,Septal,3,Non-diseased Avg,MCMC,0.022215,,0.068637,0.678449,0.678449,1.000000
MI_1,MI Mild (μ=1.5),62,Septal,3,Overall Avg,Point Estimate,0.017647,0.096213,0.096213,,0.000000,
MI_1,MI Mild (μ=1.5),62,Septal,3,Overall Avg,MCMC,0.040808,,0.096984,0.947062,0.947062,1.000000
MI_1,MI Mild (μ=1.5),62,Septal,3,Diseased Avg,Point Estimate,0.050717,0.222658,0.222658,,0.000000,
MI_1,MI Mild (μ=1.5),62,Septal,3,Diseased Avg,MCMC,0.096721,,0.191229,1.836581,1.836581,1.000000
MI_1,MI Mild (μ=1.5),62,Septal,3,Non-diseased Avg,Point Estimate,0.009380,0.064602,0.064602,,0.000000,
MI_1,MI Mild (μ=1.5),62,Septal,3,Non-diseased Avg,MCMC,0.026830,,0.073423,0.724682,0.724682,1.000000
MI_1,MI Mild (μ=1.5),63,Septal,3,Overall Avg,Point Estimate,0.001487,0.033431,0.033431,,0.000000,
MI_1,MI Mild (μ=1.5),63,Septal,3,Overall Avg,MCMC,0.046728,,0.105150,0.856881,0.856881,1.000000
MI_1,MI Mild (μ=1.5),63,Septal,3,Diseased Avg,Point Estimate,0.002795,0.052792,0.052792,,0.000000,
MI_1,MI Mild (μ=1.5),63,Septal,3,Diseased Avg,MCMC,0.107451,,0.198093,1.392388,1.392388,1.000000
MI_1,MI Mild (μ=1.5),63,Septal,3,Non-diseased Avg,Point Estimate,0.001160,0.028591,0.028591,,0.000000,
MI_1,MI Mild (μ=1.5),63,Septal,3,Non-diseased Avg,MCMC,0.031547,,0.081915,0.723004,0.723004,1.000000
MI_1,MI Mild (μ=1.5),64,Septal,3,Overall Avg,Point Estimate,0.013912,0.090158,0.090158,,0.000000,
MI_1,MI Mild (μ=1.5),64,Septal,3,Overall Avg,MCMC,0.058600,,0.119118,0.832057,0.832057,1.000000
MI_1,MI Mild (μ=1.5),64,Septal,3,Diseased Avg,Point Estimate,0.003802,0.061637,0.061637,,0.000000,
MI_1,MI Mild (μ=1.5),64,Septal,3,Diseased Avg,MCMC,0.126165,,0.219191,1.387100,1.387100,1.000000
MI_1,MI Mild (μ=1.5),64,Septal,3,Non-diseased Avg,Point Estimate,0.016440,0.097288,0.097288,,0.000000,
MI_1,MI Mild (μ=1.5),64,Septal,3,Non-diseased Avg,MCMC,0.041709,,0.094100,0.693296,0.693296,1.000000
MI_1,MI Mild (μ=1.5),65,Septal,3,Overall Avg,Point Estimate,0.005605,0.066604,0.066604,,0.000000,
MI_1,MI Mild (μ=1.5),65,Septal,3,Overall Avg,MCMC,0.043463,,0.101770,0.891808,0.891808,1.000000
MI_1,MI Mild (μ=1.5),65,Septal,3,Diseased Avg,Point Estimate,0.012614,0.108358,0.108358,,0.000000,
MI_1,MI Mild (μ=1.5),65,Septal,3,Diseased Avg,MCMC,0.063538,,0.149245,1.437203,1.437203,1.000000
MI_1,MI Mild (μ=1.5),65,Septal,3,Non-diseased Avg,Point Estimate,0.003853,0.056165,0.056165,,0.000000,
MI_1,MI Mild (μ=1.5),65,Septal,3,Non-diseased Avg,MCMC,0.038444,,0.089901,0.755459,0.755459,1.000000
MI_1,MI Mild (μ=1.5),66,Septal,3,Overall Avg,Point Estimate,0.042149,0.152478,0.152478,,0.000000,
MI_1,MI Mild (μ=1.5),66,Septal,3,Overall Avg,MCMC,0.076508,,0.121269,0.759785,0.759785,1.000000
MI_1,MI Mild (μ=1.5),66,Septal,3,Diseased Avg,Point Estimate,0.011532,0.103287,0.103287,,0.000000,
MI_1,MI Mild (μ=1.5),66,Septal,3,Diseased Avg,MCMC,0.000272,,0.042861,0.769153,0.769153,1.000000
MI_1,MI Mild (μ=1.5),66,Septal,3,Non-diseased Avg,Point Estimate,0.049803,0.164776,0.164776,,0.000000,
MI_1,MI Mild (μ=1.5),66,Septal,3,Non-diseased Avg,MCMC,0.095567,,0.140871,0.757442,0.757442,1.000000
MI_1,MI Mild (μ=1.5),67,Septal,3,Overall Avg,Point Estimate,0.037207,0.133362,0.133362,,0.000000,
MI_1,MI Mild (μ=1.5),67,Septal,3,Overall Avg,MCMC,0.048807,,0.096498,0.766033,0.766033,1.000000
MI_1,MI Mild (μ=1.5),67,Septal,3,Diseased Avg,Point Estimate,0.061637,0.245058,0.245058,,0.000000,
MI_1,MI Mild (μ=1.5),67,Septal,3,Diseased Avg,MCMC,0.002783,,0.051234,0.779337,0.779337,1.000000
MI_1,MI Mild (μ=1.5),67,Septal,3,Non-diseased Avg,Point Estimate,0.031099,0.105438,0.105438,,0.000000,
MI_1,MI Mild (μ=1.5),67,Septal,3,Non-diseased Avg,MCMC,0.060314,,0.107813,0.762706,0.762706,1.000000
MI_1,MI Mild (μ=1.5),68,Septal,3,Overall Avg,Point Estimate,0.008286,0.071531,0.071531,,0.000000,
MI_1,MI Mild (μ=1.5),68,Septal,3,Overall Avg,MCMC,0.027182,,0.081840,0.871988,0.871988,1.000000
MI_1,MI Mild (μ=1.5),68,Septal,3,Diseased Avg,Point Estimate,0.015833,0.120287,0.120287,,0.000000,
MI_1,MI Mild (μ=1.5),68,Septal,3,Diseased Avg,MCMC,0.034411,,0.121143,1.397871,1.397871,1.000000
MI_1,MI Mild (μ=1.5),68,Septal,3,Non-diseased Avg,Point Estimate,0.006399,0.059343,0.059343,,0.000000,
MI_1,MI Mild (μ=1.5),68,Septal,3,Non-diseased Avg,MCMC,0.025374,,0.072014,0.740517,0.740517,1.000000
MI_1,MI Mild (μ=1.5),69,Septal,3,Overall Avg,Point Estimate,0.015683,0.086514,0.086514,,0.000000,
MI_1,MI Mild (μ=1.5),69,Septal,3,Overall Avg,MCMC,0.040290,,0.098383,0.896285,0.896285,1.000000
MI_1,MI Mild (μ=1.5),69,Septal,3,Diseased Avg,Point Estimate,0.056716,0.228764,0.228764,,0.000000,
MI_1,MI Mild (μ=1.5),69,Septal,3,Diseased Avg,MCMC,0.075059,,0.165345,1.632189,1.632189,1.000000
MI_1,MI Mild (μ=1.5),69,Septal,3,Non-diseased Avg,Point Estimate,0.005424,0.050951,0.050951,,0.000000,
MI_1,MI Mild (μ=1.5),69,Septal,3,Non-diseased Avg,MCMC,0.031597,,0.081642,0.712309,0.712309,1.000000
MI_1,MI Mild (μ=1.5),70,Septal,3,Overall Avg,Point Estimate,0.038189,0.129192,0.129192,,0.000000,
MI_1,MI Mild (μ=1.5),70,Septal,3,Overall Avg,MCMC,0.028185,,0.088302,1.011259,1.011259,1.000000
MI_1,MI Mild (μ=1.5),70,Septal,3,Diseased Avg,Point Estimate,0.149991,0.380812,0.380812,,0.000000,
MI_1,MI Mild (μ=1.5),70,Septal,3,Diseased Avg,MCMC,0.059365,,0.172689,2.144531,2.144531,1.000000
MI_1,MI Mild (μ=1.5),70,Septal,3,Non-diseased Avg,Point Estimate,0.010238,0.066287,0.066287,,0.000000,
MI_1,MI Mild (μ=1.5),70,Septal,3,Non-diseased Avg,MCMC,0.020390,,0.067205,0.727941,0.727941,1.000000
MI_1,MI Mild (μ=1.5),71,Septal,3,Overall Avg,Point Estimate,0.013858,0.088337,0.088337,,0.000000,
MI_1,MI Mild (μ=1.5),71,Septal,3,Overall Avg,MCMC,0.044280,,0.101484,0.782306,0.782306,1.000000
MI_1,MI Mild (μ=1.5),71,Septal,3,Diseased Avg,Point Estimate,0.029541,0.169321,0.169321,,0.000000,
MI_1,MI Mild (μ=1.5),71,Septal,3,Diseased Avg,MCMC,0.050219,,0.135199,0.976106,0.976106,1.000000
MI_1,MI Mild (μ=1.5),71,Septal,3,Non-diseased Avg,Point Estimate,0.009937,0.068091,0.068091,,0.000000,
MI_1,MI Mild (μ=1.5),71,Septal,3,Non-diseased Avg,MCMC,0.042796,,0.093056,0.733856,0.733856,1.000000
MI_1,MI Mild (μ=1.5),72,Septal,3,Overall Avg,Point Estimate,0.006805,0.059136,0.059136,,0.000000,
MI_1,MI Mild (μ=1.5),72,Septal,3,Overall Avg,MCMC,0.061031,,0.121568,0.869473,0.869473,1.000000
MI_1,MI Mild (μ=1.5),72,Septal,3,Diseased Avg,Point Estimate,0.028919,0.170031,0.170031,,0.000000,
MI_1,MI Mild (μ=1.5),72,Septal,3,Diseased Avg,MCMC,0.150740,,0.232526,1.594635,1.594635,1.000000
MI_1,MI Mild (μ=1.5),72,Septal,3,Non-diseased Avg,Point Estimate,0.001277,0.031412,0.031412,,0.000000,
MI_1,MI Mild (μ=1.5),72,Septal,3,Non-diseased Avg,MCMC,0.038604,,0.093828,0.688183,0.688183,1.000000
MI_1,MI Mild (μ=1.5),73,Septal,3,Overall Avg,Point Estimate,0.021063,0.105963,0.105963,,0.000000,
MI_1,MI Mild (μ=1.5),73,Septal,3,Overall Avg,MCMC,0.058387,,0.120624,0.794333,0.794333,1.000000
MI_1,MI Mild (μ=1.5),73,Septal,3,Diseased Avg,Point Estimate,0.007396,0.080556,0.080556,,0.000000,
MI_1,MI Mild (μ=1.5),73,Septal,3,Diseased Avg,MCMC,0.076772,,0.161125,1.202660,1.202660,1.000000
MI_1,MI Mild (μ=1.5),73,Septal,3,Non-diseased Avg,Point Estimate,0.024480,0.112315,0.112315,,0.000000,
MI_1,MI Mild (μ=1.5),73,Septal,3,Non-diseased Avg,MCMC,0.053790,,0.110499,0.692252,0.692252,1.000000
MI_1,MI Mild (μ=1.5),74,Septal,3,Overall Avg,Point Estimate,0.016938,0.096383,0.096383,,0.000000,
MI_1,MI Mild (μ=1.5),74,Septal,3,Overall Avg,MCMC,0.039702,,0.093953,0.904203,0.904203,1.000000
MI_1,MI Mild (μ=1.5),74,Septal,3,Diseased Avg,Point Estimate,0.038712,0.195912,0.195912,,0.000000,
MI_1,MI Mild (μ=1.5),74,Septal,3,Diseased Avg,MCMC,0.117135,,0.200067,1.822056,1.822056,1.000000
MI_1,MI Mild (μ=1.5),74,Septal,3,Non-diseased Avg,Point Estimate,0.011495,0.071500,0.071500,,0.000000,
MI_1,MI Mild (μ=1.5),74,Septal,3,Non-diseased Avg,MCMC,0.020344,,0.067424,0.674739,0.674739,1.000000
MI_1,MI Mild (μ=1.5),75,Septal,3,Overall Avg,Point Estimate,0.027879,0.114079,0.114079,,0.000000,
MI_1,MI Mild (μ=1.5),75,Septal,3,Overall Avg,MCMC,0.042634,,0.100851,0.948284,0.948284,1.000000
MI_1,MI Mild (μ=1.5),75,Septal,3,Diseased Avg,Point Estimate,0.112867,0.328044,0.328044,,0.000000,
MI_1,MI Mild (μ=1.5),75,Septal,3,Diseased Avg,MCMC,0.096463,,0.184607,1.962710,1.962710,1.000000
MI_1,MI Mild (μ=1.5),75,Septal,3,Non-diseased Avg,Point Estimate,0.006632,0.060588,0.060588,,0.000000,
MI_1,MI Mild (μ=1.5),75,Septal,3,Non-diseased Avg,MCMC,0.029176,,0.079912,0.694677,0.694677,1.000000
MI_1,MI Mild (μ=1.5),76,Septal,3,Overall Avg,Point Estimate,0.019786,0.097516,0.097516,,0.000000,
MI_1,MI Mild (μ=1.5),76,Septal,3,Overall Avg,MCMC,0.043964,,0.104085,0.818340,0.818340,1.000000
MI_1,MI Mild (μ=1.5),76,Septal,3,Diseased Avg,Point Estimate,0.075256,0.263177,0.263177,,0.000000,
MI_1,MI Mild (μ=1.5),76,Septal,3,Diseased Avg,MCMC,0.040478,,0.130288,1.351470,1.351470,1.000000
MI_1,MI Mild (μ=1.5),76,Septal,3,Non-diseased Avg,Point Estimate,0.005918,0.056101,0.056101,,0.000000,
MI_1,MI Mild (μ=1.5),76,Septal,3,Non-diseased Avg,MCMC,0.044835,,0.097534,0.685057,0.685057,1.000000
MI_1,MI Mild (μ=1.5),77,Septal,3,Overall Avg,Point Estimate,0.019129,0.102308,0.102308,,0.000000,
MI_1,MI Mild (μ=1.5),77,Septal,3,Overall Avg,MCMC,0.015148,,0.078377,1.032588,1.032588,1.000000
MI_1,MI Mild (μ=1.5),77,Septal,3,Diseased Avg,Point Estimate,0.059707,0.241232,0.241232,,0.000000,
MI_1,MI Mild (μ=1.5),77,Septal,3,Diseased Avg,MCMC,0.032209,,0.170671,2.310833,2.310833,1.000000
MI_1,MI Mild (μ=1.5),77,Septal,3,Non-diseased Avg,Point Estimate,0.008984,0.067577,0.067577,,0.000000,
MI_1,MI Mild (μ=1.5),77,Septal,3,Non-diseased Avg,MCMC,0.010882,,0.055303,0.713027,0.713027,1.000000
MI_1,MI Mild (μ=1.5),78,Septal,3,Overall Avg,Point Estimate,0.024400,0.112074,0.112074,,0.000000,
MI_1,MI Mild (μ=1.5),78,Septal,3,Overall Avg,MCMC,0.060241,,0.117266,0.754724,0.754724,1.000000
MI_1,MI Mild (μ=1.5),78,Septal,3,Diseased Avg,Point Estimate,0.002089,0.045640,0.045640,,0.000000,
MI_1,MI Mild (μ=1.5),78,Septal,3,Diseased Avg,MCMC,0.054064,,0.139166,1.037726,1.037726,1.000000
MI_1,MI Mild (μ=1.5),78,Septal,3,Non-diseased Avg,Point Estimate,0.029978,0.128682,0.128682,,0.000000,
MI_1,MI Mild (μ=1.5),78,Septal,3,Non-diseased Avg,MCMC,0.061785,,0.111791,0.683973,0.683973,1.000000
MI_1,MI Mild (μ=1.5),79,Septal,3,Overall Avg,Point Estimate,0.005159,0.060220,0.060220,,0.000000,
MI_1,MI Mild (μ=1.5),79,Septal,3,Overall Avg,MCMC,0.055003,,0.116604,0.780825,0.780825,1.000000
MI_1,MI Mild (μ=1.5),79,Septal,3,Diseased Avg,Point Estimate,0.012561,0.109629,0.109629,,0.000000,
MI_1,MI Mild (μ=1.5),79,Septal,3,Diseased Avg,MCMC,0.061997,,0.139491,0.970671,0.970671,1.000000
MI_1,MI Mild (μ=1.5),79,Septal,3,Non-diseased Avg,Point Estimate,0.003309,0.047868,0.047868,,0.000000,
MI_1,MI Mild (μ=1.5),79,Septal,3,Non-diseased Avg,MCMC,0.053255,,0.110882,0.733363,0.733363,1.000000
MI_1,MI Mild (μ=1.5),80,Apical,4,Overall Avg,Point Estimate,0.019948,0.111736,0.111736,,0.000000,
MI_1,MI Mild (μ=1.5),80,Apical,4,Overall Avg,MCMC,0.040639,,0.098118,0.811220,0.811220,1.000000
MI_1,MI Mild (μ=1.5),80,Apical,4,Diseased Avg,Point Estimate,0.000319,0.017142,0.017142,,0.000000,
MI_1,MI Mild (μ=1.5),80,Apical,4,Diseased Avg,MCMC,0.000081,,0.030605,0.525967,0.525967,1.000000
MI_1,MI Mild (μ=1.5),80,Apical,4,Non-diseased Avg,Point Estimate,0.024855,0.135384,0.135384,,0.000000,
MI_1,MI Mild (μ=1.5),80,Apical,4,Non-diseased Avg,MCMC,0.050779,,0.114996,0.882534,0.882534,1.000000
MI_1,MI Mild (μ=1.5),81,Apical,4,Overall Avg,Point Estimate,0.014706,0.115960,0.115960,,0.000000,
MI_1,MI Mild (μ=1.5),81,Apical,4,Overall Avg,MCMC,0.025594,,0.089399,0.935202,0.935202,1.000000
MI_1,MI Mild (μ=1.5),81,Apical,4,Diseased Avg,Point Estimate,0.006405,0.079797,0.079797,,0.000000,
MI_1,MI Mild (μ=1.5),81,Apical,4,Diseased Avg,MCMC,0.002070,,0.067521,1.034556,1.034556,1.000000
MI_1,MI Mild (μ=1.5),81,Apical,4,Non-diseased Avg,Point Estimate,0.016782,0.125001,0.125001,,0.000000,
MI_1,MI Mild (μ=1.5),81,Apical,4,Non-diseased Avg,MCMC,0.031475,,0.094868,0.910363,0.910363,1.000000
MI_1,MI Mild (μ=1.5),82,Apical,4,Overall Avg,Point Estimate,0.036400,0.128576,0.128576,,0.000000,
MI_1,MI Mild (μ=1.5),82,Apical,4,Overall Avg,MCMC,0.054861,,0.110870,0.781814,0.781814,1.000000
MI_1,MI Mild (μ=1.5),82,Apical,4,Diseased Avg,Point Estimate,0.005034,0.067970,0.067970,,0.000000,
MI_1,MI Mild (μ=1.5),82,Apical,4,Diseased Avg,MCMC,0.000275,,0.026287,0.415680,0.415680,1.000000
MI_1,MI Mild (μ=1.5),82,Apical,4,Non-diseased Avg,Point Estimate,0.044241,0.143727,0.143727,,0.000000,
MI_1,MI Mild (μ=1.5),82,Apical,4,Non-diseased Avg,MCMC,0.068508,,0.132016,0.873347,0.873347,1.000000
MI_1,MI Mild (μ=1.5),83,Apical,4,Overall Avg,Point Estimate,0.042850,0.169343,0.169343,,0.000000,
MI_1,MI Mild (μ=1.5),83,Apical,4,Overall Avg,MCMC,0.080276,,0.145495,0.766829,0.766829,1.000000
MI_1,MI Mild (μ=1.5),83,Apical,4,Diseased Avg,Point Estimate,0.000377,0.019369,0.019369,,0.000000,
MI_1,MI Mild (μ=1.5),83,Apical,4,Diseased Avg,MCMC,0.012984,,0.066963,0.468879,0.468879,1.000000
MI_1,MI Mild (μ=1.5),83,Apical,4,Non-diseased Avg,Point Estimate,0.053468,0.206836,0.206836,,0.000000,
MI_1,MI Mild (μ=1.5),83,Apical,4,Non-diseased Avg,MCMC,0.097099,,0.165128,0.841317,0.841317,1.000000
MI_1,MI Mild (μ=1.5),84,Apical,4,Overall Avg,Point Estimate,0.009972,0.078036,0.078036,,0.000000,
MI_1,MI Mild (μ=1.5),84,Apical,4,Overall Avg,MCMC,0.040972,,0.096453,0.820381,0.820381,1.000000
MI_1,MI Mild (μ=1.5),84,Apical,4,Diseased Avg,Point Estimate,0.000398,0.015836,0.015836,,0.000000,
MI_1,MI Mild (μ=1.5),84,Apical,4,Diseased Avg,MCMC,0.000124,,0.032240,0.521178,0.521178,1.000000
MI_1,MI Mild (μ=1.5),84,Apical,4,Non-diseased Avg,Point Estimate,0.012366,0.093586,0.093586,,0.000000,
MI_1,MI Mild (μ=1.5),84,Apical,4,Non-diseased Avg,MCMC,0.051184,,0.112506,0.895182,0.895182,1.000000
MI_1,MI Mild (μ=1.5),85,Apical,4,Overall Avg,Point Estimate,0.038528,0.149315,0.149315,,0.000000,
MI_1,MI Mild (μ=1.5),85,Apical,4,Overall Avg,MCMC,0.039302,,0.099971,0.921959,0.921959,1.000000
MI_1,MI Mild (μ=1.5),85,Apical,4,Diseased Avg,Point Estimate,0.020149,0.140933,0.140933,,0.000000,
MI_1,MI Mild (μ=1.5),85,Apical,4,Diseased Avg,MCMC,0.000975,,0.057217,0.853877,0.853877,1.000000
MI_1,MI Mild (μ=1.5),85,Apical,4,Non-diseased Avg,Point Estimate,0.043123,0.151410,0.151410,,0.000000,
MI_1,MI Mild (μ=1.5),85,Apical,4,Non-diseased Avg,MCMC,0.048884,,0.110659,0.938980,0.938980,1.000000
MI_1,MI Mild (μ=1.5),86,Apical,4,Overall Avg,Point Estimate,0.011176,0.100426,0.100426,,0.000000,
MI_1,MI Mild (μ=1.5),86,Apical,4,Overall Avg,MCMC,0.027240,,0.090731,0.933910,0.933910,1.000000
MI_1,MI Mild (μ=1.5),86,Apical,4,Diseased Avg,Point Estimate,0.011365,0.106062,0.106062,,0.000000,
MI_1,MI Mild (μ=1.5),86,Apical,4,Diseased Avg,MCMC,0.000575,,0.061732,0.970455,0.970455,1.000000
MI_1,MI Mild (μ=1.5),86,Apical,4,Non-diseased Avg,Point Estimate,0.011129,0.099017,0.099017,,0.000000,
MI_1,MI Mild (μ=1.5),86,Apical,4,Non-diseased Avg,MCMC,0.033906,,0.097980,0.924773,0.924773,1.000000
MI_1,MI Mild (μ=1.5),87,Apical,4,Overall Avg,Point Estimate,0.006648,0.072071,0.072071,,0.000000,
MI_1,MI Mild (μ=1.5),87,Apical,4,Overall Avg,MCMC,0.025087,,0.085141,0.865894,0.865894,1.000000
MI_1,MI Mild (μ=1.5),87,Apical,4,Diseased Avg,Point Estimate,0.000289,0.016354,0.016354,,0.000000,
MI_1,MI Mild (μ=1.5),87,Apical,4,Diseased Avg,MCMC,0.003005,,0.051824,0.752209,0.752209,1.000000
MI_1,MI Mild (μ=1.5),87,Apical,4,Non-diseased Avg,Point Estimate,0.008237,0.086000,0.086000,,0.000000,
MI_1,MI Mild (μ=1.5),87,Apical,4,Non-diseased Avg,MCMC,0.030607,,0.093470,0.894315,0.894315,1.000000
MI_1,MI Mild (μ=1.5),88,Apical,4,Overall Avg,Point Estimate,0.004129,0.055995,0.055995,,0.000000,
MI_1,MI Mild (μ=1.5),88,Apical,4,Overall Avg,MCMC,0.022333,,0.088795,1.011096,1.011096,1.000000
MI_1,MI Mild (μ=1.5),88,Apical,4,Diseased Avg,Point Estimate,0.000148,0.010725,0.010725,,0.000000,
MI_1,MI Mild (μ=1.5),88,Apical,4,Diseased Avg,MCMC,0.004721,,0.066911,1.032768,1.032768,1.000000
MI_1,MI Mild (μ=1.5),88,Apical,4,Non-diseased Avg,Point Estimate,0.005124,0.067313,0.067313,,0.000000,
MI_1,MI Mild (μ=1.5),88,Apical,4,Non-diseased Avg,MCMC,0.026736,,0.094266,1.005678,1.005678,1.000000
MI_1,MI Mild (μ=1.5),89,Apical,4,Overall Avg,Point Estimate,0.015836,0.105087,0.105087,,0.000000,
MI_1,MI Mild (μ=1.5),89,Apical,4,Overall Avg,MCMC,0.046839,,0.100000,0.804782,0.804782,1.000000
MI_1,MI Mild (μ=1.5),89,Apical,4,Diseased Avg,Point Estimate,0.000249,0.014224,0.014224,,0.000000,
MI_1,MI Mild (μ=1.5),89,Apical,4,Diseased Avg,MCMC,0.000223,,0.033491,0.515320,0.515320,1.000000
MI_1,MI Mild (μ=1.5),89,Apical,4,Non-diseased Avg,Point Estimate,0.019733,0.127802,0.127802,,0.000000,
MI_1,MI Mild (μ=1.5),89,Apical,4,Non-diseased Avg,MCMC,0.058493,,0.116627,0.877147,0.877147,1.000000
MI_1,MI Mild (μ=1.5),90,Apical,4,Overall Avg,Point Estimate,0.033322,0.159468,0.159468,,0.000000,
MI_1,MI Mild (μ=1.5),90,Apical,4,Overall Avg,MCMC,0.054801,,0.110613,0.809947,0.809947,1.000000
MI_1,MI Mild (μ=1.5),90,Apical,4,Diseased Avg,Point Estimate,0.001288,0.035824,0.035824,,0.000000,
MI_1,MI Mild (μ=1.5),90,Apical,4,Diseased Avg,MCMC,0.000310,,0.037092,0.588186,0.588186,1.000000
MI_1,MI Mild (μ=1.5),90,Apical,4,Non-diseased Avg,Point Estimate,0.041330,0.190379,0.190379,,0.000000,
MI_1,MI Mild (μ=1.5),90,Apical,4,Non-diseased Avg,MCMC,0.068424,,0.128994,0.865388,0.865388,1.000000
MI_1,MI Mild (μ=1.5),91,Apical,4,Overall Avg,Point Estimate,0.036522,0.140915,0.140915,,0.000000,
MI_1,MI Mild (μ=1.5),91,Apical,4,Overall Avg,MCMC,0.036598,,0.095996,0.868218,0.868218,1.000000
MI_1,MI Mild (μ=1.5),91,Apical,4,Diseased Avg,Point Estimate,0.002290,0.047539,0.047539,,0.000000,
MI_1,MI Mild (μ=1.5),91,Apical,4,Diseased Avg,MCMC,0.001388,,0.052417,0.823297,0.823297,1.000000
MI_1,MI Mild (μ=1.5),91,Apical,4,Non-diseased Avg,Point Estimate,0.045080,0.164259,0.164259,,0.000000,
MI_1,MI Mild (μ=1.5),91,Apical,4,Non-diseased Avg,MCMC,0.045401,,0.106891,0.879448,0.879448,1.000000
MI_1,MI Mild (μ=1.5),92,Apical,4,Overall Avg,Point Estimate,0.004171,0.056684,0.056684,,0.000000,
MI_1,MI Mild (μ=1.5),92,Apical,4,Overall Avg,MCMC,0.017299,,0.084386,0.976586,0.976586,1.000000
MI_1,MI Mild (μ=1.5),92,Apical,4,Diseased Avg,Point Estimate,0.000063,0.006095,0.006095,,0.000000,
MI_1,MI Mild (μ=1.5),92,Apical,4,Diseased Avg,MCMC,0.005774,,0.067164,0.972501,0.972501,1.000000
MI_1,MI Mild (μ=1.5),92,Apical,4,Non-diseased Avg,Point Estimate,0.005198,0.069332,0.069332,,0.000000,
MI_1,MI Mild (μ=1.5),92,Apical,4,Non-diseased Avg,MCMC,0.020180,,0.088691,0.977607,0.977607,1.000000
MI_1,MI Mild (μ=1.5),93,Apical,4,Overall Avg,Point Estimate,0.004621,0.065801,0.065801,,0.000000,
MI_1,MI Mild (μ=1.5),93,Apical,4,Overall Avg,MCMC,0.019074,,0.085467,0.967586,0.967586,1.000000
MI_1,MI Mild (μ=1.5),93,Apical,4,Diseased Avg,Point Estimate,0.004576,0.066647,0.066647,,0.000000,
MI_1,MI Mild (μ=1.5),93,Apical,4,Diseased Avg,MCMC,0.005938,,0.073168,1.038096,1.038096,1.000000
MI_1,MI Mild (μ=1.5),93,Apical,4,Non-diseased Avg,Point Estimate,0.004632,0.065590,0.065590,,0.000000,
MI_1,MI Mild (μ=1.5),93,Apical,4,Non-diseased Avg,MCMC,0.022357,,0.088541,0.949958,0.949958,1.000000
MI_1,MI Mild (μ=1.5),94,Apical,4,Overall Avg,Point Estimate,0.025202,0.115762,0.115762,,0.000000,
MI_1,MI Mild (μ=1.5),94,Apical,4,Overall Avg,MCMC,0.052369,,0.109869,0.844331,0.844331,1.000000
MI_1,MI Mild (μ=1.5),94,Apical,4,Diseased Avg,Point Estimate,0.000071,0.007899,0.007899,,0.000000,
MI_1,MI Mild (μ=1.5),94,Apical,4,Diseased Avg,MCMC,0.000200,,0.043964,0.686379,0.686379,1.000000
MI_1,MI Mild (μ=1.5),94,Apical,4,Non-diseased Avg,Point Estimate,0.031484,0.142728,0.142728,,0.000000,
MI_1,MI Mild (μ=1.5),94,Apical,4,Non-diseased Avg,MCMC,0.065411,,0.126346,0.883819,0.883819,1.000000
MI_1,MI Mild (μ=1.5),95,Apical,4,Overall Avg,Point Estimate,0.042150,0.130338,0.130338,,0.000000,
MI_1,MI Mild (μ=1.5),95,Apical,4,Overall Avg,MCMC,0.060156,,0.121996,0.759390,0.759390,1.000000
MI_1,MI Mild (μ=1.5),95,Apical,4,Diseased Avg,Point Estimate,0.000586,0.023726,0.023726,,0.000000,
MI_1,MI Mild (μ=1.5),95,Apical,4,Diseased Avg,MCMC,0.000008,,0.028858,0.503924,0.503924,1.000000
MI_1,MI Mild (μ=1.5),95,Apical,4,Non-diseased Avg,Point Estimate,0.052541,0.156990,0.156990,,0.000000,
MI_1,MI Mild (μ=1.5),95,Apical,4,Non-diseased Avg,MCMC,0.075193,,0.145280,0.823257,0.823257,1.000000
MI_1,MI Mild (μ=1.5),96,Apical,4,Overall Avg,Point Estimate,0.004184,0.059985,0.059985,,0.000000,
MI_1,MI Mild (μ=1.5),96,Apical,4,Overall Avg,MCMC,0.043887,,0.104024,0.854100,0.854100,1.000000
MI_1,MI Mild (μ=1.5),96,Apical,4,Diseased Avg,Point Estimate,0.002832,0.053052,0.053052,,0.000000,
MI_1,MI Mild (μ=1.5),96,Apical,4,Diseased Avg,MCMC,0.000356,,0.045280,0.696950,0.696950,1.000000
MI_1,MI Mild (μ=1.5),96,Apical,4,Non-diseased Avg,Point Estimate,0.004522,0.061718,0.061718,,0.000000,
MI_1,MI Mild (μ=1.5),96,Apical,4,Non-diseased Avg,MCMC,0.054769,,0.118710,0.893387,0.893387,1.000000
MI_1,MI Mild (μ=1.5),97,Apical,4,Overall Avg,Point Estimate,0.002523,0.039008,0.039008,,0.000000,
MI_1,MI Mild (μ=1.5),97,Apical,4,Overall Avg,MCMC,0.019593,,0.086549,1.007050,1.007050,1.000000
MI_1,MI Mild (μ=1.5),97,Apical,4,Diseased Avg,Point Estimate,0.000456,0.021185,0.021185,,0.000000,
MI_1,MI Mild (μ=1.5),97,Apical,4,Diseased Avg,MCMC,0.011568,,0.082613,1.095211,1.095211,1.000000
MI_1,MI Mild (μ=1.5),97,Apical,4,Non-diseased Avg,Point Estimate,0.003040,0.043464,0.043464,,0.000000,
MI_1,MI Mild (μ=1.5),97,Apical,4,Non-diseased Avg,MCMC,0.021600,,0.087533,0.985010,0.985010,1.000000
MI_1,MI Mild (μ=1.5),98,Apical,4,Overall Avg,Point Estimate,0.014844,0.107629,0.107629,,0.000000,
MI_1,MI Mild (μ=1.5),98,Apical,4,Overall Avg,MCMC,0.047558,,0.107303,0.888143,0.888143,1.000000
MI_1,MI Mild (μ=1.5),98,Apical,4,Diseased Avg,Point Estimate,0.011297,0.105675,0.105675,,0.000000,
MI_1,MI Mild (μ=1.5),98,Apical,4,Diseased Avg,MCMC,0.000742,,0.054747,0.881983,0.881983,1.000000
MI_1,MI Mild (μ=1.5),98,Apical,4,Non-diseased Avg,Point Estimate,0.015731,0.108117,0.108117,,0.000000,
MI_1,MI Mild (μ=1.5),98,Apical,4,Non-diseased Avg,MCMC,0.059262,,0.120442,0.889682,0.889682,1.000000
MI_1,MI Mild (μ=1.5),99,Apical,4,Overall Avg,Point Estimate,0.003577,0.054870,0.054870,,0.000000,
MI_1,MI Mild (μ=1.5),99,Apical,4,Overall Avg,MCMC,0.035141,,0.093726,0.879047,0.879047,1.000000
MI_1,MI Mild (μ=1.5),99,Apical,4,Diseased Avg,Point Estimate,0.001874,0.043281,0.043281,,0.000000,
MI_1,MI Mild (μ=1.5),99,Apical,4,Diseased Avg,MCMC,0.000047,,0.048315,0.754794,0.754794,1.000000
MI_1,MI Mild (μ=1.5),99,Apical,4,Non-diseased Avg,Point Estimate,0.004003,0.057767,0.057767,,0.000000,
MI_1,MI Mild (μ=1.5),99,Apical,4,Non-diseased Avg,MCMC,0.043915,,0.105078,0.910111,0.910111,1.000000
MI_2,MI Moderate (μ=2.0),0,Anterior,0,Overall Avg,Point Estimate,0.002591,0.032948,0.032948,,0.000000,
MI_2,MI Moderate (μ=2.0),0,Anterior,0,Overall Avg,MCMC,0.037133,,0.094311,0.852994,0.852994,1.000000
MI_2,MI Moderate (μ=2.0),0,Anterior,0,Diseased Avg,Point Estimate,0.000961,0.024980,0.024980,,0.000000,
MI_2,MI Moderate (μ=2.0),0,Anterior,0,Diseased Avg,MCMC,0.001806,,0.070917,1.079946,1.079946,1.000000
MI_2,MI Moderate (μ=2.0),0,Anterior,0,Non-diseased Avg,Point Estimate,0.002998,0.034940,0.034940,,0.000000,
MI_2,MI Moderate (μ=2.0),0,Anterior,0,Non-diseased Avg,MCMC,0.045965,,0.100160,0.796256,0.796256,1.000000
MI_2,MI Moderate (μ=2.0),1,Anterior,0,Overall Avg,Point Estimate,0.021326,0.118807,0.118807,,0.000000,
MI_2,MI Moderate (μ=2.0),1,Anterior,0,Overall Avg,MCMC,0.050630,,0.121466,0.974142,0.974142,1.000000
MI_2,MI Moderate (μ=2.0),1,Anterior,0,Diseased Avg,Point Estimate,0.029377,0.162591,0.162591,,0.000000,
MI_2,MI Moderate (μ=2.0),1,Anterior,0,Diseased Avg,MCMC,0.008130,,0.119167,1.730426,1.730426,1.000000
MI_2,MI Moderate (μ=2.0),1,Anterior,0,Non-diseased Avg,Point Estimate,0.019314,0.107861,0.107861,,0.000000,
MI_2,MI Moderate (μ=2.0),1,Anterior,0,Non-diseased Avg,MCMC,0.061255,,0.122041,0.785071,0.785071,1.000000
MI_2,MI Moderate (μ=2.0),2,Anterior,0,Overall Avg,Point Estimate,0.002521,0.044123,0.044123,,0.000000,
MI_2,MI Moderate (μ=2.0),2,Anterior,0,Overall Avg,MCMC,0.047062,,0.109466,0.946229,0.946229,1.000000
MI_2,MI Moderate (μ=2.0),2,Anterior,0,Diseased Avg,Point Estimate,0.004476,0.066647,0.066647,,0.000000,
MI_2,MI Moderate (μ=2.0),2,Anterior,0,Diseased Avg,MCMC,0.004877,,0.093582,1.326982,1.326982,1.000000
MI_2,MI Moderate (μ=2.0),2,Anterior,0,Non-diseased Avg,Point Estimate,0.002032,0.038492,0.038492,,0.000000,
MI_2,MI Moderate (μ=2.0),2,Anterior,0,Non-diseased Avg,MCMC,0.057609,,0.113437,0.851040,0.851040,1.000000
MI_2,MI Moderate (μ=2.0),3,Anterior,0,Overall Avg,Point Estimate,0.026558,0.119631,0.119631,,0.000000,
MI_2,MI Moderate (μ=2.0),3,Anterior,0,Overall Avg,MCMC,0.079470,,0.142600,0.862236,0.862236,1.000000
MI_2,MI Moderate (μ=2.0),3,Anterior,0,Diseased Avg,Point Estimate,0.023601,0.153625,0.153625,,0.000000,
MI_2,MI Moderate (μ=2.0),3,Anterior,0,Diseased Avg,MCMC,0.007323,,0.088824,1.182534,1.182534,1.000000
MI_2,MI Moderate (μ=2.0),3,Anterior,0,Non-diseased Avg,Point Estimate,0.027297,0.111133,0.111133,,0.000000,
MI_2,MI Moderate (μ=2.0),3,Anterior,0,Non-diseased Avg,MCMC,0.097507,,0.156044,0.782162,0.782162,1.000000
MI_2,MI Moderate (μ=2.0),4,Anterior,0,Overall Avg,Point Estimate,0.012277,0.086533,0.086533,,0.000000,
MI_2,MI Moderate (μ=2.0),4,Anterior,0,Overall Avg,MCMC,0.053381,,0.119170,0.943047,0.943047,1.000000
MI_2,MI Moderate (μ=2.0),4,Anterior,0,Diseased Avg,Point Estimate,0.002723,0.043864,0.043864,,0.000000,
MI_2,MI Moderate (μ=2.0),4,Anterior,0,Diseased Avg,MCMC,0.001050,,0.107152,1.640972,1.640972,1.000000
MI_2,MI Moderate (μ=2.0),4,Anterior,0,Non-diseased Avg,Point Estimate,0.014666,0.097200,0.097200,,0.000000,
MI_2,MI Moderate (μ=2.0),4,Anterior,0,Non-diseased Avg,MCMC,0.066464,,0.122174,0.768565,0.768565,1.000000
MI_2,MI Moderate (μ=2.0),5,Anterior,0,Overall Avg,Point Estimate,0.034558,0.126955,0.126955,,0.000000,
MI_2,MI Moderate (μ=2.0),5,Anterior,0,Overall Avg,MCMC,0.073156,,0.138583,0.987393,0.771613,0.800000
MI_2,MI Moderate (μ=2.0),5,Anterior,0,Diseased Avg,Point Estimate,0.006494,0.080550,0.080550,,0.000000,
MI_2,MI Moderate (μ=2.0),5,Anterior,0,Diseased Avg,MCMC,0.008072,,0.078854,1.026703,1.026703,1.000000
MI_2,MI Moderate (μ=2.0),5,Anterior,0,Non-diseased Avg,Point Estimate,0.041574,0.138556,0.138556,,0.000000,
MI_2,MI Moderate (μ=2.0),5,Anterior,0,Non-diseased Avg,MCMC,0.089427,,0.153515,0.977566,0.707841,0.750000
MI_2,MI Moderate (μ=2.0),6,Anterior,0,Overall Avg,Point Estimate,0.033810,0.121372,0.121372,,0.000000,
MI_2,MI Moderate (μ=2.0),6,Anterior,0,Overall Avg,MCMC,0.072431,,0.130065,0.775898,0.775898,1.000000
MI_2,MI Moderate (μ=2.0),6,Anterior,0,Diseased Avg,Point Estimate,0.000403,0.019068,0.019068,,0.000000,
MI_2,MI Moderate (μ=2.0),6,Anterior,0,Diseased Avg,MCMC,0.011407,,0.070605,0.794558,0.794558,1.000000
MI_2,MI Moderate (μ=2.0),6,Anterior,0,Non-diseased Avg,Point Estimate,0.042162,0.146948,0.146948,,0.000000,
MI_2,MI Moderate (μ=2.0),6,Anterior,0,Non-diseased Avg,MCMC,0.087687,,0.144930,0.771233,0.771233,1.000000
MI_2,MI Moderate (μ=2.0),7,Anterior,0,Overall Avg,Point Estimate,0.002776,0.044237,0.044237,,0.000000,
MI_2,MI Moderate (μ=2.0),7,Anterior,0,Overall Avg,MCMC,0.034001,,0.091723,0.950534,0.950534,1.000000
MI_2,MI Moderate (μ=2.0),7,Anterior,0,Diseased Avg,Point Estimate,0.000727,0.022051,0.022051,,0.000000,
MI_2,MI Moderate (μ=2.0),7,Anterior,0,Diseased Avg,MCMC,0.000554,,0.080232,1.299007,1.299007,1.000000
MI_2,MI Moderate (μ=2.0),7,Anterior,0,Non-diseased Avg,Point Estimate,0.003289,0.049783,0.049783,,0.000000,
MI_2,MI Moderate (μ=2.0),7,Anterior,0,Non-diseased Avg,MCMC,0.042362,,0.094596,0.863416,0.863416,1.000000
MI_2,MI Moderate (μ=2.0),8,Anterior,0,Overall Avg,Point Estimate,0.023663,0.123898,0.123898,,0.000000,
MI_2,MI Moderate (μ=2.0),8,Anterior,0,Overall Avg,MCMC,0.051318,,0.116339,0.936900,0.936900,1.000000
MI_2,MI Moderate (μ=2.0),8,Anterior,0,Diseased Avg,Point Estimate,0.015333,0.123494,0.123494,,0.000000,
MI_2,MI Moderate (μ=2.0),8,Anterior,0,Diseased Avg,MCMC,0.002193,,0.095023,1.461418,1.461418,1.000000
MI_2,MI Moderate (μ=2.0),8,Anterior,0,Non-diseased Avg,Point Estimate,0.025746,0.124000,0.124000,,0.000000,
MI_2,MI Moderate (μ=2.0),8,Anterior,0,Non-diseased Avg,MCMC,0.063599,,0.121668,0.805770,0.805770,1.000000
MI_2,MI Moderate (μ=2.0),9,Anterior,0,Overall Avg,Point Estimate,0.003233,0.047515,0.047515,,0.000000,
MI_2,MI Moderate (μ=2.0),9,Anterior,0,Overall Avg,MCMC,0.051144,,0.122513,0.970330,0.970330,1.000000
MI_2,MI Moderate (μ=2.0),9,Anterior,0,Diseased Avg,Point Estimate,0.003834,0.048906,0.048906,,0.000000,
MI_2,MI Moderate (μ=2.0),9,Anterior,0,Diseased Avg,MCMC,0.001391,,0.111747,1.757610,1.757610,1.000000
MI_2,MI Moderate (μ=2.0),9,Anterior,0,Non-diseased Avg,Point Estimate,0.003082,0.047167,0.047167,,0.000000,
MI_2,MI Moderate (μ=2.0),9,Anterior,0,Non-diseased Avg,MCMC,0.063583,,0.125204,0.773510,0.773510,1.000000
MI_2,MI Moderate (μ=2.0),10,Anterior,0,Overall Avg,Point Estimate,0.012032,0.075306,0.075306,,0.000000,
MI_2,MI Moderate (μ=2.0),10,Anterior,0,Overall Avg,MCMC,0.037963,,0.100093,0.941859,0.941859,1.000000
MI_2,MI Moderate (μ=2.0),10,Anterior,0,Diseased Avg,Point Estimate,0.003534,0.058269,0.058269,,0.000000,
MI_2,MI Moderate (μ=2.0),10,Anterior,0,Diseased Avg,MCMC,0.006546,,0.090598,1.250466,1.250466,1.000000
MI_2,MI Moderate (μ=2.0),10,Anterior,0,Non-diseased Avg,Point Estimate,0.014157,0.079565,0.079565,,0.000000,
MI_2,MI Moderate (μ=2.0),10,Anterior,0,Non-diseased Avg,MCMC,0.045817,,0.102466,0.864707,0.864707,1.000000
MI_2,MI Moderate (μ=2.0),11,Anterior,0,Overall Avg,Point Estimate,0.025504,0.128172,0.128172,,0.000000,
MI_2,MI Moderate (μ=2.0),11,Anterior,0,Overall Avg,MCMC,0.068988,,0.135967,0.865715,0.865715,1.000000
MI_2,MI Moderate (μ=2.0),11,Anterior,0,Diseased Avg,Point Estimate,0.033182,0.182021,0.182021,,0.000000,
MI_2,MI Moderate (μ=2.0),11,Anterior,0,Diseased Avg,MCMC,0.002750,,0.095876,1.377357,1.377357,1.000000
MI_2,MI Moderate (μ=2.0),11,Anterior,0,Non-diseased Avg,Point Estimate,0.023585,0.114709,0.114709,,0.000000,
MI_2,MI Moderate (μ=2.0),11,Anterior,0,Non-diseased Avg,MCMC,0.085548,,0.145990,0.737805,0.737805,1.000000
MI_2,MI Moderate (μ=2.0),12,Anterior,0,Overall Avg,Point Estimate,0.030006,0.137764,0.137764,,0.000000,
MI_2,MI Moderate (μ=2.0),12,Anterior,0,Overall Avg,MCMC,0.055382,,0.122279,0.839455,0.839455,1.000000
MI_2,MI Moderate (μ=2.0),12,Anterior,0,Diseased Avg,Point Estimate,0.023865,0.154482,0.154482,,0.000000,
MI_2,MI Moderate (μ=2.0),12,Anterior,0,Diseased Avg,MCMC,0.000077,,0.082587,1.265002,1.265002,1.000000
MI_2,MI Moderate (μ=2.0),12,Anterior,0,Non-diseased Avg,Point Estimate,0.031541,0.133585,0.133585,,0.000000,
MI_2,MI Moderate (μ=2.0),12,Anterior,0,Non-diseased Avg,MCMC,0.069208,,0.132203,0.733068,0.733068,1.000000
MI_2,MI Moderate (μ=2.0),13,Anterior,0,Overall Avg,Point Estimate,0.003268,0.045487,0.045487,,0.000000,
MI_2,MI Moderate (μ=2.0),13,Anterior,0,Overall Avg,MCMC,0.061227,,0.127658,0.967123,0.967123,1.000000
MI_2,MI Moderate (μ=2.0),13,Anterior,0,Diseased Avg,Point Estimate,0.012308,0.110072,0.110072,,0.000000,
MI_2,MI Moderate (μ=2.0),13,Anterior,0,Diseased Avg,MCMC,0.012970,,0.107020,1.427815,1.427815,1.000000
MI_2,MI Moderate (μ=2.0),13,Anterior,0,Non-diseased Avg,Point Estimate,0.001007,0.029341,0.029341,,0.000000,
MI_2,MI Moderate (μ=2.0),13,Anterior,0,Non-diseased Avg,MCMC,0.073291,,0.132818,0.851949,0.851949,1.000000
MI_2,MI Moderate (μ=2.0),14,Anterior,0,Overall Avg,Point Estimate,0.001947,0.039423,0.039423,,0.000000,
MI_2,MI Moderate (μ=2.0),14,Anterior,0,Overall Avg,MCMC,0.044505,,0.109366,0.949496,0.949496,1.000000
MI_2,MI Moderate (μ=2.0),14,Anterior,0,Diseased Avg,Point Estimate,0.002219,0.046559,0.046559,,0.000000,
MI_2,MI Moderate (μ=2.0),14,Anterior,0,Diseased Avg,MCMC,0.005525,,0.098474,1.341667,1.341667,1.000000
MI_2,MI Moderate (μ=2.0),14,Anterior,0,Non-diseased Avg,Point Estimate,0.001880,0.037639,0.037639,,0.000000,
MI_2,MI Moderate (μ=2.0),14,Anterior,0,Non-diseased Avg,MCMC,0.054249,,0.112089,0.851453,0.851453,1.000000
MI_2,MI Moderate (μ=2.0),15,Anterior,0,Overall Avg,Point Estimate,0.021311,0.123255,0.123255,,0.000000,
MI_2,MI Moderate (μ=2.0),15,Anterior,0,Overall Avg,MCMC,0.057695,,0.122136,0.914326,0.914326,1.000000
MI_2,MI Moderate (μ=2.0),15,Anterior,0,Diseased Avg,Point Estimate,0.022754,0.148528,0.148528,,0.000000,
MI_2,MI Moderate (μ=2.0),15,Anterior,0,Diseased Avg,MCMC,0.000732,,0.096711,1.457416,1.457416,1.000000
MI_2,MI Moderate (μ=2.0),15,Anterior,0,Non-diseased Avg,Point Estimate,0.020950,0.116937,0.116937,,0.000000,
MI_2,MI Moderate (μ=2.0),15,Anterior,0,Non-diseased Avg,MCMC,0.071936,,0.128492,0.778553,0.778553,1.000000
MI_2,MI Moderate (μ=2.0),16,Anterior,0,Overall Avg,Point Estimate,0.027964,0.117543,0.117543,,0.000000,
MI_2,MI Moderate (μ=2.0),16,Anterior,0,Overall Avg,MCMC,0.071311,,0.128347,0.836596,0.836596,1.000000
MI_2,MI Moderate (μ=2.0),16,Anterior,0,Diseased Avg,Point Estimate,0.015795,0.125286,0.125286,,0.000000,
MI_2,MI Moderate (μ=2.0),16,Anterior,0,Diseased Avg,MCMC,0.007087,,0.073025,1.054338,1.054338,1.000000
MI_2,MI Moderate (μ=2.0),16,Anterior,0,Non-diseased Avg,Point Estimate,0.031006,0.115607,0.115607,,0.000000,
MI_2,MI Moderate (μ=2.0),16,Anterior,0,Non-diseased Avg,MCMC,0.087367,,0.142178,0.782160,0.782160,1.000000
MI_2,MI Moderate (μ=2.0),17,Anterior,0,Overall Avg,Point Estimate,0.012337,0.080479,0.080479,,0.000000,
MI_2,MI Moderate (μ=2.0),17,Anterior,0,Overall Avg,MCMC,0.036454,,0.100552,0.987588,0.987588,1.000000
MI_2,MI Moderate (μ=2.0),17,Anterior,0,Diseased Avg,Point Estimate,0.002177,0.038104,0.038104,,0.000000,
MI_2,MI Moderate (μ=2.0),17,Anterior,0,Diseased Avg,MCMC,0.002868,,0.101319,1.435236,1.435236,1.000000
MI_2,MI Moderate (μ=2.0),17,Anterior,0,Non-diseased Avg,Point Estimate,0.014877,0.091073,0.091073,,0.000000,
MI_2,MI Moderate (μ=2.0),17,Anterior,0,Non-diseased Avg,MCMC,0.044850,,0.100361,0.875676,0.875676,1.000000
MI_2,MI Moderate (μ=2.0),18,Anterior,0,Overall Avg,Point Estimate,0.015882,0.086114,0.086114,,0.000000,
MI_2,MI Moderate (μ=2.0),18,Anterior,0,Overall Avg,MCMC,0.076712,,0.139475,0.874647,0.874647,1.000000
MI_2,MI Moderate (μ=2.0),18,Anterior,0,Diseased Avg,Point Estimate,0.007465,0.086104,0.086104,,0.000000,
MI_2,MI Moderate (μ=2.0),18,Anterior,0,Diseased Avg,MCMC,0.005937,,0.095531,1.406807,1.406807,1.000000
MI_2,MI Moderate (μ=2.0),18,Anterior,0,Non-diseased Avg,Point Estimate,0.017986,0.086117,0.086117,,0.000000,
MI_2,MI Moderate (μ=2.0),18,Anterior,0,Non-diseased Avg,MCMC,0.094406,,0.150461,0.741607,0.741607,1.000000
MI_2,MI Moderate (μ=2.0),19,Anterior,0,Overall Avg,Point Estimate,0.026208,0.111853,0.111853,,0.000000,
MI_2,MI Moderate (μ=2.0),19,Anterior,0,Overall Avg,MCMC,0.058125,,0.115390,0.806050,0.806050,1.000000
MI_2,MI Moderate (μ=2.0),19,Anterior,0,Diseased Avg,Point Estimate,0.007514,0.085890,0.085890,,0.000000,
MI_2,MI Moderate (μ=2.0),19,Anterior,0,Diseased Avg,MCMC,0.002238,,0.065566,1.017548,1.017548,1.000000
MI_2,MI Moderate (μ=2.0),19,Anterior,0,Non-diseased Avg,Point Estimate,0.030882,0.118344,0.118344,,0.000000,
MI_2,MI Moderate (μ=2.0),19,Anterior,0,Non-diseased Avg,MCMC,0.072096,,0.127846,0.753176,0.753176,1.000000
MI_2,MI Moderate (μ=2.0),20,Inferior,1,Overall Avg,Point Estimate,0.010542,0.073390,0.073390,,0.000000,
MI_2,MI Moderate (μ=2.0),20,Inferior,1,Overall Avg,MCMC,0.007624,,0.067555,0.877155,0.877155,1.000000
MI_2,MI Moderate (μ=2.0),20,Inferior,1,Diseased Avg,Point Estimate,0.044053,0.209840,0.209840,,0.000000,
MI_2,MI Moderate (μ=2.0),20,Inferior,1,Diseased Avg,MCMC,0.014842,,0.133489,1.882077,1.882077,1.000000
MI_2,MI Moderate (μ=2.0),20,Inferior,1,Non-diseased Avg,Point Estimate,0.002165,0.039277,0.039277,,0.000000,
MI_2,MI Moderate (μ=2.0),20,Inferior,1,Non-diseased Avg,MCMC,0.005819,,0.051071,0.625925,0.625925,1.000000
MI_2,MI Moderate (μ=2.0),21,Inferior,1,Overall Avg,Point Estimate,0.015025,0.072641,0.072641,,0.000000,
MI_2,MI Moderate (μ=2.0),21,Inferior,1,Overall Avg,MCMC,0.007260,,0.071149,1.052139,1.052139,1.000000
MI_2,MI Moderate (μ=2.0),21,Inferior,1,Diseased Avg,Point Estimate,0.072387,0.268443,0.268443,,0.000000,
MI_2,MI Moderate (μ=2.0),21,Inferior,1,Diseased Avg,MCMC,0.002684,,0.132288,2.565113,2.565113,1.000000
MI_2,MI Moderate (μ=2.0),21,Inferior,1,Non-diseased Avg,Point Estimate,0.000685,0.023691,0.023691,,0.000000,
MI_2,MI Moderate (μ=2.0),21,Inferior,1,Non-diseased Avg,MCMC,0.008403,,0.055864,0.673895,0.673895,1.000000
MI_2,MI Moderate (μ=2.0),22,Inferior,1,Overall Avg,Point Estimate,0.019607,0.110808,0.110808,,0.000000,
MI_2,MI Moderate (μ=2.0),22,Inferior,1,Overall Avg,MCMC,0.005444,,0.060003,0.814776,0.814776,1.000000
MI_2,MI Moderate (μ=2.0),22,Inferior,1,Diseased Avg,Point Estimate,0.046440,0.215402,0.215402,,0.000000,
MI_2,MI Moderate (μ=2.0),22,Inferior,1,Diseased Avg,MCMC,0.005305,,0.107364,1.540614,1.540614,1.000000
MI_2,MI Moderate (μ=2.0),22,Inferior,1,Non-diseased Avg,Point Estimate,0.012898,0.084660,0.084660,,0.000000,
MI_2,MI Moderate (μ=2.0),22,Inferior,1,Non-diseased Avg,MCMC,0.005479,,0.048162,0.633317,0.633317,1.000000
MI_2,MI Moderate (μ=2.0),23,Inferior,1,Overall Avg,Point Estimate,0.017432,0.092997,0.092997,,0.000000,
MI_2,MI Moderate (μ=2.0),23,Inferior,1,Overall Avg,MCMC,0.015832,,0.076484,0.889920,0.889920,1.000000
MI_2,MI Moderate (μ=2.0),23,Inferior,1,Diseased Avg,Point Estimate,0.070914,0.264169,0.264169,,0.000000,
MI_2,MI Moderate (μ=2.0),23,Inferior,1,Diseased Avg,MCMC,0.037427,,0.145574,1.870997,1.870997,1.000000
MI_2,MI Moderate (μ=2.0),23,Inferior,1,Non-diseased Avg,Point Estimate,0.004062,0.050204,0.050204,,0.000000,
MI_2,MI Moderate (μ=2.0),23,Inferior,1,Non-diseased Avg,MCMC,0.010433,,0.059212,0.644650,0.644650,1.000000
MI_2,MI Moderate (μ=2.0),24,Inferior,1,Overall Avg,Point Estimate,0.006012,0.052058,0.052058,,0.000000,
MI_2,MI Moderate (μ=2.0),24,Inferior,1,Overall Avg,MCMC,0.004161,,0.062670,0.931689,0.931689,1.000000
MI_2,MI Moderate (μ=2.0),24,Inferior,1,Diseased Avg,Point Estimate,0.026439,0.162519,0.162519,,0.000000,
MI_2,MI Moderate (μ=2.0),24,Inferior,1,Diseased Avg,MCMC,0.002853,,0.118346,2.063704,2.063704,1.000000
MI_2,MI Moderate (μ=2.0),24,Inferior,1,Non-diseased Avg,Point Estimate,0.000906,0.024443,0.024443,,0.000000,
MI_2,MI Moderate (μ=2.0),24,Inferior,1,Non-diseased Avg,MCMC,0.004488,,0.048751,0.648685,0.648685,1.000000
MI_2,MI Moderate (μ=2.0),25,Inferior,1,Overall Avg,Point Estimate,0.011131,0.076398,0.076398,,0.000000,
MI_2,MI Moderate (μ=2.0),25,Inferior,1,Overall Avg,MCMC,0.004510,,0.063041,0.899152,0.899152,1.000000
MI_2,MI Moderate (μ=2.0),25,Inferior,1,Diseased Avg,Point Estimate,0.045344,0.212941,0.212941,,0.000000,
MI_2,MI Moderate (μ=2.0),25,Inferior,1,Diseased Avg,MCMC,0.000771,,0.116624,2.035309,2.035309,1.000000
MI_2,MI Moderate (μ=2.0),25,Inferior,1,Non-diseased Avg,Point Estimate,0.002578,0.042262,0.042262,,0.000000,
MI_2,MI Moderate (μ=2.0),25,Inferior,1,Non-diseased Avg,MCMC,0.005445,,0.049645,0.615113,0.615113,1.000000
MI_2,MI Moderate (μ=2.0),26,Inferior,1,Overall Avg,Point Estimate,0.021116,0.097647,0.097647,,0.000000,
MI_2,MI Moderate (μ=2.0),26,Inferior,1,Overall Avg,MCMC,0.012094,,0.080150,0.913886,0.913886,1.000000
MI_2,MI Moderate (μ=2.0),26,Inferior,1,Diseased Avg,Point Estimate,0.075581,0.274777,0.274777,,0.000000,
MI_2,MI Moderate (μ=2.0),26,Inferior,1,Diseased Avg,MCMC,0.018591,,0.157843,2.096914,2.096914,1.000000
MI_2,MI Moderate (μ=2.0),26,Inferior,1,Non-diseased Avg,Point Estimate,0.007500,0.053364,0.053364,,0.000000,
MI_2,MI Moderate (μ=2.0),26,Inferior,1,Non-diseased Avg,MCMC,0.010470,,0.060727,0.618129,0.618129,1.000000
MI_2,MI Moderate (μ=2.0),27,Inferior,1,Overall Avg,Point Estimate,0.006688,0.064349,0.064349,,0.000000,
MI_2,MI Moderate (μ=2.0),27,Inferior,1,Overall Avg,MCMC,0.006137,,0.064713,0.898049,0.898049,1.000000
MI_2,MI Moderate (μ=2.0),27,Inferior,1,Diseased Avg,Point Estimate,0.024597,0.156349,0.156349,,0.000000,
MI_2,MI Moderate (μ=2.0),27,Inferior,1,Diseased Avg,MCMC,0.003859,,0.117745,2.046422,2.046422,1.000000
MI_2,MI Moderate (μ=2.0),27,Inferior,1,Non-diseased Avg,Point Estimate,0.002211,0.041349,0.041349,,0.000000,
MI_2,MI Moderate (μ=2.0),27,Inferior,1,Non-diseased Avg,MCMC,0.006706,,0.051456,0.610956,0.610956,1.000000
MI_2,MI Moderate (μ=2.0),28,Inferior,1,Overall Avg,Point Estimate,0.016426,0.075325,0.075325,,0.000000,
MI_2,MI Moderate (μ=2.0),28,Inferior,1,Overall Avg,MCMC,0.003338,,0.062324,0.970025,0.970025,1.000000
MI_2,MI Moderate (μ=2.0),28,Inferior,1,Diseased Avg,Point Estimate,0.078722,0.280390,0.280390,,0.000000,
MI_2,MI Moderate (μ=2.0),28,Inferior,1,Diseased Avg,MCMC,0.000728,,0.127033,2.306737,2.306737,1.000000
MI_2,MI Moderate (μ=2.0),28,Inferior,1,Non-diseased Avg,Point Estimate,0.000852,0.024058,0.024058,,0.000000,
MI_2,MI Moderate (μ=2.0),28,Inferior,1,Non-diseased Avg,MCMC,0.003990,,0.046147,0.635847,0.635847,1.000000
MI_2,MI Moderate (μ=2.0),29,Inferior,1,Overall Avg,Point Estimate,0.013217,0.083950,0.083950,,0.000000,
MI_2,MI Moderate (μ=2.0),29,Inferior,1,Overall Avg,MCMC,0.006183,,0.065434,0.895526,0.895526,1.000000
MI_2,MI Moderate (μ=2.0),29,Inferior,1,Diseased Avg,Point Estimate,0.051873,0.227519,0.227519,,0.000000,
MI_2,MI Moderate (μ=2.0),29,Inferior,1,Diseased Avg,MCMC,0.003081,,0.124182,2.105379,2.105379,1.000000
MI_2,MI Moderate (μ=2.0),29,Inferior,1,Non-diseased Avg,Point Estimate,0.003553,0.048057,0.048057,,0.000000,
MI_2,MI Moderate (μ=2.0),29,Inferior,1,Non-diseased Avg,MCMC,0.006959,,0.050747,0.593063,0.593063,1.000000
MI_2,MI Moderate (μ=2.0),30,Inferior,1,Overall Avg,Point Estimate,0.020780,0.079730,0.079730,,0.000000,
MI_2,MI Moderate (μ=2.0),30,Inferior,1,Overall Avg,MCMC,0.005087,,0.066972,0.930634,0.930634,1.000000
MI_2,MI Moderate (μ=2.0),30,Inferior,1,Diseased Avg,Point Estimate,0.101294,0.318107,0.318107,,0.000000,
MI_2,MI Moderate (μ=2.0),30,Inferior,1,Diseased Avg,MCMC,0.002315,,0.131468,2.132452,2.132452,1.000000
MI_2,MI Moderate (μ=2.0),30,Inferior,1,Non-diseased Avg,Point Estimate,0.000651,0.020136,0.020136,,0.000000,
MI_2,MI Moderate (μ=2.0),30,Inferior,1,Non-diseased Avg,MCMC,0.005780,,0.050848,0.630179,0.630179,1.000000
MI_2,MI Moderate (μ=2.0),31,Inferior,1,Overall Avg,Point Estimate,0.016279,0.082686,0.082686,,0.000000,
MI_2,MI Moderate (μ=2.0),31,Inferior,1,Overall Avg,MCMC,0.003393,,0.059994,0.858138,0.858138,1.000000
MI_2,MI Moderate (μ=2.0),31,Inferior,1,Diseased Avg,Point Estimate,0.072845,0.269723,0.269723,,0.000000,
MI_2,MI Moderate (μ=2.0),31,Inferior,1,Diseased Avg,MCMC,0.002143,,0.116957,1.769866,1.769866,1.000000
MI_2,MI Moderate (μ=2.0),31,Inferior,1,Non-diseased Avg,Point Estimate,0.002137,0.035926,0.035926,,0.000000,
MI_2,MI Moderate (μ=2.0),31,Inferior,1,Non-diseased Avg,MCMC,0.003706,,0.045753,0.630205,0.630205,1.000000
MI_2,MI Moderate (μ=2.0),32,Inferior,1,Overall Avg,Point Estimate,0.009022,0.056913,0.056913,,0.000000,
MI_2,MI Moderate (μ=2.0),32,Inferior,1,Overall Avg,MCMC,0.003465,,0.058681,0.875395,0.875395,1.000000
MI_2,MI Moderate (μ=2.0),32,Inferior,1,Diseased Avg,Point Estimate,0.042252,0.203809,0.203809,,0.000000,
MI_2,MI Moderate (μ=2.0),32,Inferior,1,Diseased Avg,MCMC,0.000728,,0.102931,1.728458,1.728458,1.000000
MI_2,MI Moderate (μ=2.0),32,Inferior,1,Non-diseased Avg,Point Estimate,0.000714,0.020189,0.020189,,0.000000,
MI_2,MI Moderate (μ=2.0),32,Inferior,1,Non-diseased Avg,MCMC,0.004150,,0.047619,0.662129,0.662129,1.000000
MI_2,MI Moderate (μ=2.0),33,Inferior,1,Overall Avg,Point Estimate,0.028611,0.124820,0.124820,,0.000000,
MI_2,MI Moderate (μ=2.0),33,Inferior,1,Overall Avg,MCMC,0.004563,,0.062032,0.902996,0.902996,1.000000
MI_2,MI Moderate (μ=2.0),33,Inferior,1,Diseased Avg,Point Estimate,0.095812,0.308489,0.308489,,0.000000,
MI_2,MI Moderate (μ=2.0),33,Inferior,1,Diseased Avg,MCMC,0.001192,,0.113965,2.036338,2.036338,1.000000
MI_2,MI Moderate (μ=2.0),33,Inferior,1,Non-diseased Avg,Point Estimate,0.011810,0.078902,0.078902,,0.000000,
MI_2,MI Moderate (μ=2.0),33,Inferior,1,Non-diseased Avg,MCMC,0.005406,,0.049048,0.619660,0.619660,1.000000
MI_2,MI Moderate (μ=2.0),34,Inferior,1,Overall Avg,Point Estimate,0.005365,0.058328,0.058328,,0.000000,
MI_2,MI Moderate (μ=2.0),34,Inferior,1,Overall Avg,MCMC,0.008296,,0.067147,0.887328,0.887328,1.000000
MI_2,MI Moderate (μ=2.0),34,Inferior,1,Diseased Avg,Point Estimate,0.019600,0.139901,0.139901,,0.000000,
MI_2,MI Moderate (μ=2.0),34,Inferior,1,Diseased Avg,MCMC,0.019739,,0.124187,1.708187,1.708187,1.000000
MI_2,MI Moderate (μ=2.0),34,Inferior,1,Non-diseased Avg,Point Estimate,0.001806,0.037935,0.037935,,0.000000,
MI_2,MI Moderate (μ=2.0),34,Inferior,1,Non-diseased Avg,MCMC,0.005435,,0.052887,0.682113,0.682113,1.000000
MI_2,MI Moderate (μ=2.0),35,Inferior,1,Overall Avg,Point Estimate,0.002962,0.048083,0.048083,,0.000000,
MI_2,MI Moderate (μ=2.0),35,Inferior,1,Overall Avg,MCMC,0.004572,,0.065654,1.015552,1.015552,1.000000
MI_2,MI Moderate (μ=2.0),35,Inferior,1,Diseased Avg,Point Estimate,0.003572,0.059742,0.059742,,0.000000,
MI_2,MI Moderate (μ=2.0),35,Inferior,1,Diseased Avg,MCMC,0.000267,,0.128007,2.493373,2.493373,1.000000
MI_2,MI Moderate (μ=2.0),35,Inferior,1,Non-diseased Avg,Point Estimate,0.002809,0.045168,0.045168,,0.000000,
MI_2,MI Moderate (μ=2.0),35,Inferior,1,Non-diseased Avg,MCMC,0.005648,,0.050066,0.646096,0.646096,1.000000
MI_2,MI Moderate (μ=2.0),36,Inferior,1,Overall Avg,Point Estimate,0.013129,0.072337,0.072337,,0.000000,
MI_2,MI Moderate (μ=2.0),36,Inferior,1,Overall Avg,MCMC,0.002541,,0.057452,0.849683,0.849683,1.000000
MI_2,MI Moderate (μ=2.0),36,Inferior,1,Diseased Avg,Point Estimate,0.060551,0.245071,0.245071,,0.000000,
MI_2,MI Moderate (μ=2.0),36,Inferior,1,Diseased Avg,MCMC,0.001872,,0.110520,1.722714,1.722714,1.000000
MI_2,MI Moderate (μ=2.0),36,Inferior,1,Non-diseased Avg,Point Estimate,0.001274,0.029154,0.029154,,0.000000,
MI_2,MI Moderate (μ=2.0),36,Inferior,1,Non-diseased Avg,MCMC,0.002708,,0.044185,0.631426,0.631426,1.000000
MI_2,MI Moderate (μ=2.0),37,Inferior,1,Overall Avg,Point Estimate,0.005079,0.057129,0.057129,,0.000000,
MI_2,MI Moderate (μ=2.0),37,Inferior,1,Overall Avg,MCMC,0.005128,,0.059978,0.872813,0.872813,1.000000
MI_2,MI Moderate (μ=2.0),37,Inferior,1,Diseased Avg,Point Estimate,0.017252,0.129138,0.129138,,0.000000,
MI_2,MI Moderate (μ=2.0),37,Inferior,1,Diseased Avg,MCMC,0.006125,,0.108215,1.827345,1.827345,1.000000
MI_2,MI Moderate (μ=2.0),37,Inferior,1,Non-diseased Avg,Point Estimate,0.002036,0.039127,0.039127,,0.000000,
MI_2,MI Moderate (μ=2.0),37,Inferior,1,Non-diseased Avg,MCMC,0.004879,,0.047919,0.634180,0.634180,1.000000
MI_2,MI Moderate (μ=2.0),38,Inferior,1,Overall Avg,Point Estimate,0.016321,0.097999,0.097999,,0.000000,
MI_2,MI Moderate (μ=2.0),38,Inferior,1,Overall Avg,MCMC,0.054589,,0.108524,0.819388,0.819388,1.000000
MI_2,MI Moderate (μ=2.0),38,Inferior,1,Diseased Avg,Point Estimate,0.065291,0.254223,0.254223,,0.000000,
MI_2,MI Moderate (μ=2.0),38,Inferior,1,Diseased Avg,MCMC,0.212921,,0.268095,1.424473,1.424473,1.000000
MI_2,MI Moderate (μ=2.0),38,Inferior,1,Non-diseased Avg,Point Estimate,0.004079,0.058943,0.058943,,0.000000,
MI_2,MI Moderate (μ=2.0),38,Inferior,1,Non-diseased Avg,MCMC,0.015006,,0.068631,0.668116,0.668116,1.000000
MI_2,MI Moderate (μ=2.0),39,Inferior,1,Overall Avg,Point Estimate,0.038924,0.154233,0.154233,,0.000000,
MI_2,MI Moderate (μ=2.0),39,Inferior,1,Overall Avg,MCMC,0.004562,,0.060807,0.860773,0.860773,1.000000
MI_2,MI Moderate (μ=2.0),39,Inferior,1,Diseased Avg,Point Estimate,0.057744,0.239589,0.239589,,0.000000,
MI_2,MI Moderate (μ=2.0),39,Inferior,1,Diseased Avg,MCMC,0.000412,,0.111880,1.821424,1.821424,1.000000
MI_2,MI Moderate (μ=2.0),39,Inferior,1,Non-diseased Avg,Point Estimate,0.034219,0.132894,0.132894,,0.000000,
MI_2,MI Moderate (μ=2.0),39,Inferior,1,Non-diseased Avg,MCMC,0.005599,,0.048038,0.620610,0.620610,1.000000
MI_2,MI Moderate (μ=2.0),40,Lateral,2,Overall Avg,Point Estimate,0.004104,0.051850,0.051850,,0.000000,
MI_2,MI Moderate (μ=2.0),40,Lateral,2,Overall Avg,MCMC,0.008436,,0.065431,0.870400,0.870400,1.000000
MI_2,MI Moderate (μ=2.0),40,Lateral,2,Diseased Avg,Point Estimate,0.000430,0.020641,0.020641,,0.000000,
MI_2,MI Moderate (μ=2.0),40,Lateral,2,Diseased Avg,MCMC,0.002028,,0.055203,0.852585,0.852585,1.000000
MI_2,MI Moderate (μ=2.0),40,Lateral,2,Non-diseased Avg,Point Estimate,0.005023,0.059652,0.059652,,0.000000,
MI_2,MI Moderate (μ=2.0),40,Lateral,2,Non-diseased Avg,MCMC,0.010038,,0.067988,0.874854,0.874854,1.000000
MI_2,MI Moderate (μ=2.0),41,Lateral,2,Overall Avg,Point Estimate,0.009311,0.081876,0.081876,,0.000000,
MI_2,MI Moderate (μ=2.0),41,Lateral,2,Overall Avg,MCMC,0.005365,,0.063503,0.907764,0.907764,1.000000
MI_2,MI Moderate (μ=2.0),41,Lateral,2,Diseased Avg,Point Estimate,0.001966,0.043343,0.043343,,0.000000,
MI_2,MI Moderate (μ=2.0),41,Lateral,2,Diseased Avg,MCMC,0.006415,,0.073240,1.007978,1.007978,1.000000
MI_2,MI Moderate (μ=2.0),41,Lateral,2,Non-diseased Avg,Point Estimate,0.011147,0.091509,0.091509,,0.000000,
MI_2,MI Moderate (μ=2.0),41,Lateral,2,Non-diseased Avg,MCMC,0.005103,,0.061069,0.882711,0.882711,1.000000
MI_2,MI Moderate (μ=2.0),42,Lateral,2,Overall Avg,Point Estimate,0.004333,0.061962,0.061962,,0.000000,
MI_2,MI Moderate (μ=2.0),42,Lateral,2,Overall Avg,MCMC,0.011519,,0.075443,0.957670,0.957670,1.000000
MI_2,MI Moderate (μ=2.0),42,Lateral,2,Diseased Avg,Point Estimate,0.004223,0.063005,0.063005,,0.000000,
MI_2,MI Moderate (μ=2.0),42,Lateral,2,Diseased Avg,MCMC,0.006174,,0.077651,1.082563,1.082563,1.000000
MI_2,MI Moderate (μ=2.0),42,Lateral,2,Non-diseased Avg,Point Estimate,0.004361,0.061701,0.061701,,0.000000,
MI_2,MI Moderate (μ=2.0),42,Lateral,2,Non-diseased Avg,MCMC,0.012855,,0.074891,0.926446,0.926446,1.000000
MI_2,MI Moderate (μ=2.0),43,Lateral,2,Overall Avg,Point Estimate,0.004651,0.061616,0.061616,,0.000000,
MI_2,MI Moderate (μ=2.0),43,Lateral,2,Overall Avg,MCMC,0.006308,,0.064414,0.910138,0.910138,1.000000
MI_2,MI Moderate (μ=2.0),43,Lateral,2,Diseased Avg,Point Estimate,0.000404,0.017042,0.017042,,0.000000,
MI_2,MI Moderate (μ=2.0),43,Lateral,2,Diseased Avg,MCMC,0.001598,,0.062722,1.041706,1.041706,1.000000
MI_2,MI Moderate (μ=2.0),43,Lateral,2,Non-diseased Avg,Point Estimate,0.005713,0.072760,0.072760,,0.000000,
MI_2,MI Moderate (μ=2.0),43,Lateral,2,Non-diseased Avg,MCMC,0.007486,,0.064837,0.877246,0.877246,1.000000
MI_2,MI Moderate (μ=2.0),44,Lateral,2,Overall Avg,Point Estimate,0.003497,0.052848,0.052848,,0.000000,
MI_2,MI Moderate (μ=2.0),44,Lateral,2,Overall Avg,MCMC,0.011851,,0.074602,0.963666,0.963666,1.000000
MI_2,MI Moderate (μ=2.0),44,Lateral,2,Diseased Avg,Point Estimate,0.000717,0.020124,0.020124,,0.000000,
MI_2,MI Moderate (μ=2.0),44,Lateral,2,Diseased Avg,MCMC,0.000852,,0.075353,1.236135,1.236135,1.000000
MI_2,MI Moderate (μ=2.0),44,Lateral,2,Non-diseased Avg,Point Estimate,0.004192,0.061030,0.061030,,0.000000,
MI_2,MI Moderate (μ=2.0),44,Lateral,2,Non-diseased Avg,MCMC,0.014601,,0.074414,0.895549,0.895549,1.000000
MI_2,MI Moderate (μ=2.0),45,Lateral,2,Overall Avg,Point Estimate,0.008011,0.074001,0.074001,,0.000000,
MI_2,MI Moderate (μ=2.0),45,Lateral,2,Overall Avg,MCMC,0.014385,,0.072113,0.820617,0.820617,1.000000
MI_2,MI Moderate (μ=2.0),45,Lateral,2,Diseased Avg,Point Estimate,0.000787,0.027163,0.027163,,0.000000,
MI_2,MI Moderate (μ=2.0),45,Lateral,2,Diseased Avg,MCMC,0.002419,,0.049991,0.721228,0.721228,1.000000
MI_2,MI Moderate (μ=2.0),45,Lateral,2,Non-diseased Avg,Point Estimate,0.009817,0.085710,0.085710,,0.000000,
MI_2,MI Moderate (μ=2.0),45,Lateral,2,Non-diseased Avg,MCMC,0.017377,,0.077644,0.845464,0.845464,1.000000
MI_2,MI Moderate (μ=2.0),46,Lateral,2,Overall Avg,Point Estimate,0.009617,0.082552,0.082552,,0.000000,
MI_2,MI Moderate (μ=2.0),46,Lateral,2,Overall Avg,MCMC,0.008764,,0.070106,0.933411,0.933411,1.000000
MI_2,MI Moderate (μ=2.0),46,Lateral,2,Diseased Avg,Point Estimate,0.000876,0.028404,0.028404,,0.000000,
MI_2,MI Moderate (μ=2.0),46,Lateral,2,Diseased Avg,MCMC,0.000908,,0.068813,1.174654,1.174654,1.000000
MI_2,MI Moderate (μ=2.0),46,Lateral,2,Non-diseased Avg,Point Estimate,0.011803,0.096089,0.096089,,0.000000,
MI_2,MI Moderate (μ=2.0),46,Lateral,2,Non-diseased Avg,MCMC,0.010728,,0.070429,0.873100,0.873100,1.000000
MI_2,MI Moderate (μ=2.0),47,Lateral,2,Overall Avg,Point Estimate,0.001587,0.034572,0.034572,,0.000000,
MI_2,MI Moderate (μ=2.0),47,Lateral,2,Overall Avg,MCMC,0.012291,,0.070135,0.847142,0.847142,1.000000
MI_2,MI Moderate (μ=2.0),47,Lateral,2,Diseased Avg,Point Estimate,0.000119,0.008553,0.008553,,0.000000,
MI_2,MI Moderate (μ=2.0),47,Lateral,2,Diseased Avg,MCMC,0.000525,,0.047917,0.773455,0.773455,1.000000
MI_2,MI Moderate (μ=2.0),47,Lateral,2,Non-diseased Avg,Point Estimate,0.001954,0.041076,0.041076,,0.000000,
MI_2,MI Moderate (μ=2.0),47,Lateral,2,Non-diseased Avg,MCMC,0.015233,,0.075690,0.865564,0.865564,1.000000
MI_2,MI Moderate (μ=2.0),48,Lateral,2,Overall Avg,Point Estimate,0.001499,0.031309,0.031309,,0.000000,
MI_2,MI Moderate (μ=2.0),48,Lateral,2,Overall Avg,MCMC,0.009281,,0.070342,0.924251,0.924251,1.000000
MI_2,MI Moderate (μ=2.0),48,Lateral,2,Diseased Avg,Point Estimate,0.004348,0.060404,0.060404,,0.000000,
MI_2,MI Moderate (μ=2.0),48,Lateral,2,Diseased Avg,MCMC,0.005641,,0.077992,1.119815,1.119815,1.000000
MI_2,MI Moderate (μ=2.0),48,Lateral,2,Non-diseased Avg,Point Estimate,0.000787,0.024035,0.024035,,0.000000,
MI_2,MI Moderate (μ=2.0),48,Lateral,2,Non-diseased Avg,MCMC,0.010191,,0.068430,0.875360,0.875360,1.000000
MI_2,MI Moderate (μ=2.0),49,Lateral,2,Overall Avg,Point Estimate,0.002619,0.047134,0.047134,,0.000000,
MI_2,MI Moderate (μ=2.0),49,Lateral,2,Overall Avg,MCMC,0.020984,,0.080548,0.869317,0.869317,1.000000
MI_2,MI Moderate (μ=2.0),49,Lateral,2,Diseased Avg,Point Estimate,0.002106,0.045836,0.045836,,0.000000,
MI_2,MI Moderate (μ=2.0),49,Lateral,2,Diseased Avg,MCMC,0.005294,,0.058694,0.780044,0.780044,1.000000
MI_2,MI Moderate (μ=2.0),49,Lateral,2,Non-diseased Avg,Point Estimate,0.002748,0.047459,0.047459,,0.000000,
MI_2,MI Moderate (μ=2.0),49,Lateral,2,Non-diseased Avg,MCMC,0.024906,,0.086012,0.891636,0.891636,1.000000
MI_2,MI Moderate (μ=2.0),50,Lateral,2,Overall Avg,Point Estimate,0.001769,0.038984,0.038984,,0.000000,
MI_2,MI Moderate (μ=2.0),50,Lateral,2,Overall Avg,MCMC,0.010515,,0.071498,0.903804,0.903804,1.000000
MI_2,MI Moderate (μ=2.0),50,Lateral,2,Diseased Avg,Point Estimate,0.001321,0.036165,0.036165,,0.000000,
MI_2,MI Moderate (μ=2.0),50,Lateral,2,Diseased Avg,MCMC,0.004977,,0.063984,0.918154,0.918154,1.000000
MI_2,MI Moderate (μ=2.0),50,Lateral,2,Non-diseased Avg,Point Estimate,0.001881,0.039689,0.039689,,0.000000,
MI_2,MI Moderate (μ=2.0),50,Lateral,2,Non-diseased Avg,MCMC,0.011899,,0.073376,0.900216,0.900216,1.000000
MI_2,MI Moderate (μ=2.0),51,Lateral,2,Overall Avg,Point Estimate,0.004297,0.048628,0.048628,,0.000000,
MI_2,MI Moderate (μ=2.0),51,Lateral,2,Overall Avg,MCMC,0.006870,,0.062786,0.871179,0.871179,1.000000
MI_2,MI Moderate (μ=2.0),51,Lateral,2,Diseased Avg,Point Estimate,0.000942,0.027324,0.027324,,0.000000,
MI_2,MI Moderate (μ=2.0),51,Lateral,2,Diseased Avg,MCMC,0.000579,,0.062551,1.105872,1.105872,1.000000
MI_2,MI Moderate (μ=2.0),51,Lateral,2,Non-diseased Avg,Point Estimate,0.005136,0.053954,0.053954,,0.000000,
MI_2,MI Moderate (μ=2.0),51,Lateral,2,Non-diseased Avg,MCMC,0.008443,,0.062845,0.812506,0.812506,1.000000
MI_2,MI Moderate (μ=2.0),52,Lateral,2,Overall Avg,Point Estimate,0.005834,0.066107,0.066107,,0.000000,
MI_2,MI Moderate (μ=2.0),52,Lateral,2,Overall Avg,MCMC,0.015676,,0.076726,0.845425,0.845425,1.000000
MI_2,MI Moderate (μ=2.0),52,Lateral,2,Diseased Avg,Point Estimate,0.001255,0.035357,0.035357,,0.000000,
MI_2,MI Moderate (μ=2.0),52,Lateral,2,Diseased Avg,MCMC,0.003205,,0.054184,0.763925,0.763925,1.000000
MI_2,MI Moderate (μ=2.0),52,Lateral,2,Non-diseased Avg,Point Estimate,0.006978,0.073794,0.073794,,0.000000,
MI_2,MI Moderate (μ=2.0),52,Lateral,2,Non-diseased Avg,MCMC,0.018794,,0.082362,0.865800,0.865800,1.000000
MI_2,MI Moderate (μ=2.0),53,Lateral,2,Overall Avg,Point Estimate,0.001775,0.033425,0.033425,,0.000000,
MI_2,MI Moderate (μ=2.0),53,Lateral,2,Overall Avg,MCMC,0.010491,,0.069853,0.902900,0.902900,1.000000
MI_2,MI Moderate (μ=2.0),53,Lateral,2,Diseased Avg,Point Estimate,0.001238,0.027487,0.027487,,0.000000,
MI_2,MI Moderate (μ=2.0),53,Lateral,2,Diseased Avg,MCMC,0.004464,,0.072338,1.081402,1.081402,1.000000
MI_2,MI Moderate (μ=2.0),53,Lateral,2,Non-diseased Avg,Point Estimate,0.001909,0.034909,0.034909,,0.000000,
MI_2,MI Moderate (μ=2.0),53,Lateral,2,Non-diseased Avg,MCMC,0.011998,,0.069232,0.858275,0.858275,1.000000
MI_2,MI Moderate (μ=2.0),54,Lateral,2,Overall Avg,Point Estimate,0.010738,0.092639,0.092639,,0.000000,
MI_2,MI Moderate (μ=2.0),54,Lateral,2,Overall Avg,MCMC,0.014925,,0.083100,0.994426,0.994426,1.000000
MI_2,MI Moderate (μ=2.0),54,Lateral,2,Diseased Avg,Point Estimate,0.007159,0.083301,0.083301,,0.000000,
MI_2,MI Moderate (μ=2.0),54,Lateral,2,Diseased Avg,MCMC,0.018421,,0.107615,1.428308,1.428308,1.000000
MI_2,MI Moderate (μ=2.0),54,Lateral,2,Non-diseased Avg,Point Estimate,0.011632,0.094973,0.094973,,0.000000,
MI_2,MI Moderate (μ=2.0),54,Lateral,2,Non-diseased Avg,MCMC,0.014051,,0.076971,0.885956,0.885956,1.000000
MI_2,MI Moderate (μ=2.0),55,Lateral,2,Overall Avg,Point Estimate,0.007253,0.068169,0.068169,,0.000000,
MI_2,MI Moderate (μ=2.0),55,Lateral,2,Overall Avg,MCMC,0.022854,,0.088535,0.934715,0.934715,1.000000
MI_2,MI Moderate (μ=2.0),55,Lateral,2,Diseased Avg,Point Estimate,0.000790,0.026932,0.026932,,0.000000,
MI_2,MI Moderate (μ=2.0),55,Lateral,2,Diseased Avg,MCMC,0.066824,,0.154550,1.232442,1.232442,1.000000
MI_2,MI Moderate (μ=2.0),55,Lateral,2,Non-diseased Avg,Point Estimate,0.008869,0.078478,0.078478,,0.000000,
MI_2,MI Moderate (μ=2.0),55,Lateral,2,Non-diseased Avg,MCMC,0.011861,,0.072032,0.860284,0.860284,1.000000
MI_2,MI Moderate (μ=2.0),56,Lateral,2,Overall Avg,Point Estimate,0.010716,0.086801,0.086801,,0.000000,
MI_2,MI Moderate (μ=2.0),56,Lateral,2,Overall Avg,MCMC,0.024399,,0.084170,0.868373,0.868373,1.000000
MI_2,MI Moderate (μ=2.0),56,Lateral,2,Diseased Avg,Point Estimate,0.000749,0.026608,0.026608,,0.000000,
MI_2,MI Moderate (μ=2.0),56,Lateral,2,Diseased Avg,MCMC,0.004370,,0.053946,0.748690,0.748690,1.000000
MI_2,MI Moderate (μ=2.0),56,Lateral,2,Non-diseased Avg,Point Estimate,0.013208,0.101849,0.101849,,0.000000,
MI_2,MI Moderate (μ=2.0),56,Lateral,2,Non-diseased Avg,MCMC,0.029407,,0.091726,0.898293,0.898293,1.000000
MI_2,MI Moderate (μ=2.0),57,Lateral,2,Overall Avg,Point Estimate,0.004347,0.059081,0.059081,,0.000000,
MI_2,MI Moderate (μ=2.0),57,Lateral,2,Overall Avg,MCMC,0.019385,,0.084497,0.945675,0.945675,1.000000
MI_2,MI Moderate (μ=2.0),57,Lateral,2,Diseased Avg,Point Estimate,0.000602,0.024523,0.024523,,0.000000,
MI_2,MI Moderate (μ=2.0),57,Lateral,2,Diseased Avg,MCMC,0.028876,,0.107421,1.046516,1.046516,1.000000
MI_2,MI Moderate (μ=2.0),57,Lateral,2,Non-diseased Avg,Point Estimate,0.005283,0.067720,0.067720,,0.000000,
MI_2,MI Moderate (μ=2.0),57,Lateral,2,Non-diseased Avg,MCMC,0.017013,,0.078766,0.920465,0.920465,1.000000
MI_2,MI Moderate (μ=2.0),58,Lateral,2,Overall Avg,Point Estimate,0.004112,0.061315,0.061315,,0.000000,
MI_2,MI Moderate (μ=2.0),58,Lateral,2,Overall Avg,MCMC,0.008216,,0.065327,0.888769,0.888769,1.000000
MI_2,MI Moderate (μ=2.0),58,Lateral,2,Diseased Avg,Point Estimate,0.005222,0.069201,0.069201,,0.000000,
MI_2,MI Moderate (μ=2.0),58,Lateral,2,Diseased Avg,MCMC,0.005083,,0.063090,0.966060,0.966060,1.000000
MI_2,MI Moderate (μ=2.0),58,Lateral,2,Non-diseased Avg,Point Estimate,0.003835,0.059344,0.059344,,0.000000,
MI_2,MI Moderate (μ=2.0),58,Lateral,2,Non-diseased Avg,MCMC,0.008999,,0.065887,0.869446,0.869446,1.000000
MI_2,MI Moderate (μ=2.0),59,Lateral,2,Overall Avg,Point Estimate,0.004164,0.059458,0.059458,,0.000000,
MI_2,MI Moderate (μ=2.0),59,Lateral,2,Overall Avg,MCMC,0.013272,,0.074674,0.924452,0.924452,1.000000
MI_2,MI Moderate (μ=2.0),59,Lateral,2,Diseased Avg,Point Estimate,0.005521,0.068264,0.068264,,0.000000,
MI_2,MI Moderate (μ=2.0),59,Lateral,2,Diseased Avg,MCMC,0.022860,,0.101050,1.199192,1.199192,1.000000
MI_2,MI Moderate (μ=2.0),59,Lateral,2,Non-diseased Avg,Point Estimate,0.003825,0.057256,0.057256,,0.000000,
MI_2,MI Moderate (μ=2.0),59,Lateral,2,Non-diseased Avg,MCMC,0.010875,,0.068080,0.855767,0.855767,1.000000
MI_2,MI Moderate (μ=2.0),60,Septal,3,Overall Avg,Point Estimate,0.011204,0.071662,0.071662,,0.000000,
MI_2,MI Moderate (μ=2.0),60,Septal,3,Overall Avg,MCMC,0.039580,,0.098973,0.828178,0.828178,1.000000
MI_2,MI Moderate (μ=2.0),60,Septal,3,Diseased Avg,Point Estimate,0.049306,0.208379,0.208379,,0.000000,
MI_2,MI Moderate (μ=2.0),60,Septal,3,Diseased Avg,MCMC,0.033747,,0.127338,1.515145,1.515145,1.000000
MI_2,MI Moderate (μ=2.0),60,Septal,3,Non-diseased Avg,Point Estimate,0.001679,0.037482,0.037482,,0.000000,
MI_2,MI Moderate (μ=2.0),60,Septal,3,Non-diseased Avg,MCMC,0.041038,,0.091881,0.656436,0.656436,1.000000
MI_2,MI Moderate (μ=2.0),61,Septal,3,Overall Avg,Point Estimate,0.010779,0.076920,0.076920,,0.000000,
MI_2,MI Moderate (μ=2.0),61,Septal,3,Overall Avg,MCMC,0.033895,,0.091920,0.909324,0.909324,1.000000
MI_2,MI Moderate (μ=2.0),61,Septal,3,Diseased Avg,Point Estimate,0.017304,0.131294,0.131294,,0.000000,
MI_2,MI Moderate (μ=2.0),61,Septal,3,Diseased Avg,MCMC,0.076896,,0.175425,1.735183,1.735183,1.000000
MI_2,MI Moderate (μ=2.0),61,Septal,3,Non-diseased Avg,Point Estimate,0.009147,0.063327,0.063327,,0.000000,
MI_2,MI Moderate (μ=2.0),61,Septal,3,Non-diseased Avg,MCMC,0.023144,,0.071044,0.702860,0.702860,1.000000
MI_2,MI Moderate (μ=2.0),62,Septal,3,Overall Avg,Point Estimate,0.003256,0.048923,0.048923,,0.000000,
MI_2,MI Moderate (μ=2.0),62,Septal,3,Overall Avg,MCMC,0.057972,,0.114662,0.841807,0.841807,1.000000
MI_2,MI Moderate (μ=2.0),62,Septal,3,Diseased Avg,Point Estimate,0.002493,0.043475,0.043475,,0.000000,
MI_2,MI Moderate (μ=2.0),62,Septal,3,Diseased Avg,MCMC,0.135174,,0.220407,1.607943,1.607943,1.000000
MI_2,MI Moderate (μ=2.0),62,Septal,3,Non-diseased Avg,Point Estimate,0.003446,0.050285,0.050285,,0.000000,
MI_2,MI Moderate (μ=2.0),62,Septal,3,Non-diseased Avg,MCMC,0.038672,,0.088226,0.650273,0.650273,1.000000
MI_2,MI Moderate (μ=2.0),63,Septal,3,Overall Avg,Point Estimate,0.022289,0.105574,0.105574,,0.000000,
MI_2,MI Moderate (μ=2.0),63,Septal,3,Overall Avg,MCMC,0.026886,,0.083852,0.921568,0.921568,1.000000
MI_2,MI Moderate (μ=2.0),63,Septal,3,Diseased Avg,Point Estimate,0.065763,0.248952,0.248952,,0.000000,
MI_2,MI Moderate (μ=2.0),63,Septal,3,Diseased Avg,MCMC,0.064550,,0.161027,1.730148,1.730148,1.000000
MI_2,MI Moderate (μ=2.0),63,Septal,3,Non-diseased Avg,Point Estimate,0.011421,0.069729,0.069729,,0.000000,
MI_2,MI Moderate (μ=2.0),63,Septal,3,Non-diseased Avg,MCMC,0.017470,,0.064558,0.719423,0.719423,1.000000
MI_2,MI Moderate (μ=2.0),64,Septal,3,Overall Avg,Point Estimate,0.013450,0.084115,0.084115,,0.000000,
MI_2,MI Moderate (μ=2.0),64,Septal,3,Overall Avg,MCMC,0.047187,,0.102603,0.944894,0.944894,1.000000
MI_2,MI Moderate (μ=2.0),64,Septal,3,Diseased Avg,Point Estimate,0.038713,0.194125,0.194125,,0.000000,
MI_2,MI Moderate (μ=2.0),64,Septal,3,Diseased Avg,MCMC,0.117619,,0.199612,1.884071,1.884071,1.000000
MI_2,MI Moderate (μ=2.0),64,Septal,3,Non-diseased Avg,Point Estimate,0.007135,0.056612,0.056612,,0.000000,
MI_2,MI Moderate (μ=2.0),64,Septal,3,Non-diseased Avg,MCMC,0.029579,,0.078351,0.710100,0.710100,1.000000
MI_2,MI Moderate (μ=2.0),65,Septal,3,Overall Avg,Point Estimate,0.062337,0.188200,0.188200,,0.000000,
MI_2,MI Moderate (μ=2.0),65,Septal,3,Overall Avg,MCMC,0.010352,,0.078891,1.087912,1.087912,1.000000
MI_2,MI Moderate (μ=2.0),65,Septal,3,Diseased Avg,Point Estimate,0.200302,0.439474,0.439474,,0.000000,
MI_2,MI Moderate (μ=2.0),65,Septal,3,Diseased Avg,MCMC,0.018033,,0.163631,2.396038,2.396038,1.000000
MI_2,MI Moderate (μ=2.0),65,Septal,3,Non-diseased Avg,Point Estimate,0.027845,0.125382,0.125382,,0.000000,
MI_2,MI Moderate (μ=2.0),65,Septal,3,Non-diseased Avg,MCMC,0.008432,,0.057705,0.760880,0.760880,1.000000
MI_2,MI Moderate (μ=2.0),66,Septal,3,Overall Avg,Point Estimate,0.074660,0.192681,0.192681,,0.000000,
MI_2,MI Moderate (μ=2.0),66,Septal,3,Overall Avg,MCMC,0.022350,,0.082438,0.972774,0.972774,1.000000
MI_2,MI Moderate (μ=2.0),66,Septal,3,Diseased Avg,Point Estimate,0.282248,0.514263,0.514263,,0.000000,
MI_2,MI Moderate (μ=2.0),66,Septal,3,Diseased Avg,MCMC,0.039261,,0.147354,2.066122,2.066122,1.000000
MI_2,MI Moderate (μ=2.0),66,Septal,3,Non-diseased Avg,Point Estimate,0.022763,0.112285,0.112285,,0.000000,
MI_2,MI Moderate (μ=2.0),66,Septal,3,Non-diseased Avg,MCMC,0.018122,,0.066209,0.699437,0.699437,1.000000
MI_2,MI Moderate (μ=2.0),67,Septal,3,Overall Avg,Point Estimate,0.092024,0.215409,0.215409,,0.000000,
MI_2,MI Moderate (μ=2.0),67,Septal,3,Overall Avg,MCMC,0.014166,,0.081733,1.071503,1.071503,1.000000
MI_2,MI Moderate (μ=2.0),67,Septal,3,Diseased Avg,Point Estimate,0.344801,0.572148,0.572148,,0.000000,
MI_2,MI Moderate (μ=2.0),67,Septal,3,Diseased Avg,MCMC,0.004089,,0.144609,2.311233,2.311233,1.000000
MI_2,MI Moderate (μ=2.0),67,Septal,3,Non-diseased Avg,Point Estimate,0.028829,0.126225,0.126225,,0.000000,
MI_2,MI Moderate (μ=2.0),67,Septal,3,Non-diseased Avg,MCMC,0.016685,,0.066014,0.761570,0.761570,1.000000
MI_2,MI Moderate (μ=2.0),68,Septal,3,Overall Avg,Point Estimate,0.032570,0.126064,0.126064,,0.000000,
MI_2,MI Moderate (μ=2.0),68,Septal,3,Overall Avg,MCMC,0.061984,,0.117848,0.752385,0.752385,1.000000
MI_2,MI Moderate (μ=2.0),68,Septal,3,Diseased Avg,Point Estimate,0.006061,0.072484,0.072484,,0.000000,
MI_2,MI Moderate (μ=2.0),68,Septal,3,Diseased Avg,MCMC,0.033285,,0.104074,0.986069,0.986069,1.000000
MI_2,MI Moderate (μ=2.0),68,Septal,3,Non-diseased Avg,Point Estimate,0.039197,0.139458,0.139458,,0.000000,
MI_2,MI Moderate (μ=2.0),68,Septal,3,Non-diseased Avg,MCMC,0.069158,,0.121292,0.693964,0.693964,1.000000
MI_2,MI Moderate (μ=2.0),69,Septal,3,Overall Avg,Point Estimate,0.013429,0.086976,0.086976,,0.000000,
MI_2,MI Moderate (μ=2.0),69,Septal,3,Overall Avg,MCMC,0.038077,,0.093745,0.969327,0.969327,1.000000
MI_2,MI Moderate (μ=2.0),69,Septal,3,Diseased Avg,Point Estimate,0.038523,0.194936,0.194936,,0.000000,
MI_2,MI Moderate (μ=2.0),69,Septal,3,Diseased Avg,MCMC,0.102312,,0.203139,2.081422,2.081422,1.000000
MI_2,MI Moderate (μ=2.0),69,Septal,3,Non-diseased Avg,Point Estimate,0.007155,0.059986,0.059986,,0.000000,
MI_2,MI Moderate (μ=2.0),69,Septal,3,Non-diseased Avg,MCMC,0.022018,,0.066396,0.691303,0.691303,1.000000
MI_2,MI Moderate (μ=2.0),70,Septal,3,Overall Avg,Point Estimate,0.042645,0.160943,0.160943,,0.000000,
MI_2,MI Moderate (μ=2.0),70,Septal,3,Overall Avg,MCMC,0.009007,,0.082792,1.151246,1.151246,1.000000
MI_2,MI Moderate (μ=2.0),70,Septal,3,Diseased Avg,Point Estimate,0.150930,0.379624,0.379624,,0.000000,
MI_2,MI Moderate (μ=2.0),70,Septal,3,Diseased Avg,MCMC,0.018547,,0.196862,2.703289,2.703289,1.000000
MI_2,MI Moderate (μ=2.0),70,Septal,3,Non-diseased Avg,Point Estimate,0.015574,0.106272,0.106272,,0.000000,
MI_2,MI Moderate (μ=2.0),70,Septal,3,Non-diseased Avg,MCMC,0.006622,,0.054274,0.763235,0.763235,1.000000
MI_2,MI Moderate (μ=2.0),71,Septal,3,Overall Avg,Point Estimate,0.069962,0.171958,0.171958,,0.000000,
MI_2,MI Moderate (μ=2.0),71,Septal,3,Overall Avg,MCMC,0.029968,,0.088936,0.931133,0.931133,1.000000
MI_2,MI Moderate (μ=2.0),71,Septal,3,Diseased Avg,Point Estimate,0.288121,0.514492,0.514492,,0.000000,
MI_2,MI Moderate (μ=2.0),71,Septal,3,Diseased Avg,MCMC,0.045075,,0.145060,1.961363,1.961363,1.000000
MI_2,MI Moderate (μ=2.0),71,Septal,3,Non-diseased Avg,Point Estimate,0.015422,0.086324,0.086324,,0.000000,
MI_2,MI Moderate (μ=2.0),71,Septal,3,Non-diseased Avg,MCMC,0.026191,,0.074905,0.673576,0.673576,1.000000
MI_2,MI Moderate (μ=2.0),72,Septal,3,Overall Avg,Point Estimate,0.020998,0.098269,0.098269,,0.000000,
MI_2,MI Moderate (μ=2.0),72,Septal,3,Overall Avg,MCMC,0.036514,,0.094721,0.921918,0.921918,1.000000
MI_2,MI Moderate (μ=2.0),72,Septal,3,Diseased Avg,Point Estimate,0.078949,0.271672,0.271672,,0.000000,
MI_2,MI Moderate (μ=2.0),72,Septal,3,Diseased Avg,MCMC,0.066280,,0.159924,1.777697,1.777697,1.000000
MI_2,MI Moderate (μ=2.0),72,Septal,3,Non-diseased Avg,Point Estimate,0.006511,0.054918,0.054918,,0.000000,
MI_2,MI Moderate (μ=2.0),72,Septal,3,Non-diseased Avg,MCMC,0.029073,,0.078420,0.707973,0.707973,1.000000
MI_2,MI Moderate (μ=2.0),73,Septal,3,Overall Avg,Point Estimate,0.020735,0.105134,0.105134,,0.000000,
MI_2,MI Moderate (μ=2.0),73,Septal,3,Overall Avg,MCMC,0.052157,,0.107385,0.950656,0.950656,1.000000
MI_2,MI Moderate (μ=2.0),73,Septal,3,Diseased Avg,Point Estimate,0.067518,0.256205,0.256205,,0.000000,
MI_2,MI Moderate (μ=2.0),73,Septal,3,Diseased Avg,MCMC,0.127926,,0.211063,1.921792,1.921792,1.000000
MI_2,MI Moderate (μ=2.0),73,Septal,3,Non-diseased Avg,Point Estimate,0.009040,0.067366,0.067366,,0.000000,
MI_2,MI Moderate (μ=2.0),73,Septal,3,Non-diseased Avg,MCMC,0.033215,,0.081465,0.707872,0.707872,1.000000
MI_2,MI Moderate (μ=2.0),74,Septal,3,Overall Avg,Point Estimate,0.023508,0.104292,0.104292,,0.000000,
MI_2,MI Moderate (μ=2.0),74,Septal,3,Overall Avg,MCMC,0.035968,,0.090868,0.884944,0.884944,1.000000
MI_2,MI Moderate (μ=2.0),74,Septal,3,Diseased Avg,Point Estimate,0.092473,0.289871,0.289871,,0.000000,
MI_2,MI Moderate (μ=2.0),74,Septal,3,Diseased Avg,MCMC,0.031502,,0.124080,1.563089,1.563089,1.000000
MI_2,MI Moderate (μ=2.0),74,Septal,3,Non-diseased Avg,Point Estimate,0.006266,0.057898,0.057898,,0.000000,
MI_2,MI Moderate (μ=2.0),74,Septal,3,Non-diseased Avg,MCMC,0.037085,,0.082565,0.715407,0.715407,1.000000
MI_2,MI Moderate (μ=2.0),75,Septal,3,Overall Avg,Point Estimate,0.126760,0.243233,0.243233,,0.000000,
MI_2,MI Moderate (μ=2.0),75,Septal,3,Overall Avg,MCMC,0.014258,,0.080456,1.058824,1.058824,1.000000
MI_2,MI Moderate (μ=2.0),75,Septal,3,Diseased Avg,Point Estimate,0.515772,0.697756,0.697756,,0.000000,
MI_2,MI Moderate (μ=2.0),75,Septal,3,Diseased Avg,MCMC,0.012624,,0.154060,2.285581,2.285581,1.000000
MI_2,MI Moderate (μ=2.0),75,Septal,3,Non-diseased Avg,Point Estimate,0.029508,0.129603,0.129603,,0.000000,
MI_2,MI Moderate (μ=2.0),75,Septal,3,Non-diseased Avg,MCMC,0.014667,,0.062055,0.752135,0.752135,1.000000
MI_2,MI Moderate (μ=2.0),76,Septal,3,Overall Avg,Point Estimate,0.047046,0.152534,0.152534,,0.000000,
MI_2,MI Moderate (μ=2.0),76,Septal,3,Overall Avg,MCMC,0.035832,,0.094773,0.943765,0.943765,1.000000
MI_2,MI Moderate (μ=2.0),76,Septal,3,Diseased Avg,Point Estimate,0.176764,0.413720,0.413720,,0.000000,
MI_2,MI Moderate (μ=2.0),76,Septal,3,Diseased Avg,MCMC,0.095025,,0.198597,2.136613,2.136613,1.000000
MI_2,MI Moderate (μ=2.0),76,Septal,3,Non-diseased Avg,Point Estimate,0.014617,0.087238,0.087238,,0.000000,
MI_2,MI Moderate (μ=2.0),76,Septal,3,Non-diseased Avg,MCMC,0.021034,,0.068817,0.645553,0.645553,1.000000
MI_2,MI Moderate (μ=2.0),77,Septal,3,Overall Avg,Point Estimate,0.017449,0.100678,0.100678,,0.000000,
MI_2,MI Moderate (μ=2.0),77,Septal,3,Overall Avg,MCMC,0.025698,,0.083725,0.998183,0.998183,1.000000
MI_2,MI Moderate (μ=2.0),77,Septal,3,Diseased Avg,Point Estimate,0.045042,0.210439,0.210439,,0.000000,
MI_2,MI Moderate (μ=2.0),77,Septal,3,Diseased Avg,MCMC,0.077704,,0.182070,2.087899,2.087899,1.000000
MI_2,MI Moderate (μ=2.0),77,Septal,3,Non-diseased Avg,Point Estimate,0.010551,0.073238,0.073238,,0.000000,
MI_2,MI Moderate (μ=2.0),77,Septal,3,Non-diseased Avg,MCMC,0.012696,,0.059138,0.725754,0.725754,1.000000
MI_2,MI Moderate (μ=2.0),78,Septal,3,Overall Avg,Point Estimate,0.034320,0.133277,0.133277,,0.000000,
MI_2,MI Moderate (μ=2.0),78,Septal,3,Overall Avg,MCMC,0.029103,,0.089082,1.080640,1.080640,1.000000
MI_2,MI Moderate (μ=2.0),78,Septal,3,Diseased Avg,Point Estimate,0.131361,0.355521,0.355521,,0.000000,
MI_2,MI Moderate (μ=2.0),78,Septal,3,Diseased Avg,MCMC,0.096231,,0.219036,2.574213,2.574213,1.000000
MI_2,MI Moderate (μ=2.0),78,Septal,3,Non-diseased Avg,Point Estimate,0.010059,0.077716,0.077716,,0.000000,
MI_2,MI Moderate (μ=2.0),78,Septal,3,Non-diseased Avg,MCMC,0.012321,,0.056593,0.707247,0.707247,1.000000
MI_2,MI Moderate (μ=2.0),79,Septal,3,Overall Avg,Point Estimate,0.006795,0.071199,0.071199,,0.000000,
MI_2,MI Moderate (μ=2.0),79,Septal,3,Overall Avg,MCMC,0.039487,,0.097429,0.994117,0.994117,1.000000
MI_2,MI Moderate (μ=2.0),79,Septal,3,Diseased Avg,Point Estimate,0.013766,0.116901,0.116901,,0.000000,
MI_2,MI Moderate (μ=2.0),79,Septal,3,Diseased Avg,MCMC,0.090435,,0.189696,2.034445,2.034445,1.000000
MI_2,MI Moderate (μ=2.0),79,Septal,3,Non-diseased Avg,Point Estimate,0.005052,0.059774,0.059774,,0.000000,
MI_2,MI Moderate (μ=2.0),79,Septal,3,Non-diseased Avg,MCMC,0.026750,,0.074362,0.734036,0.734036,1.000000
MI_2,MI Moderate (μ=2.0),80,Apical,4,Overall Avg,Point Estimate,0.030856,0.122252,0.122252,,0.000000,
MI_2,MI Moderate (μ=2.0),80,Apical,4,Overall Avg,MCMC,0.044025,,0.108065,0.867642,0.867642,1.000000
MI_2,MI Moderate (μ=2.0),80,Apical,4,Diseased Avg,Point Estimate,0.001071,0.032533,0.032533,,0.000000,
MI_2,MI Moderate (μ=2.0),80,Apical,4,Diseased Avg,MCMC,0.003096,,0.056341,0.812469,0.812469,1.000000
MI_2,MI Moderate (μ=2.0),80,Apical,4,Non-diseased Avg,Point Estimate,0.038303,0.144682,0.144682,,0.000000,
MI_2,MI Moderate (μ=2.0),80,Apical,4,Non-diseased Avg,MCMC,0.054258,,0.120996,0.881436,0.881436,1.000000
MI_2,MI Moderate (μ=2.0),81,Apical,4,Overall Avg,Point Estimate,0.024224,0.118907,0.118907,,0.000000,
MI_2,MI Moderate (μ=2.0),81,Apical,4,Overall Avg,MCMC,0.052568,,0.109135,0.791188,0.791188,1.000000
MI_2,MI Moderate (μ=2.0),81,Apical,4,Diseased Avg,Point Estimate,0.000222,0.013918,0.013918,,0.000000,
MI_2,MI Moderate (μ=2.0),81,Apical,4,Diseased Avg,MCMC,0.000355,,0.037589,0.592248,0.592248,1.000000
MI_2,MI Moderate (μ=2.0),81,Apical,4,Non-diseased Avg,Point Estimate,0.030225,0.145154,0.145154,,0.000000,
MI_2,MI Moderate (μ=2.0),81,Apical,4,Non-diseased Avg,MCMC,0.065621,,0.127021,0.840923,0.840923,1.000000
MI_2,MI Moderate (μ=2.0),82,Apical,4,Overall Avg,Point Estimate,0.015983,0.112022,0.112022,,0.000000,
MI_2,MI Moderate (μ=2.0),82,Apical,4,Overall Avg,MCMC,0.025559,,0.088976,0.933737,0.933737,1.000000
MI_2,MI Moderate (μ=2.0),82,Apical,4,Diseased Avg,Point Estimate,0.001177,0.033614,0.033614,,0.000000,
MI_2,MI Moderate (μ=2.0),82,Apical,4,Diseased Avg,MCMC,0.014003,,0.080188,1.016142,1.016142,1.000000
MI_2,MI Moderate (μ=2.0),82,Apical,4,Non-diseased Avg,Point Estimate,0.019684,0.131624,0.131624,,0.000000,
MI_2,MI Moderate (μ=2.0),82,Apical,4,Non-diseased Avg,MCMC,0.028448,,0.091173,0.913136,0.913136,1.000000
MI_2,MI Moderate (μ=2.0),83,Apical,4,Overall Avg,Point Estimate,0.010259,0.089218,0.089218,,0.000000,
MI_2,MI Moderate (μ=2.0),83,Apical,4,Overall Avg,MCMC,0.021907,,0.083900,0.927390,0.927390,1.000000
MI_2,MI Moderate (μ=2.0),83,Apical,4,Diseased Avg,Point Estimate,0.008816,0.092944,0.092944,,0.000000,
MI_2,MI Moderate (μ=2.0),83,Apical,4,Diseased Avg,MCMC,0.001962,,0.061992,1.004269,1.004269,1.000000
MI_2,MI Moderate (μ=2.0),83,Apical,4,Non-diseased Avg,Point Estimate,0.010620,0.088287,0.088287,,0.000000,
MI_2,MI Moderate (μ=2.0),83,Apical,4,Non-diseased Avg,MCMC,0.026894,,0.089377,0.908170,0.908170,1.000000
MI_2,MI Moderate (μ=2.0),84,Apical,4,Overall Avg,Point Estimate,0.007949,0.087120,0.087120,,0.000000,
MI_2,MI Moderate (μ=2.0),84,Apical,4,Overall Avg,MCMC,0.034496,,0.094916,0.887913,0.887913,1.000000
MI_2,MI Moderate (μ=2.0),84,Apical,4,Diseased Avg,Point Estimate,0.004278,0.063332,0.063332,,0.000000,
MI_2,MI Moderate (μ=2.0),84,Apical,4,Diseased Avg,MCMC,0.000093,,0.048064,0.814207,0.814207,1.000000
MI_2,MI Moderate (μ=2.0),84,Apical,4,Non-diseased Avg,Point Estimate,0.008867,0.093067,0.093067,,0.000000,
MI_2,MI Moderate (μ=2.0),84,Apical,4,Non-diseased Avg,MCMC,0.043097,,0.106628,0.906339,0.906339,1.000000
MI_2,MI Moderate (μ=2.0),85,Apical,4,Overall Avg,Point Estimate,0.012931,0.109768,0.109768,,0.000000,
MI_2,MI Moderate (μ=2.0),85,Apical,4,Overall Avg,MCMC,0.035025,,0.095020,0.935470,0.935470,1.000000
MI_2,MI Moderate (μ=2.0),85,Apical,4,Diseased Avg,Point Estimate,0.008052,0.089150,0.089150,,0.000000,
MI_2,MI Moderate (μ=2.0),85,Apical,4,Diseased Avg,MCMC,0.001484,,0.055463,0.879457,0.879457,1.000000
MI_2,MI Moderate (μ=2.0),85,Apical,4,Non-diseased Avg,Point Estimate,0.014151,0.114922,0.114922,,0.000000,
MI_2,MI Moderate (μ=2.0),85,Apical,4,Non-diseased Avg,MCMC,0.043411,,0.104909,0.949473,0.949473,1.000000
MI_2,MI Moderate (μ=2.0),86,Apical,4,Overall Avg,Point Estimate,0.008978,0.087210,0.087210,,0.000000,
MI_2,MI Moderate (μ=2.0),86,Apical,4,Overall Avg,MCMC,0.018964,,0.084987,0.970498,0.970498,1.000000
MI_2,MI Moderate (μ=2.0),86,Apical,4,Diseased Avg,Point Estimate,0.000797,0.028222,0.028222,,0.000000,
MI_2,MI Moderate (μ=2.0),86,Apical,4,Diseased Avg,MCMC,0.008377,,0.074868,1.051126,1.051126,1.000000
MI_2,MI Moderate (μ=2.0),86,Apical,4,Non-diseased Avg,Point Estimate,0.011023,0.101957,0.101957,,0.000000,
MI_2,MI Moderate (μ=2.0),86,Apical,4,Non-diseased Avg,MCMC,0.021611,,0.087517,0.950341,0.950341,1.000000
MI_2,MI Moderate (μ=2.0),87,Apical,4,Overall Avg,Point Estimate,0.048087,0.129560,0.129560,,0.000000,
MI_2,MI Moderate (μ=2.0),87,Apical,4,Overall Avg,MCMC,0.067977,,0.123984,0.800671,0.800671,1.000000
MI_2,MI Moderate (μ=2.0),87,Apical,4,Diseased Avg,Point Estimate,0.000225,0.014880,0.014880,,0.000000,
MI_2,MI Moderate (μ=2.0),87,Apical,4,Diseased Avg,MCMC,0.002027,,0.032040,0.386267,0.386267,1.000000
MI_2,MI Moderate (μ=2.0),87,Apical,4,Non-diseased Avg,Point Estimate,0.060053,0.158230,0.158230,,0.000000,
MI_2,MI Moderate (μ=2.0),87,Apical,4,Non-diseased Avg,MCMC,0.084465,,0.146970,0.904272,0.904272,1.000000
MI_2,MI Moderate (μ=2.0),88,Apical,4,Overall Avg,Point Estimate,0.002288,0.040101,0.040101,,0.000000,
MI_2,MI Moderate (μ=2.0),88,Apical,4,Overall Avg,MCMC,0.018244,,0.084358,0.978056,0.978056,1.000000
MI_2,MI Moderate (μ=2.0),88,Apical,4,Diseased Avg,Point Estimate,0.000020,0.004398,0.004398,,0.000000,
MI_2,MI Moderate (μ=2.0),88,Apical,4,Diseased Avg,MCMC,0.012606,,0.081499,1.053109,1.053109,1.000000
MI_2,MI Moderate (μ=2.0),88,Apical,4,Non-diseased Avg,Point Estimate,0.002855,0.049026,0.049026,,0.000000,
MI_2,MI Moderate (μ=2.0),88,Apical,4,Non-diseased Avg,MCMC,0.019654,,0.085072,0.959292,0.959292,1.000000
MI_2,MI Moderate (μ=2.0),89,Apical,4,Overall Avg,Point Estimate,0.003025,0.050821,0.050821,,0.000000,
MI_2,MI Moderate (μ=2.0),89,Apical,4,Overall Avg,MCMC,0.022934,,0.085113,0.932694,0.932694,1.000000
MI_2,MI Moderate (μ=2.0),89,Apical,4,Diseased Avg,Point Estimate,0.000385,0.019431,0.019431,,0.000000,
MI_2,MI Moderate (μ=2.0),89,Apical,4,Diseased Avg,MCMC,0.000250,,0.060092,0.961941,0.961941,1.000000
MI_2,MI Moderate (μ=2.0),89,Apical,4,Non-diseased Avg,Point Estimate,0.003685,0.058668,0.058668,,0.000000,
MI_2,MI Moderate (μ=2.0),89,Apical,4,Non-diseased Avg,MCMC,0.028605,,0.091368,0.925383,0.925383,1.000000
MI_2,MI Moderate (μ=2.0),90,Apical,4,Overall Avg,Point Estimate,0.008886,0.076477,0.076477,,0.000000,
MI_2,MI Moderate (μ=2.0),90,Apical,4,Overall Avg,MCMC,0.026135,,0.090553,0.980032,0.980032,1.000000
MI_2,MI Moderate (μ=2.0),90,Apical,4,Diseased Avg,Point Estimate,0.000144,0.010810,0.010810,,0.000000,
MI_2,MI Moderate (μ=2.0),90,Apical,4,Diseased Avg,MCMC,0.004986,,0.066041,1.041540,1.041540,1.000000
MI_2,MI Moderate (μ=2.0),90,Apical,4,Non-diseased Avg,Point Estimate,0.011072,0.092894,0.092894,,0.000000,
MI_2,MI Moderate (μ=2.0),90,Apical,4,Non-diseased Avg,MCMC,0.031422,,0.096681,0.964655,0.964655,1.000000
MI_2,MI Moderate (μ=2.0),91,Apical,4,Overall Avg,Point Estimate,0.060050,0.156528,0.156528,,0.000000,
MI_2,MI Moderate (μ=2.0),91,Apical,4,Overall Avg,MCMC,0.050974,,0.114211,0.772281,0.772281,1.000000
MI_2,MI Moderate (μ=2.0),91,Apical,4,Diseased Avg,Point Estimate,0.003204,0.056591,0.056591,,0.000000,
MI_2,MI Moderate (μ=2.0),91,Apical,4,Diseased Avg,MCMC,0.000410,,0.024602,0.363013,0.363013,1.000000
MI_2,MI Moderate (μ=2.0),91,Apical,4,Non-diseased Avg,Point Estimate,0.074261,0.181512,0.181512,,0.000000,
MI_2,MI Moderate (μ=2.0),91,Apical,4,Non-diseased Avg,MCMC,0.063615,,0.136613,0.874598,0.874598,1.000000
MI_2,MI Moderate (μ=2.0),92,Apical,4,Overall Avg,Point Estimate,0.027618,0.148523,0.148523,,0.000000,
MI_2,MI Moderate (μ=2.0),92,Apical,4,Overall Avg,MCMC,0.032034,,0.091665,0.912518,0.912518,1.000000
MI_2,MI Moderate (μ=2.0),92,Apical,4,Diseased Avg,Point Estimate,0.009552,0.097245,0.097245,,0.000000,
MI_2,MI Moderate (μ=2.0),92,Apical,4,Diseased Avg,MCMC,0.003341,,0.065996,1.046657,1.046657,1.000000
MI_2,MI Moderate (μ=2.0),92,Apical,4,Non-diseased Avg,Point Estimate,0.032134,0.161343,0.161343,,0.000000,
MI_2,MI Moderate (μ=2.0),92,Apical,4,Non-diseased Avg,MCMC,0.039207,,0.098082,0.878984,0.878984,1.000000
MI_2,MI Moderate (μ=2.0),93,Apical,4,Overall Avg,Point Estimate,0.055069,0.155713,0.155713,,0.000000,
MI_2,MI Moderate (μ=2.0),93,Apical,4,Overall Avg,MCMC,0.082346,,0.145732,0.769592,0.769592,1.000000
MI_2,MI Moderate (μ=2.0),93,Apical,4,Diseased Avg,Point Estimate,0.000089,0.008860,0.008860,,0.000000,
MI_2,MI Moderate (μ=2.0),93,Apical,4,Diseased Avg,MCMC,0.002329,,0.033415,0.397220,0.397220,1.000000
MI_2,MI Moderate (μ=2.0),93,Apical,4,Non-diseased Avg,Point Estimate,0.068814,0.192427,0.192427,,0.000000,
MI_2,MI Moderate (μ=2.0),93,Apical,4,Non-diseased Avg,MCMC,0.102351,,0.173812,0.862685,0.862685,1.000000
MI_2,MI Moderate (μ=2.0),94,Apical,4,Overall Avg,Point Estimate,0.034097,0.158326,0.158326,,0.000000,
MI_2,MI Moderate (μ=2.0),94,Apical,4,Overall Avg,MCMC,0.021984,,0.085604,0.990703,0.990703,1.000000
MI_2,MI Moderate (μ=2.0),94,Apical,4,Diseased Avg,Point Estimate,0.004914,0.070081,0.070081,,0.000000,
MI_2,MI Moderate (μ=2.0),94,Apical,4,Diseased Avg,MCMC,0.009063,,0.078578,1.073253,1.073253,1.000000
MI_2,MI Moderate (μ=2.0),94,Apical,4,Non-diseased Avg,Point Estimate,0.041392,0.180387,0.180387,,0.000000,
MI_2,MI Moderate (μ=2.0),94,Apical,4,Non-diseased Avg,MCMC,0.025214,,0.087361,0.970065,0.970065,1.000000
MI_2,MI Moderate (μ=2.0),95,Apical,4,Overall Avg,Point Estimate,0.006065,0.069954,0.069954,,0.000000,
MI_2,MI Moderate (μ=2.0),95,Apical,4,Overall Avg,MCMC,0.041875,,0.102646,0.901845,0.901845,1.000000
MI_2,MI Moderate (μ=2.0),95,Apical,4,Diseased Avg,Point Estimate,0.000553,0.023304,0.023304,,0.000000,
MI_2,MI Moderate (μ=2.0),95,Apical,4,Diseased Avg,MCMC,0.001004,,0.046232,0.736433,0.736433,1.000000
MI_2,MI Moderate (μ=2.0),95,Apical,4,Non-diseased Avg,Point Estimate,0.007443,0.081617,0.081617,,0.000000,
MI_2,MI Moderate (μ=2.0),95,Apical,4,Non-diseased Avg,MCMC,0.052092,,0.116750,0.943198,0.943198,1.000000
MI_2,MI Moderate (μ=2.0),96,Apical,4,Overall Avg,Point Estimate,0.012305,0.105831,0.105831,,0.000000,
MI_2,MI Moderate (μ=2.0),96,Apical,4,Overall Avg,MCMC,0.037430,,0.098348,0.944461,0.944461,1.000000
MI_2,MI Moderate (μ=2.0),96,Apical,4,Diseased Avg,Point Estimate,0.005677,0.074849,0.074849,,0.000000,
MI_2,MI Moderate (μ=2.0),96,Apical,4,Diseased Avg,MCMC,0.000077,,0.052149,0.903129,0.903129,1.000000
MI_2,MI Moderate (μ=2.0),96,Apical,4,Non-diseased Avg,Point Estimate,0.013963,0.113577,0.113577,,0.000000,
MI_2,MI Moderate (μ=2.0),96,Apical,4,Non-diseased Avg,MCMC,0.046768,,0.109898,0.954793,0.954793,1.000000
MI_2,MI Moderate (μ=2.0),97,Apical,4,Overall Avg,Point Estimate,0.025849,0.125911,0.125911,,0.000000,
MI_2,MI Moderate (μ=2.0),97,Apical,4,Overall Avg,MCMC,0.025059,,0.091341,0.971391,0.971391,1.000000
MI_2,MI Moderate (μ=2.0),97,Apical,4,Diseased Avg,Point Estimate,0.008487,0.091240,0.091240,,0.000000,
MI_2,MI Moderate (μ=2.0),97,Apical,4,Diseased Avg,MCMC,0.004044,,0.071004,1.081432,1.081432,1.000000
MI_2,MI Moderate (μ=2.0),97,Apical,4,Non-diseased Avg,Point Estimate,0.030189,0.134579,0.134579,,0.000000,
MI_2,MI Moderate (μ=2.0),97,Apical,4,Non-diseased Avg,MCMC,0.030313,,0.096425,0.943881,0.943881,1.000000
MI_2,MI Moderate (μ=2.0),98,Apical,4,Overall Avg,Point Estimate,0.037558,0.134140,0.134140,,0.000000,
MI_2,MI Moderate (μ=2.0),98,Apical,4,Overall Avg,MCMC,0.035842,,0.103002,0.959398,0.959398,1.000000
MI_2,MI Moderate (μ=2.0),98,Apical,4,Diseased Avg,Point Estimate,0.003780,0.061441,0.061441,,0.000000,
MI_2,MI Moderate (μ=2.0),98,Apical,4,Diseased Avg,MCMC,0.008238,,0.080249,1.178868,1.178868,1.000000
MI_2,MI Moderate (μ=2.0),98,Apical,4,Non-diseased Avg,Point Estimate,0.046003,0.152315,0.152315,,0.000000,
MI_2,MI Moderate (μ=2.0),98,Apical,4,Non-diseased Avg,MCMC,0.042743,,0.108690,0.904530,0.904530,1.000000
MI_2,MI Moderate (μ=2.0),99,Apical,4,Overall Avg,Point Estimate,0.006342,0.073690,0.073690,,0.000000,
MI_2,MI Moderate (μ=2.0),99,Apical,4,Overall Avg,MCMC,0.019116,,0.084597,0.977924,0.977924,1.000000
MI_2,MI Moderate (μ=2.0),99,Apical,4,Diseased Avg,Point Estimate,0.000904,0.029137,0.029137,,0.000000,
MI_2,MI Moderate (μ=2.0),99,Apical,4,Diseased Avg,MCMC,0.008605,,0.079886,1.103658,1.103658,1.000000
MI_2,MI Moderate (μ=2.0),99,Apical,4,Non-diseased Avg,Point Estimate,0.007701,0.084828,0.084828,,0.000000,
MI_2,MI Moderate (μ=2.0),99,Apical,4,Non-diseased Avg,MCMC,0.021744,,0.085775,0.946490,0.946490,1.000000
MI_3,MI Severe (μ=3.0),0,Anterior,0,Overall Avg,Point Estimate,0.014547,0.101310,0.101310,,0.000000,
MI_3,MI Severe (μ=3.0),0,Anterior,0,Overall Avg,MCMC,0.063267,,0.132103,1.136745,1.136745,1.000000
MI_3,MI Severe (μ=3.0),0,Anterior,0,Diseased Avg,Point Estimate,0.006066,0.063432,0.063432,,0.000000,
MI_3,MI Severe (μ=3.0),0,Anterior,0,Diseased Avg,MCMC,0.014030,,0.139199,2.278819,2.278819,1.000000
MI_3,MI Severe (μ=3.0),0,Anterior,0,Non-diseased Avg,Point Estimate,0.016668,0.110780,0.110780,,0.000000,
MI_3,MI Severe (μ=3.0),0,Anterior,0,Non-diseased Avg,MCMC,0.075577,,0.130329,0.851227,0.851227,1.000000
MI_3,MI Severe (μ=3.0),1,Anterior,0,Overall Avg,Point Estimate,0.009439,0.076505,0.076505,,0.000000,
MI_3,MI Severe (μ=3.0),1,Anterior,0,Overall Avg,MCMC,0.037520,,0.109092,1.128947,1.128947,1.000000
MI_3,MI Severe (μ=3.0),1,Anterior,0,Diseased Avg,Point Estimate,0.000664,0.025297,0.025297,,0.000000,
MI_3,MI Severe (μ=3.0),1,Anterior,0,Diseased Avg,MCMC,0.006478,,0.132238,2.151850,2.151850,1.000000
MI_3,MI Severe (μ=3.0),1,Anterior,0,Non-diseased Avg,Point Estimate,0.011633,0.089307,0.089307,,0.000000,
MI_3,MI Severe (μ=3.0),1,Anterior,0,Non-diseased Avg,MCMC,0.045280,,0.103305,0.873222,0.873222,1.000000
MI_3,MI Severe (μ=3.0),2,Anterior,0,Overall Avg,Point Estimate,0.032969,0.149480,0.149480,,0.000000,
MI_3,MI Severe (μ=3.0),2,Anterior,0,Overall Avg,MCMC,0.040605,,0.110156,1.192476,1.192476,1.000000
MI_3,MI Severe (μ=3.0),2,Anterior,0,Diseased Avg,Point Estimate,0.111142,0.330977,0.330977,,0.000000,
MI_3,MI Severe (μ=3.0),2,Anterior,0,Diseased Avg,MCMC,0.007866,,0.150395,2.369567,2.369567,1.000000
MI_3,MI Severe (μ=3.0),2,Anterior,0,Non-diseased Avg,Point Estimate,0.013425,0.104105,0.104105,,0.000000,
MI_3,MI Severe (μ=3.0),2,Anterior,0,Non-diseased Avg,MCMC,0.048790,,0.100097,0.898204,0.898204,1.000000
MI_3,MI Severe (μ=3.0),3,Anterior,0,Overall Avg,Point Estimate,0.148484,0.257572,0.257572,,0.000000,
MI_3,MI Severe (μ=3.0),3,Anterior,0,Overall Avg,MCMC,0.064186,,0.133589,1.202059,1.202059,1.000000
MI_3,MI Severe (μ=3.0),3,Anterior,0,Diseased Avg,Point Estimate,0.647524,0.797568,0.797568,,0.000000,
MI_3,MI Severe (μ=3.0),3,Anterior,0,Diseased Avg,MCMC,0.064357,,0.203588,2.453276,2.453276,1.000000
MI_3,MI Severe (μ=3.0),3,Anterior,0,Non-diseased Avg,Point Estimate,0.023725,0.122573,0.122573,,0.000000,
MI_3,MI Severe (μ=3.0),3,Anterior,0,Non-diseased Avg,MCMC,0.064144,,0.116090,0.889255,0.889255,1.000000
MI_3,MI Severe (μ=3.0),4,Anterior,0,Overall Avg,Point Estimate,0.007073,0.069155,0.069155,,0.000000,
MI_3,MI Severe (μ=3.0),4,Anterior,0,Overall Avg,MCMC,0.048201,,0.121417,1.140615,1.140615,1.000000
MI_3,MI Severe (μ=3.0),4,Anterior,0,Diseased Avg,Point Estimate,0.001820,0.035748,0.035748,,0.000000,
MI_3,MI Severe (μ=3.0),4,Anterior,0,Diseased Avg,MCMC,0.002795,,0.132980,2.127371,2.127371,1.000000
MI_3,MI Severe (μ=3.0),4,Anterior,0,Non-diseased Avg,Point Estimate,0.008386,0.077507,0.077507,,0.000000,
MI_3,MI Severe (μ=3.0),4,Anterior,0,Non-diseased Avg,MCMC,0.059552,,0.118527,0.893926,0.893926,1.000000
MI_3,MI Severe (μ=3.0),5,Anterior,0,Overall Avg,Point Estimate,0.037746,0.128796,0.128796,,0.000000,
MI_3,MI Severe (μ=3.0),5,Anterior,0,Overall Avg,MCMC,0.044338,,0.117968,1.248318,1.248318,1.000000
MI_3,MI Severe (μ=3.0),5,Anterior,0,Diseased Avg,Point Estimate,0.169411,0.407167,0.407167,,0.000000,
MI_3,MI Severe (μ=3.0),5,Anterior,0,Diseased Avg,MCMC,0.027392,,0.170433,2.493866,2.493866,1.000000
MI_3,MI Severe (μ=3.0),5,Anterior,0,Non-diseased Avg,Point Estimate,0.004829,0.059203,0.059203,,0.000000,
MI_3,MI Severe (μ=3.0),5,Anterior,0,Non-diseased Avg,MCMC,0.048574,,0.104852,0.936931,0.936931,1.000000
MI_3,MI Severe (μ=3.0),6,Anterior,0,Overall Avg,Point Estimate,0.020318,0.123601,0.123601,,0.000000,
MI_3,MI Severe (μ=3.0),6,Anterior,0,Overall Avg,MCMC,0.050290,,0.119053,1.113943,1.113943,1.000000
MI_3,MI Severe (μ=3.0),6,Anterior,0,Diseased Avg,Point Estimate,0.017460,0.123947,0.123947,,0.000000,
MI_3,MI Severe (μ=3.0),6,Anterior,0,Diseased Avg,MCMC,0.001765,,0.128399,2.148587,2.148587,1.000000
MI_3,MI Severe (μ=3.0),6,Anterior,0,Non-diseased Avg,Point Estimate,0.021032,0.123515,0.123515,,0.000000,
MI_3,MI Severe (μ=3.0),6,Anterior,0,Non-diseased Avg,MCMC,0.062421,,0.116716,0.855282,0.855282,1.000000
MI_3,MI Severe (μ=3.0),7,Anterior,0,Overall Avg,Point Estimate,0.019390,0.111502,0.111502,,0.000000,
MI_3,MI Severe (μ=3.0),7,Anterior,0,Overall Avg,MCMC,0.044686,,0.108969,1.088262,1.088262,1.000000
MI_3,MI Severe (μ=3.0),7,Anterior,0,Diseased Avg,Point Estimate,0.002222,0.036751,0.036751,,0.000000,
MI_3,MI Severe (μ=3.0),7,Anterior,0,Diseased Avg,MCMC,0.004077,,0.129202,2.134453,2.134453,1.000000
MI_3,MI Severe (μ=3.0),7,Anterior,0,Non-diseased Avg,Point Estimate,0.023682,0.130189,0.130189,,0.000000,
MI_3,MI Severe (μ=3.0),7,Anterior,0,Non-diseased Avg,MCMC,0.054838,,0.103910,0.826715,0.826715,1.000000
MI_3,MI Severe (μ=3.0),8,Anterior,0,Overall Avg,Point Estimate,0.017941,0.107208,0.107208,,0.000000,
MI_3,MI Severe (μ=3.0),8,Anterior,0,Overall Avg,MCMC,0.074859,,0.147889,1.330038,0.996448,0.800000
MI_3,MI Severe (μ=3.0),8,Anterior,0,Diseased Avg,Point Estimate,0.006772,0.078080,0.078080,,0.000000,
MI_3,MI Severe (μ=3.0),8,Anterior,0,Diseased Avg,MCMC,0.003000,,0.124835,1.968352,1.968352,1.000000
MI_3,MI Severe (μ=3.0),8,Anterior,0,Non-diseased Avg,Point Estimate,0.020733,0.114490,0.114490,,0.000000,
MI_3,MI Severe (μ=3.0),8,Anterior,0,Non-diseased Avg,MCMC,0.092824,,0.153652,1.170459,0.753472,0.750000
MI_3,MI Severe (μ=3.0),9,Anterior,0,Overall Avg,Point Estimate,0.010472,0.085842,0.085842,,0.000000,
MI_3,MI Severe (μ=3.0),9,Anterior,0,Overall Avg,MCMC,0.043323,,0.113452,1.096225,1.096225,1.000000
MI_3,MI Severe (μ=3.0),9,Anterior,0,Diseased Avg,Point Estimate,0.003320,0.046367,0.046367,,0.000000,
MI_3,MI Severe (μ=3.0),9,Anterior,0,Diseased Avg,MCMC,0.003963,,0.128221,1.986614,1.986614,1.000000
MI_3,MI Severe (μ=3.0),9,Anterior,0,Non-diseased Avg,Point Estimate,0.012260,0.095710,0.095710,,0.000000,
MI_3,MI Severe (μ=3.0),9,Anterior,0,Non-diseased Avg,MCMC,0.053163,,0.109760,0.873627,0.873627,1.000000
MI_3,MI Severe (μ=3.0),10,Anterior,0,Overall Avg,Point Estimate,0.012825,0.091593,0.091593,,0.000000,
MI_3,MI Severe (μ=3.0),10,Anterior,0,Overall Avg,MCMC,0.044188,,0.113452,1.007884,1.007884,1.000000
MI_3,MI Severe (μ=3.0),10,Anterior,0,Diseased Avg,Point Estimate,0.035766,0.181099,0.181099,,0.000000,
MI_3,MI Severe (μ=3.0),10,Anterior,0,Diseased Avg,MCMC,0.001240,,0.113521,1.796223,1.796223,1.000000
MI_3,MI Severe (μ=3.0),10,Anterior,0,Non-diseased Avg,Point Estimate,0.007089,0.069216,0.069216,,0.000000,
MI_3,MI Severe (μ=3.0),10,Anterior,0,Non-diseased Avg,MCMC,0.054925,,0.113434,0.810799,0.810799,1.000000
MI_3,MI Severe (μ=3.0),11,Anterior,0,Overall Avg,Point Estimate,0.220362,0.302207,0.302207,,0.000000,
MI_3,MI Severe (μ=3.0),11,Anterior,0,Overall Avg,MCMC,0.062865,,0.128782,1.142995,1.142995,1.000000
MI_3,MI Severe (μ=3.0),11,Anterior,0,Diseased Avg,Point Estimate,1.011118,0.987195,0.987195,,0.000000,
MI_3,MI Severe (μ=3.0),11,Anterior,0,Diseased Avg,MCMC,0.010051,,0.149218,2.392051,2.392051,1.000000
MI_3,MI Severe (μ=3.0),11,Anterior,0,Non-diseased Avg,Point Estimate,0.022673,0.130960,0.130960,,0.000000,
MI_3,MI Severe (μ=3.0),11,Anterior,0,Non-diseased Avg,MCMC,0.076068,,0.123673,0.830731,0.830731,1.000000
MI_3,MI Severe (μ=3.0),12,Anterior,0,Overall Avg,Point Estimate,0.021224,0.114611,0.114611,,0.000000,
MI_3,MI Severe (μ=3.0),12,Anterior,0,Overall Avg,MCMC,0.052274,,0.110943,0.984085,0.984085,1.000000
MI_3,MI Severe (μ=3.0),12,Anterior,0,Diseased Avg,Point Estimate,0.008572,0.071027,0.071027,,0.000000,
MI_3,MI Severe (μ=3.0),12,Anterior,0,Diseased Avg,MCMC,0.002516,,0.106471,1.724892,1.724892,1.000000
MI_3,MI Severe (μ=3.0),12,Anterior,0,Non-diseased Avg,Point Estimate,0.024387,0.125507,0.125507,,0.000000,
MI_3,MI Severe (μ=3.0),12,Anterior,0,Non-diseased Avg,MCMC,0.064714,,0.112061,0.798883,0.798883,1.000000
MI_3,MI Severe (μ=3.0),13,Anterior,0,Overall Avg,Point Estimate,0.012425,0.095088,0.095088,,0.000000,
MI_3,MI Severe (μ=3.0),13,Anterior,0,Overall Avg,MCMC,0.072341,,0.147836,1.087976,1.087976,1.000000
MI_3,MI Severe (μ=3.0),13,Anterior,0,Diseased Avg,Point Estimate,0.009494,0.093996,0.093996,,0.000000,
MI_3,MI Severe (μ=3.0),13,Anterior,0,Diseased Avg,MCMC,0.021215,,0.159754,2.173790,2.173790,1.000000
MI_3,MI Severe (μ=3.0),13,Anterior,0,Non-diseased Avg,Point Estimate,0.013158,0.095361,0.095361,,0.000000,
MI_3,MI Severe (μ=3.0),13,Anterior,0,Non-diseased Avg,MCMC,0.085123,,0.144856,0.816522,0.816522,1.000000
MI_3,MI Severe (μ=3.0),14,Anterior,0,Overall Avg,Point Estimate,0.128640,0.224795,0.224795,,0.000000,
MI_3,MI Severe (μ=3.0),14,Anterior,0,Overall Avg,MCMC,0.081194,,0.151841,1.148466,1.148466,1.000000
MI_3,MI Severe (μ=3.0),14,Anterior,0,Diseased Avg,Point Estimate,0.597037,0.767300,0.767300,,0.000000,
MI_3,MI Severe (μ=3.0),14,Anterior,0,Diseased Avg,MCMC,0.083389,,0.209202,2.485235,2.485235,1.000000
MI_3,MI Severe (μ=3.0),14,Anterior,0,Non-diseased Avg,Point Estimate,0.011541,0.089169,0.089169,,0.000000,
MI_3,MI Severe (μ=3.0),14,Anterior,0,Non-diseased Avg,MCMC,0.080645,,0.137501,0.814274,0.814274,1.000000
MI_3,MI Severe (μ=3.0),15,Anterior,0,Overall Avg,Point Estimate,0.062398,0.169808,0.169808,,0.000000,
MI_3,MI Severe (μ=3.0),15,Anterior,0,Overall Avg,MCMC,0.041213,,0.111579,1.188861,1.188861,1.000000
MI_3,MI Severe (μ=3.0),15,Anterior,0,Diseased Avg,Point Estimate,0.262286,0.510368,0.510368,,0.000000,
MI_3,MI Severe (μ=3.0),15,Anterior,0,Diseased Avg,MCMC,0.036307,,0.169207,2.326954,2.326954,1.000000
MI_3,MI Severe (μ=3.0),15,Anterior,0,Non-diseased Avg,Point Estimate,0.012426,0.084668,0.084668,,0.000000,
MI_3,MI Severe (μ=3.0),15,Anterior,0,Non-diseased Avg,MCMC,0.042439,,0.097172,0.904338,0.904338,1.000000
MI_3,MI Severe (μ=3.0),16,Anterior,0,Overall Avg,Point Estimate,0.028874,0.148639,0.148639,,0.000000,
MI_3,MI Severe (μ=3.0),16,Anterior,0,Overall Avg,MCMC,0.057430,,0.128980,1.119571,1.119571,1.000000
MI_3,MI Severe (μ=3.0),16,Anterior,0,Diseased Avg,Point Estimate,0.021990,0.146757,0.146757,,0.000000,
MI_3,MI Severe (μ=3.0),16,Anterior,0,Diseased Avg,MCMC,0.012931,,0.151658,2.359017,2.359017,1.000000
MI_3,MI Severe (μ=3.0),16,Anterior,0,Non-diseased Avg,Point Estimate,0.030595,0.149110,0.149110,,0.000000,
MI_3,MI Severe (μ=3.0),16,Anterior,0,Non-diseased Avg,MCMC,0.068555,,0.123311,0.809709,0.809709,1.000000
MI_3,MI Severe (μ=3.0),17,Anterior,0,Overall Avg,Point Estimate,0.015833,0.108402,0.108402,,0.000000,
MI_3,MI Severe (μ=3.0),17,Anterior,0,Overall Avg,MCMC,0.036375,,0.102254,0.996745,0.996745,1.000000
MI_3,MI Severe (μ=3.0),17,Anterior,0,Diseased Avg,Point Estimate,0.012283,0.096588,0.096588,,0.000000,
MI_3,MI Severe (μ=3.0),17,Anterior,0,Diseased Avg,MCMC,0.001755,,0.109960,1.761599,1.761599,1.000000
MI_3,MI Severe (μ=3.0),17,Anterior,0,Non-diseased Avg,Point Estimate,0.016720,0.111355,0.111355,,0.000000,
MI_3,MI Severe (μ=3.0),17,Anterior,0,Non-diseased Avg,MCMC,0.045030,,0.100327,0.805531,0.805531,1.000000
MI_3,MI Severe (μ=3.0),18,Anterior,0,Overall Avg,Point Estimate,0.015246,0.106932,0.106932,,0.000000,
MI_3,MI Severe (μ=3.0),18,Anterior,0,Overall Avg,MCMC,0.052089,,0.124024,1.190609,1.190609,1.000000
MI_3,MI Severe (μ=3.0),18,Anterior,0,Diseased Avg,Point Estimate,0.011775,0.105941,0.105941,,0.000000,
MI_3,MI Severe (μ=3.0),18,Anterior,0,Diseased Avg,MCMC,0.020604,,0.164538,2.433665,2.433665,1.000000
MI_3,MI Severe (μ=3.0),18,Anterior,0,Non-diseased Avg,Point Estimate,0.016113,0.107179,0.107179,,0.000000,
MI_3,MI Severe (μ=3.0),18,Anterior,0,Non-diseased Avg,MCMC,0.059961,,0.113896,0.879845,0.879845,1.000000
MI_3,MI Severe (μ=3.0),19,Anterior,0,Overall Avg,Point Estimate,0.004954,0.060168,0.060168,,0.000000,
MI_3,MI Severe (μ=3.0),19,Anterior,0,Overall Avg,MCMC,0.054201,,0.128782,1.169803,1.169803,1.000000
MI_3,MI Severe (μ=3.0),19,Anterior,0,Diseased Avg,Point Estimate,0.012711,0.105733,0.105733,,0.000000,
MI_3,MI Severe (μ=3.0),19,Anterior,0,Diseased Avg,MCMC,0.009360,,0.147250,2.379388,2.379388,1.000000
MI_3,MI Severe (μ=3.0),19,Anterior,0,Non-diseased Avg,Point Estimate,0.003014,0.048777,0.048777,,0.000000,
MI_3,MI Severe (μ=3.0),19,Anterior,0,Non-diseased Avg,MCMC,0.065412,,0.124165,0.867407,0.867407,1.000000
MI_3,MI Severe (μ=3.0),20,Inferior,1,Overall Avg,Point Estimate,0.003701,0.050631,0.050631,,0.000000,
MI_3,MI Severe (μ=3.0),20,Inferior,1,Overall Avg,MCMC,0.005207,,0.065605,0.983134,0.983134,1.000000
MI_3,MI Severe (μ=3.0),20,Inferior,1,Diseased Avg,Point Estimate,0.006787,0.063402,0.063402,,0.000000,
MI_3,MI Severe (μ=3.0),20,Inferior,1,Diseased Avg,MCMC,0.004629,,0.131636,2.341160,2.341160,1.000000
MI_3,MI Severe (μ=3.0),20,Inferior,1,Non-diseased Avg,Point Estimate,0.002929,0.047438,0.047438,,0.000000,
MI_3,MI Severe (μ=3.0),20,Inferior,1,Non-diseased Avg,MCMC,0.005352,,0.049097,0.643628,0.643628,1.000000
MI_3,MI Severe (μ=3.0),21,Inferior,1,Overall Avg,Point Estimate,0.007610,0.072338,0.072338,,0.000000,
MI_3,MI Severe (μ=3.0),21,Inferior,1,Overall Avg,MCMC,0.009547,,0.075013,1.076199,1.076199,1.000000
MI_3,MI Severe (μ=3.0),21,Inferior,1,Diseased Avg,Point Estimate,0.001171,0.025287,0.025287,,0.000000,
MI_3,MI Severe (μ=3.0),21,Inferior,1,Diseased Avg,MCMC,0.008287,,0.149435,2.774782,2.774782,1.000000
MI_3,MI Severe (μ=3.0),21,Inferior,1,Non-diseased Avg,Point Estimate,0.009220,0.084101,0.084101,,0.000000,
MI_3,MI Severe (μ=3.0),21,Inferior,1,Non-diseased Avg,MCMC,0.009862,,0.056408,0.651553,0.651553,1.000000
MI_3,MI Severe (μ=3.0),22,Inferior,1,Overall Avg,Point Estimate,0.010198,0.089198,0.089198,,0.000000,
MI_3,MI Severe (μ=3.0),22,Inferior,1,Overall Avg,MCMC,0.012371,,0.085078,1.060047,1.060047,1.000000
MI_3,MI Severe (μ=3.0),22,Inferior,1,Diseased Avg,Point Estimate,0.005129,0.068941,0.068941,,0.000000,
MI_3,MI Severe (μ=3.0),22,Inferior,1,Diseased Avg,MCMC,0.006489,,0.157280,2.752990,2.752990,1.000000
MI_3,MI Severe (μ=3.0),22,Inferior,1,Non-diseased Avg,Point Estimate,0.011465,0.094262,0.094262,,0.000000,
MI_3,MI Severe (μ=3.0),22,Inferior,1,Non-diseased Avg,MCMC,0.013842,,0.067027,0.636812,0.636812,1.000000
MI_3,MI Severe (μ=3.0),23,Inferior,1,Overall Avg,Point Estimate,0.006675,0.071659,0.071659,,0.000000,
MI_3,MI Severe (μ=3.0),23,Inferior,1,Overall Avg,MCMC,0.009669,,0.077324,0.961508,0.961508,1.000000
MI_3,MI Severe (μ=3.0),23,Inferior,1,Diseased Avg,Point Estimate,0.013458,0.115785,0.115785,,0.000000,
MI_3,MI Severe (μ=3.0),23,Inferior,1,Diseased Avg,MCMC,0.001895,,0.137281,2.351617,2.351617,1.000000
MI_3,MI Severe (μ=3.0),23,Inferior,1,Non-diseased Avg,Point Estimate,0.004979,0.060628,0.060628,,0.000000,
MI_3,MI Severe (μ=3.0),23,Inferior,1,Non-diseased Avg,MCMC,0.011612,,0.062334,0.613980,0.613980,1.000000
MI_3,MI Severe (μ=3.0),24,Inferior,1,Overall Avg,Point Estimate,0.005486,0.062023,0.062023,,0.000000,
MI_3,MI Severe (μ=3.0),24,Inferior,1,Overall Avg,MCMC,0.011728,,0.077748,0.984995,0.984995,1.000000
MI_3,MI Severe (μ=3.0),24,Inferior,1,Diseased Avg,Point Estimate,0.001261,0.032123,0.032123,,0.000000,
MI_3,MI Severe (μ=3.0),24,Inferior,1,Diseased Avg,MCMC,0.009972,,0.141652,2.305707,2.305707,1.000000
MI_3,MI Severe (μ=3.0),24,Inferior,1,Non-diseased Avg,Point Estimate,0.006542,0.069498,0.069498,,0.000000,
MI_3,MI Severe (μ=3.0),24,Inferior,1,Non-diseased Avg,MCMC,0.012167,,0.061773,0.654816,0.654816,1.000000
MI_3,MI Severe (μ=3.0),25,Inferior,1,Overall Avg,Point Estimate,0.009303,0.076356,0.076356,,0.000000,
MI_3,MI Severe (μ=3.0),25,Inferior,1,Overall Avg,MCMC,0.005870,,0.065162,0.978192,0.978192,1.000000
MI_3,MI Severe (μ=3.0),25,Inferior,1,Diseased Avg,Point Estimate,0.033538,0.182301,0.182301,,0.000000,
MI_3,MI Severe (μ=3.0),25,Inferior,1,Diseased Avg,MCMC,0.002896,,0.124148,2.322629,2.322629,1.000000
MI_3,MI Severe (μ=3.0),25,Inferior,1,Non-diseased Avg,Point Estimate,0.003244,0.049869,0.049869,,0.000000,
MI_3,MI Severe (μ=3.0),25,Inferior,1,Non-diseased Avg,MCMC,0.006613,,0.050415,0.642083,0.642083,1.000000
MI_3,MI Severe (μ=3.0),26,Inferior,1,Overall Avg,Point Estimate,0.005520,0.061733,0.061733,,0.000000,
MI_3,MI Severe (μ=3.0),26,Inferior,1,Overall Avg,MCMC,0.012735,,0.081013,0.922888,0.922888,1.000000
MI_3,MI Severe (μ=3.0),26,Inferior,1,Diseased Avg,Point Estimate,0.000154,0.010597,0.010597,,0.000000,
MI_3,MI Severe (μ=3.0),26,Inferior,1,Diseased Avg,MCMC,0.011368,,0.145570,2.108426,2.108426,1.000000
MI_3,MI Severe (μ=3.0),26,Inferior,1,Non-diseased Avg,Point Estimate,0.006862,0.074517,0.074517,,0.000000,
MI_3,MI Severe (μ=3.0),26,Inferior,1,Non-diseased Avg,MCMC,0.013077,,0.064874,0.626503,0.626503,1.000000
MI_3,MI Severe (μ=3.0),27,Inferior,1,Overall Avg,Point Estimate,0.003611,0.053092,0.053092,,0.000000,
MI_3,MI Severe (μ=3.0),27,Inferior,1,Overall Avg,MCMC,0.005582,,0.070051,1.048145,1.048145,1.000000
MI_3,MI Severe (μ=3.0),27,Inferior,1,Diseased Avg,Point Estimate,0.001120,0.033030,0.033030,,0.000000,
MI_3,MI Severe (μ=3.0),27,Inferior,1,Diseased Avg,MCMC,0.000007,,0.140919,2.631763,2.631763,1.000000
MI_3,MI Severe (μ=3.0),27,Inferior,1,Non-diseased Avg,Point Estimate,0.004233,0.058107,0.058107,,0.000000,
MI_3,MI Severe (μ=3.0),27,Inferior,1,Non-diseased Avg,MCMC,0.006976,,0.052334,0.652241,0.652241,1.000000
MI_3,MI Severe (μ=3.0),28,Inferior,1,Overall Avg,Point Estimate,0.006666,0.075735,0.075735,,0.000000,
MI_3,MI Severe (μ=3.0),28,Inferior,1,Overall Avg,MCMC,0.009643,,0.076625,1.050675,1.050675,1.000000
MI_3,MI Severe (μ=3.0),28,Inferior,1,Diseased Avg,Point Estimate,0.010903,0.100952,0.100952,,0.000000,
MI_3,MI Severe (μ=3.0),28,Inferior,1,Diseased Avg,MCMC,0.011789,,0.155866,2.735838,2.735838,1.000000
MI_3,MI Severe (μ=3.0),28,Inferior,1,Non-diseased Avg,Point Estimate,0.005607,0.069430,0.069430,,0.000000,
MI_3,MI Severe (μ=3.0),28,Inferior,1,Non-diseased Avg,MCMC,0.009107,,0.056815,0.629384,0.629384,1.000000
MI_3,MI Severe (μ=3.0),29,Inferior,1,Overall Avg,Point Estimate,0.019080,0.114177,0.114177,,0.000000,
MI_3,MI Severe (μ=3.0),29,Inferior,1,Overall Avg,MCMC,0.011308,,0.078382,1.028775,1.028775,1.000000
MI_3,MI Severe (μ=3.0),29,Inferior,1,Diseased Avg,Point Estimate,0.064192,0.252429,0.252429,,0.000000,
MI_3,MI Severe (μ=3.0),29,Inferior,1,Diseased Avg,MCMC,0.014725,,0.149021,2.595970,2.595970,1.000000
MI_3,MI Severe (μ=3.0),29,Inferior,1,Non-diseased Avg,Point Estimate,0.007802,0.079615,0.079615,,0.000000,
MI_3,MI Severe (μ=3.0),29,Inferior,1,Non-diseased Avg,MCMC,0.010453,,0.060722,0.636976,0.636976,1.000000
MI_3,MI Severe (μ=3.0),30,Inferior,1,Overall Avg,Point Estimate,0.004874,0.060633,0.060633,,0.000000,
MI_3,MI Severe (μ=3.0),30,Inferior,1,Overall Avg,MCMC,0.008235,,0.073604,1.049011,1.049011,1.000000
MI_3,MI Severe (μ=3.0),30,Inferior,1,Diseased Avg,Point Estimate,0.001049,0.032393,0.032393,,0.000000,
MI_3,MI Severe (μ=3.0),30,Inferior,1,Diseased Avg,MCMC,0.002594,,0.138496,2.556250,2.556250,1.000000
MI_3,MI Severe (μ=3.0),30,Inferior,1,Non-diseased Avg,Point Estimate,0.005830,0.067693,0.067693,,0.000000,
MI_3,MI Severe (μ=3.0),30,Inferior,1,Non-diseased Avg,MCMC,0.009646,,0.057382,0.672201,0.672201,1.000000
MI_3,MI Severe (μ=3.0),31,Inferior,1,Overall Avg,Point Estimate,0.028243,0.129200,0.129200,,0.000000,
MI_3,MI Severe (μ=3.0),31,Inferior,1,Overall Avg,MCMC,0.010070,,0.082964,1.027494,1.027494,1.000000
MI_3,MI Severe (μ=3.0),31,Inferior,1,Diseased Avg,Point Estimate,0.103723,0.318442,0.318442,,0.000000,
MI_3,MI Severe (μ=3.0),31,Inferior,1,Diseased Avg,MCMC,0.009490,,0.173966,2.524353,2.524353,1.000000
MI_3,MI Severe (μ=3.0),31,Inferior,1,Non-diseased Avg,Point Estimate,0.009373,0.081890,0.081890,,0.000000,
MI_3,MI Severe (μ=3.0),31,Inferior,1,Non-diseased Avg,MCMC,0.010215,,0.060213,0.653279,0.653279,1.000000
MI_3,MI Severe (μ=3.0),32,Inferior,1,Overall Avg,Point Estimate,0.008407,0.081071,0.081071,,0.000000,
MI_3,MI Severe (μ=3.0),32,Inferior,1,Overall Avg,MCMC,0.009776,,0.076553,0.978332,0.978332,1.000000
MI_3,MI Severe (μ=3.0),32,Inferior,1,Diseased Avg,Point Estimate,0.010119,0.100530,0.100530,,0.000000,
MI_3,MI Severe (μ=3.0),32,Inferior,1,Diseased Avg,MCMC,0.002706,,0.137454,2.352100,2.352100,1.000000
MI_3,MI Severe (μ=3.0),32,Inferior,1,Non-diseased Avg,Point Estimate,0.007978,0.076207,0.076207,,0.000000,
MI_3,MI Severe (μ=3.0),32,Inferior,1,Non-diseased Avg,MCMC,0.011544,,0.061327,0.634890,0.634890,1.000000
MI_3,MI Severe (μ=3.0),33,Inferior,1,Overall Avg,Point Estimate,0.022144,0.114394,0.114394,,0.000000,
MI_3,MI Severe (μ=3.0),33,Inferior,1,Overall Avg,MCMC,0.005753,,0.073790,0.946997,0.946997,1.000000
MI_3,MI Severe (μ=3.0),33,Inferior,1,Diseased Avg,Point Estimate,0.082154,0.277698,0.277698,,0.000000,
MI_3,MI Severe (μ=3.0),33,Inferior,1,Diseased Avg,MCMC,0.004808,,0.156126,2.101446,2.101446,1.000000
MI_3,MI Severe (μ=3.0),33,Inferior,1,Non-diseased Avg,Point Estimate,0.007142,0.073568,0.073568,,0.000000,
MI_3,MI Severe (μ=3.0),33,Inferior,1,Non-diseased Avg,MCMC,0.005989,,0.053206,0.658385,0.658385,1.000000
MI_3,MI Severe (μ=3.0),34,Inferior,1,Overall Avg,Point Estimate,0.005073,0.065726,0.065726,,0.000000,
MI_3,MI Severe (μ=3.0),34,Inferior,1,Overall Avg,MCMC,0.012350,,0.075851,0.970341,0.970341,1.000000
MI_3,MI Severe (μ=3.0),34,Inferior,1,Diseased Avg,Point Estimate,0.004545,0.063761,0.063761,,0.000000,
MI_3,MI Severe (μ=3.0),34,Inferior,1,Diseased Avg,MCMC,0.040669,,0.172871,2.241984,2.241984,1.000000
MI_3,MI Severe (μ=3.0),34,Inferior,1,Non-diseased Avg,Point Estimate,0.005205,0.066218,0.066218,,0.000000,
MI_3,MI Severe (μ=3.0),34,Inferior,1,Non-diseased Avg,MCMC,0.005270,,0.051596,0.652430,0.652430,1.000000
MI_3,MI Severe (μ=3.0),35,Inferior,1,Overall Avg,Point Estimate,0.014845,0.079563,0.079563,,0.000000,
MI_3,MI Severe (μ=3.0),35,Inferior,1,Overall Avg,MCMC,0.004558,,0.061331,0.913588,0.913588,1.000000
MI_3,MI Severe (μ=3.0),35,Inferior,1,Diseased Avg,Point Estimate,0.068140,0.261027,0.261027,,0.000000,
MI_3,MI Severe (μ=3.0),35,Inferior,1,Diseased Avg,MCMC,0.002152,,0.113438,2.152053,2.152053,1.000000
MI_3,MI Severe (μ=3.0),35,Inferior,1,Non-diseased Avg,Point Estimate,0.001521,0.034196,0.034196,,0.000000,
MI_3,MI Severe (μ=3.0),35,Inferior,1,Non-diseased Avg,MCMC,0.005159,,0.048304,0.603972,0.603972,1.000000
MI_3,MI Severe (μ=3.0),36,Inferior,1,Overall Avg,Point Estimate,0.005389,0.059346,0.059346,,0.000000,
MI_3,MI Severe (μ=3.0),36,Inferior,1,Overall Avg,MCMC,0.007100,,0.074743,1.008146,1.008146,1.000000
MI_3,MI Severe (μ=3.0),36,Inferior,1,Diseased Avg,Point Estimate,0.013144,0.104871,0.104871,,0.000000,
MI_3,MI Severe (μ=3.0),36,Inferior,1,Diseased Avg,MCMC,0.008367,,0.154185,2.287816,2.287816,1.000000
MI_3,MI Severe (μ=3.0),36,Inferior,1,Non-diseased Avg,Point Estimate,0.003450,0.047965,0.047965,,0.000000,
MI_3,MI Severe (μ=3.0),36,Inferior,1,Non-diseased Avg,MCMC,0.006784,,0.054883,0.688228,0.688228,1.000000
MI_3,MI Severe (μ=3.0),37,Inferior,1,Overall Avg,Point Estimate,0.013299,0.078750,0.078750,,0.000000,
MI_3,MI Severe (μ=3.0),37,Inferior,1,Overall Avg,MCMC,0.006854,,0.075143,0.964957,0.964957,1.000000
MI_3,MI Severe (μ=3.0),37,Inferior,1,Diseased Avg,Point Estimate,0.056982,0.224856,0.224856,,0.000000,
MI_3,MI Severe (μ=3.0),37,Inferior,1,Diseased Avg,MCMC,0.009428,,0.159721,2.047349,2.047349,1.000000
MI_3,MI Severe (μ=3.0),37,Inferior,1,Non-diseased Avg,Point Estimate,0.002378,0.042224,0.042224,,0.000000,
MI_3,MI Severe (μ=3.0),37,Inferior,1,Non-diseased Avg,MCMC,0.006211,,0.053998,0.694358,0.694358,1.000000
MI_3,MI Severe (μ=3.0),38,Inferior,1,Overall Avg,Point Estimate,0.004342,0.056968,0.056968,,0.000000,
MI_3,MI Severe (μ=3.0),38,Inferior,1,Overall Avg,MCMC,0.006698,,0.070913,1.031211,1.031211,1.000000
MI_3,MI Severe (μ=3.0),38,Inferior,1,Diseased Avg,Point Estimate,0.000747,0.025475,0.025475,,0.000000,
MI_3,MI Severe (μ=3.0),38,Inferior,1,Diseased Avg,MCMC,0.002868,,0.138866,2.537243,2.537243,1.000000
MI_3,MI Severe (μ=3.0),38,Inferior,1,Non-diseased Avg,Point Estimate,0.005241,0.064842,0.064842,,0.000000,
MI_3,MI Severe (μ=3.0),38,Inferior,1,Non-diseased Avg,MCMC,0.007655,,0.053925,0.654703,0.654703,1.000000
MI_3,MI Severe (μ=3.0),39,Inferior,1,Overall Avg,Point Estimate,0.002470,0.043618,0.043618,,0.000000,
MI_3,MI Severe (μ=3.0),39,Inferior,1,Overall Avg,MCMC,0.008360,,0.071980,1.009138,1.009138,1.000000
MI_3,MI Severe (μ=3.0),39,Inferior,1,Diseased Avg,Point Estimate,0.003680,0.047720,0.047720,,0.000000,
MI_3,MI Severe (μ=3.0),39,Inferior,1,Diseased Avg,MCMC,0.006610,,0.133006,2.363099,2.363099,1.000000
MI_3,MI Severe (μ=3.0),39,Inferior,1,Non-diseased Avg,Point Estimate,0.002168,0.042592,0.042592,,0.000000,
MI_3,MI Severe (μ=3.0),39,Inferior,1,Non-diseased Avg,MCMC,0.008797,,0.056724,0.670647,0.670647,1.000000
MI_3,MI Severe (μ=3.0),40,Lateral,2,Overall Avg,Point Estimate,0.003306,0.047104,0.047104,,0.000000,
MI_3,MI Severe (μ=3.0),40,Lateral,2,Overall Avg,MCMC,0.013155,,0.081366,1.025152,1.025152,1.000000
MI_3,MI Severe (μ=3.0),40,Lateral,2,Diseased Avg,Point Estimate,0.005924,0.062101,0.062101,,0.000000,
MI_3,MI Severe (μ=3.0),40,Lateral,2,Diseased Avg,MCMC,0.001280,,0.089302,1.529819,1.529819,1.000000
MI_3,MI Severe (μ=3.0),40,Lateral,2,Non-diseased Avg,Point Estimate,0.002651,0.043355,0.043355,,0.000000,
MI_3,MI Severe (μ=3.0),40,Lateral,2,Non-diseased Avg,MCMC,0.016124,,0.079382,0.898985,0.898985,1.000000
MI_3,MI Severe (μ=3.0),41,Lateral,2,Overall Avg,Point Estimate,0.002496,0.040936,0.040936,,0.000000,
MI_3,MI Severe (μ=3.0),41,Lateral,2,Overall Avg,MCMC,0.009625,,0.081730,1.103779,1.103779,1.000000
MI_3,MI Severe (μ=3.0),41,Lateral,2,Diseased Avg,Point Estimate,0.001865,0.042116,0.042116,,0.000000,
MI_3,MI Severe (μ=3.0),41,Lateral,2,Diseased Avg,MCMC,0.001411,,0.110984,1.720745,1.720745,1.000000
MI_3,MI Severe (μ=3.0),41,Lateral,2,Non-diseased Avg,Point Estimate,0.002654,0.040641,0.040641,,0.000000,
MI_3,MI Severe (μ=3.0),41,Lateral,2,Non-diseased Avg,MCMC,0.011679,,0.074416,0.949537,0.949537,1.000000
MI_3,MI Severe (μ=3.0),42,Lateral,2,Overall Avg,Point Estimate,0.033539,0.139270,0.139270,,0.000000,
MI_3,MI Severe (μ=3.0),42,Lateral,2,Overall Avg,MCMC,0.021416,,0.088613,0.989759,0.989759,1.000000
MI_3,MI Severe (μ=3.0),42,Lateral,2,Diseased Avg,Point Estimate,0.037324,0.191555,0.191555,,0.000000,
MI_3,MI Severe (μ=3.0),42,Lateral,2,Diseased Avg,MCMC,0.063720,,0.159181,1.443745,1.443745,1.000000
MI_3,MI Severe (μ=3.0),42,Lateral,2,Non-diseased Avg,Point Estimate,0.032592,0.126199,0.126199,,0.000000,
MI_3,MI Severe (μ=3.0),42,Lateral,2,Non-diseased Avg,MCMC,0.010840,,0.070971,0.876263,0.876263,1.000000
MI_3,MI Severe (μ=3.0),43,Lateral,2,Overall Avg,Point Estimate,0.011455,0.081334,0.081334,,0.000000,
MI_3,MI Severe (μ=3.0),43,Lateral,2,Overall Avg,MCMC,0.011950,,0.087571,1.152718,1.152718,1.000000
MI_3,MI Severe (μ=3.0),43,Lateral,2,Diseased Avg,Point Estimate,0.036404,0.163988,0.163988,,0.000000,
MI_3,MI Severe (μ=3.0),43,Lateral,2,Diseased Avg,MCMC,0.007396,,0.133366,1.917246,1.917246,1.000000
MI_3,MI Severe (μ=3.0),43,Lateral,2,Non-diseased Avg,Point Estimate,0.005218,0.060671,0.060671,,0.000000,
MI_3,MI Severe (μ=3.0),43,Lateral,2,Non-diseased Avg,MCMC,0.013089,,0.076122,0.961586,0.961586,1.000000
MI_3,MI Severe (μ=3.0),44,Lateral,2,Overall Avg,Point Estimate,0.006022,0.063739,0.063739,,0.000000,
MI_3,MI Severe (μ=3.0),44,Lateral,2,Overall Avg,MCMC,0.013679,,0.081270,1.041066,1.041066,1.000000
MI_3,MI Severe (μ=3.0),44,Lateral,2,Diseased Avg,Point Estimate,0.003368,0.049861,0.049861,,0.000000,
MI_3,MI Severe (μ=3.0),44,Lateral,2,Diseased Avg,MCMC,0.016430,,0.107355,1.496742,1.496742,1.000000
MI_3,MI Severe (μ=3.0),44,Lateral,2,Non-diseased Avg,Point Estimate,0.006685,0.067208,0.067208,,0.000000,
MI_3,MI Severe (μ=3.0),44,Lateral,2,Non-diseased Avg,MCMC,0.012991,,0.074749,0.927147,0.927147,1.000000
MI_3,MI Severe (μ=3.0),45,Lateral,2,Overall Avg,Point Estimate,0.005545,0.062984,0.062984,,0.000000,
MI_3,MI Severe (μ=3.0),45,Lateral,2,Overall Avg,MCMC,0.009858,,0.080380,1.130036,1.130036,1.000000
MI_3,MI Severe (μ=3.0),45,Lateral,2,Diseased Avg,Point Estimate,0.003027,0.054561,0.054561,,0.000000,
MI_3,MI Severe (μ=3.0),45,Lateral,2,Diseased Avg,MCMC,0.001912,,0.111309,1.802876,1.802876,1.000000
MI_3,MI Severe (μ=3.0),45,Lateral,2,Non-diseased Avg,Point Estimate,0.006174,0.065090,0.065090,,0.000000,
MI_3,MI Severe (μ=3.0),45,Lateral,2,Non-diseased Avg,MCMC,0.011845,,0.072648,0.961826,0.961826,1.000000
MI_3,MI Severe (μ=3.0),46,Lateral,2,Overall Avg,Point Estimate,0.004126,0.057613,0.057613,,0.000000,
MI_3,MI Severe (μ=3.0),46,Lateral,2,Overall Avg,MCMC,0.009487,,0.080293,1.090833,1.090833,1.000000
MI_3,MI Severe (μ=3.0),46,Lateral,2,Diseased Avg,Point Estimate,0.004346,0.047536,0.047536,,0.000000,
MI_3,MI Severe (μ=3.0),46,Lateral,2,Diseased Avg,MCMC,0.001894,,0.112921,1.761131,1.761131,1.000000
MI_3,MI Severe (μ=3.0),46,Lateral,2,Non-diseased Avg,Point Estimate,0.004071,0.060132,0.060132,,0.000000,
MI_3,MI Severe (μ=3.0),46,Lateral,2,Non-diseased Avg,MCMC,0.011386,,0.072136,0.923258,0.923258,1.000000
MI_3,MI Severe (μ=3.0),47,Lateral,2,Overall Avg,Point Estimate,0.008622,0.074866,0.074866,,0.000000,
MI_3,MI Severe (μ=3.0),47,Lateral,2,Overall Avg,MCMC,0.010898,,0.072510,0.926599,0.926599,1.000000
MI_3,MI Severe (μ=3.0),47,Lateral,2,Diseased Avg,Point Estimate,0.000190,0.009847,0.009847,,0.000000,
MI_3,MI Severe (μ=3.0),47,Lateral,2,Diseased Avg,MCMC,0.029352,,0.108532,1.176702,1.176702,1.000000
MI_3,MI Severe (μ=3.0),47,Lateral,2,Non-diseased Avg,Point Estimate,0.010730,0.091121,0.091121,,0.000000,
MI_3,MI Severe (μ=3.0),47,Lateral,2,Non-diseased Avg,MCMC,0.006285,,0.063504,0.864073,0.864073,1.000000
MI_3,MI Severe (μ=3.0),48,Lateral,2,Overall Avg,Point Estimate,0.002157,0.042289,0.042289,,0.000000,
MI_3,MI Severe (μ=3.0),48,Lateral,2,Overall Avg,MCMC,0.011030,,0.080254,1.041292,1.041292,1.000000
MI_3,MI Severe (μ=3.0),48,Lateral,2,Diseased Avg,Point Estimate,0.003388,0.045612,0.045612,,0.000000,
MI_3,MI Severe (μ=3.0),48,Lateral,2,Diseased Avg,MCMC,0.009103,,0.108776,1.540437,1.540437,1.000000
MI_3,MI Severe (μ=3.0),48,Lateral,2,Non-diseased Avg,Point Estimate,0.001849,0.041458,0.041458,,0.000000,
MI_3,MI Severe (μ=3.0),48,Lateral,2,Non-diseased Avg,MCMC,0.011511,,0.073124,0.916505,0.916505,1.000000
MI_3,MI Severe (μ=3.0),49,Lateral,2,Overall Avg,Point Estimate,0.003430,0.049622,0.049622,,0.000000,
MI_3,MI Severe (μ=3.0),49,Lateral,2,Overall Avg,MCMC,0.011650,,0.083120,1.129245,1.129245,1.000000
MI_3,MI Severe (μ=3.0),49,Lateral,2,Diseased Avg,Point Estimate,0.002377,0.040635,0.040635,,0.000000,
MI_3,MI Severe (μ=3.0),49,Lateral,2,Diseased Avg,MCMC,0.017013,,0.125756,1.797824,1.797824,1.000000
MI_3,MI Severe (μ=3.0),49,Lateral,2,Non-diseased Avg,Point Estimate,0.003693,0.051869,0.051869,,0.000000,
MI_3,MI Severe (μ=3.0),49,Lateral,2,Non-diseased Avg,MCMC,0.010310,,0.072461,0.962100,0.962100,1.000000
MI_3,MI Severe (μ=3.0),50,Lateral,2,Overall Avg,Point Estimate,0.010507,0.072003,0.072003,,0.000000,
MI_3,MI Severe (μ=3.0),50,Lateral,2,Overall Avg,MCMC,0.008379,,0.071267,0.984447,0.984447,1.000000
MI_3,MI Severe (μ=3.0),50,Lateral,2,Diseased Avg,Point Estimate,0.005806,0.059009,0.059009,,0.000000,
MI_3,MI Severe (μ=3.0),50,Lateral,2,Diseased Avg,MCMC,0.012395,,0.101515,1.454593,1.454593,1.000000
MI_3,MI Severe (μ=3.0),50,Lateral,2,Non-diseased Avg,Point Estimate,0.011682,0.075252,0.075252,,0.000000,
MI_3,MI Severe (μ=3.0),50,Lateral,2,Non-diseased Avg,MCMC,0.007375,,0.063705,0.866910,0.866910,1.000000
MI_3,MI Severe (μ=3.0),51,Lateral,2,Overall Avg,Point Estimate,0.005809,0.072758,0.072758,,0.000000,
MI_3,MI Severe (μ=3.0),51,Lateral,2,Overall Avg,MCMC,0.010406,,0.073884,0.954213,0.954213,1.000000
MI_3,MI Severe (μ=3.0),51,Lateral,2,Diseased Avg,Point Estimate,0.004192,0.057596,0.057596,,0.000000,
MI_3,MI Severe (μ=3.0),51,Lateral,2,Diseased Avg,MCMC,0.016482,,0.106332,1.390984,1.390984,1.000000
MI_3,MI Severe (μ=3.0),51,Lateral,2,Non-diseased Avg,Point Estimate,0.006214,0.076548,0.076548,,0.000000,
MI_3,MI Severe (μ=3.0),51,Lateral,2,Non-diseased Avg,MCMC,0.008886,,0.065772,0.845020,0.845020,1.000000
MI_3,MI Severe (μ=3.0),52,Lateral,2,Overall Avg,Point Estimate,0.004444,0.053341,0.053341,,0.000000,
MI_3,MI Severe (μ=3.0),52,Lateral,2,Overall Avg,MCMC,0.012856,,0.082834,1.052956,1.052956,1.000000
MI_3,MI Severe (μ=3.0),52,Lateral,2,Diseased Avg,Point Estimate,0.011070,0.092193,0.092193,,0.000000,
MI_3,MI Severe (μ=3.0),52,Lateral,2,Diseased Avg,MCMC,0.011864,,0.117633,1.691637,1.691637,1.000000
MI_3,MI Severe (μ=3.0),52,Lateral,2,Non-diseased Avg,Point Estimate,0.002787,0.043628,0.043628,,0.000000,
MI_3,MI Severe (μ=3.0),52,Lateral,2,Non-diseased Avg,MCMC,0.013104,,0.074134,0.893286,0.893286,1.000000
MI_3,MI Severe (μ=3.0),53,Lateral,2,Overall Avg,Point Estimate,0.011566,0.071018,0.071018,,0.000000,
MI_3,MI Severe (μ=3.0),53,Lateral,2,Overall Avg,MCMC,0.012602,,0.086429,1.113325,1.113325,1.000000
MI_3,MI Severe (μ=3.0),53,Lateral,2,Diseased Avg,Point Estimate,0.045061,0.193600,0.193600,,0.000000,
MI_3,MI Severe (μ=3.0),53,Lateral,2,Diseased Avg,MCMC,0.003059,,0.116548,1.803124,1.803124,1.000000
MI_3,MI Severe (μ=3.0),53,Lateral,2,Non-diseased Avg,Point Estimate,0.003193,0.040372,0.040372,,0.000000,
MI_3,MI Severe (μ=3.0),53,Lateral,2,Non-diseased Avg,MCMC,0.014988,,0.078899,0.940875,0.940875,1.000000
MI_3,MI Severe (μ=3.0),54,Lateral,2,Overall Avg,Point Estimate,0.006659,0.073015,0.073015,,0.000000,
MI_3,MI Severe (μ=3.0),54,Lateral,2,Overall Avg,MCMC,0.009283,,0.073645,1.021162,1.021162,1.000000
MI_3,MI Severe (μ=3.0),54,Lateral,2,Diseased Avg,Point Estimate,0.015521,0.111548,0.111548,,0.000000,
MI_3,MI Severe (μ=3.0),54,Lateral,2,Diseased Avg,MCMC,0.003361,,0.099481,1.635184,1.635184,1.000000
MI_3,MI Severe (μ=3.0),54,Lateral,2,Non-diseased Avg,Point Estimate,0.004443,0.063382,0.063382,,0.000000,
MI_3,MI Severe (μ=3.0),54,Lateral,2,Non-diseased Avg,MCMC,0.010764,,0.067186,0.867656,0.867656,1.000000
MI_3,MI Severe (μ=3.0),55,Lateral,2,Overall Avg,Point Estimate,0.002943,0.049503,0.049503,,0.000000,
MI_3,MI Severe (μ=3.0),55,Lateral,2,Overall Avg,MCMC,0.014136,,0.077356,0.905401,0.905401,1.000000
MI_3,MI Severe (μ=3.0),55,Lateral,2,Diseased Avg,Point Estimate,0.002115,0.038244,0.038244,,0.000000,
MI_3,MI Severe (μ=3.0),55,Lateral,2,Diseased Avg,MCMC,0.029959,,0.111299,1.133047,1.133047,1.000000
MI_3,MI Severe (μ=3.0),55,Lateral,2,Non-diseased Avg,Point Estimate,0.003149,0.052317,0.052317,,0.000000,
MI_3,MI Severe (μ=3.0),55,Lateral,2,Non-diseased Avg,MCMC,0.010180,,0.068871,0.848489,0.848489,1.000000
MI_3,MI Severe (μ=3.0),56,Lateral,2,Overall Avg,Point Estimate,0.009488,0.077951,0.077951,,0.000000,
MI_3,MI Severe (μ=3.0),56,Lateral,2,Overall Avg,MCMC,0.010917,,0.083493,1.107763,1.107763,1.000000
MI_3,MI Severe (μ=3.0),56,Lateral,2,Diseased Avg,Point Estimate,0.027181,0.148317,0.148317,,0.000000,
MI_3,MI Severe (μ=3.0),56,Lateral,2,Diseased Avg,MCMC,0.002486,,0.113963,1.725519,1.725519,1.000000
MI_3,MI Severe (μ=3.0),56,Lateral,2,Non-diseased Avg,Point Estimate,0.005065,0.060359,0.060359,,0.000000,
MI_3,MI Severe (μ=3.0),56,Lateral,2,Non-diseased Avg,MCMC,0.013025,,0.075876,0.953324,0.953324,1.000000
MI_3,MI Severe (μ=3.0),57,Lateral,2,Overall Avg,Point Estimate,0.004673,0.060439,0.060439,,0.000000,
MI_3,MI Severe (μ=3.0),57,Lateral,2,Overall Avg,MCMC,0.009484,,0.077368,1.073757,1.073757,1.000000
MI_3,MI Severe (μ=3.0),57,Lateral,2,Diseased Avg,Point Estimate,0.007768,0.069987,0.069987,,0.000000,
MI_3,MI Severe (μ=3.0),57,Lateral,2,Diseased Avg,MCMC,0.000773,,0.100200,1.667858,1.667858,1.000000
MI_3,MI Severe (μ=3.0),57,Lateral,2,Non-diseased Avg,Point Estimate,0.003899,0.058051,0.058051,,0.000000,
MI_3,MI Severe (μ=3.0),57,Lateral,2,Non-diseased Avg,MCMC,0.011662,,0.071660,0.925231,0.925231,1.000000
MI_3,MI Severe (μ=3.0),58,Lateral,2,Overall Avg,Point Estimate,0.001494,0.033930,0.033930,,0.000000,
MI_3,MI Severe (μ=3.0),58,Lateral,2,Overall Avg,MCMC,0.013911,,0.081707,1.010454,1.010454,1.000000
MI_3,MI Severe (μ=3.0),58,Lateral,2,Diseased Avg,Point Estimate,0.002652,0.045771,0.045771,,0.000000,
MI_3,MI Severe (μ=3.0),58,Lateral,2,Diseased Avg,MCMC,0.002264,,0.089164,1.432876,1.432876,1.000000
MI_3,MI Severe (μ=3.0),58,Lateral,2,Non-diseased Avg,Point Estimate,0.001205,0.030970,0.030970,,0.000000,
MI_3,MI Severe (μ=3.0),58,Lateral,2,Non-diseased Avg,MCMC,0.016823,,0.079843,0.904849,0.904849,1.000000
MI_3,MI Severe (μ=3.0),59,Lateral,2,Overall Avg,Point Estimate,0.006384,0.068418,0.068418,,0.000000,
MI_3,MI Severe (μ=3.0),59,Lateral,2,Overall Avg,MCMC,0.007159,,0.076863,1.086551,1.086551,1.000000
MI_3,MI Severe (μ=3.0),59,Lateral,2,Diseased Avg,Point Estimate,0.008704,0.083932,0.083932,,0.000000,
MI_3,MI Severe (μ=3.0),59,Lateral,2,Diseased Avg,MCMC,0.002410,,0.113864,1.717328,1.717328,1.000000
MI_3,MI Severe (μ=3.0),59,Lateral,2,Non-diseased Avg,Point Estimate,0.005804,0.064540,0.064540,,0.000000,
MI_3,MI Severe (μ=3.0),59,Lateral,2,Non-diseased Avg,MCMC,0.008346,,0.067613,0.928857,0.928857,1.000000
MI_3,MI Severe (μ=3.0),60,Septal,3,Overall Avg,Point Estimate,0.101290,0.202439,0.202439,,0.000000,
MI_3,MI Severe (μ=3.0),60,Septal,3,Overall Avg,MCMC,0.009020,,0.081768,1.061718,1.061718,1.000000
MI_3,MI Severe (μ=3.0),60,Septal,3,Diseased Avg,Point Estimate,0.464687,0.649561,0.649561,,0.000000,
MI_3,MI Severe (μ=3.0),60,Septal,3,Diseased Avg,MCMC,0.015141,,0.198862,2.429641,2.429641,1.000000
MI_3,MI Severe (μ=3.0),60,Septal,3,Non-diseased Avg,Point Estimate,0.010441,0.090658,0.090658,,0.000000,
MI_3,MI Severe (μ=3.0),60,Septal,3,Non-diseased Avg,MCMC,0.007490,,0.052494,0.719737,0.719737,1.000000
MI_3,MI Severe (μ=3.0),61,Septal,3,Overall Avg,Point Estimate,0.082165,0.195864,0.195864,,0.000000,
MI_3,MI Severe (μ=3.0),61,Septal,3,Overall Avg,MCMC,0.014613,,0.088897,1.134243,1.134243,1.000000
MI_3,MI Severe (μ=3.0),61,Septal,3,Diseased Avg,Point Estimate,0.360813,0.593037,0.593037,,0.000000,
MI_3,MI Severe (μ=3.0),61,Septal,3,Diseased Avg,MCMC,0.058653,,0.254233,2.862096,2.862096,1.000000
MI_3,MI Severe (μ=3.0),61,Septal,3,Non-diseased Avg,Point Estimate,0.012503,0.096571,0.096571,,0.000000,
MI_3,MI Severe (μ=3.0),61,Septal,3,Non-diseased Avg,MCMC,0.003603,,0.047563,0.702279,0.702279,1.000000
MI_3,MI Severe (μ=3.0),62,Septal,3,Overall Avg,Point Estimate,0.226051,0.320665,0.320665,,0.000000,
MI_3,MI Severe (μ=3.0),62,Septal,3,Overall Avg,MCMC,0.015524,,0.088544,1.115770,1.115770,1.000000
MI_3,MI Severe (μ=3.0),62,Septal,3,Diseased Avg,Point Estimate,0.993614,0.976780,0.976780,,0.000000,
MI_3,MI Severe (μ=3.0),62,Septal,3,Diseased Avg,MCMC,0.055293,,0.237149,2.752002,2.752002,1.000000
MI_3,MI Severe (μ=3.0),62,Septal,3,Non-diseased Avg,Point Estimate,0.034161,0.156636,0.156636,,0.000000,
MI_3,MI Severe (μ=3.0),62,Septal,3,Non-diseased Avg,MCMC,0.005582,,0.051393,0.706712,0.706712,1.000000
MI_3,MI Severe (μ=3.0),63,Septal,3,Overall Avg,Point Estimate,0.030083,0.134273,0.134273,,0.000000,
MI_3,MI Severe (μ=3.0),63,Septal,3,Overall Avg,MCMC,0.002347,,0.074914,1.134942,1.134942,1.000000
MI_3,MI Severe (μ=3.0),63,Septal,3,Diseased Avg,Point Estimate,0.108246,0.321846,0.321846,,0.000000,
MI_3,MI Severe (μ=3.0),63,Septal,3,Diseased Avg,MCMC,0.004440,,0.180117,2.757812,2.757812,1.000000
MI_3,MI Severe (μ=3.0),63,Septal,3,Non-diseased Avg,Point Estimate,0.010542,0.087380,0.087380,,0.000000,
MI_3,MI Severe (μ=3.0),63,Septal,3,Non-diseased Avg,MCMC,0.001824,,0.048614,0.729225,0.729225,1.000000
MI_3,MI Severe (μ=3.0),64,Septal,3,Overall Avg,Point Estimate,0.032355,0.131099,0.131099,,0.000000,
MI_3,MI Severe (μ=3.0),64,Septal,3,Overall Avg,MCMC,0.003510,,0.080463,1.169118,1.169118,1.000000
MI_3,MI Severe (μ=3.0),64,Septal,3,Diseased Avg,Point Estimate,0.130015,0.348685,0.348685,,0.000000,
MI_3,MI Severe (μ=3.0),64,Septal,3,Diseased Avg,MCMC,0.004798,,0.202557,2.824204,2.824204,1.000000
MI_3,MI Severe (μ=3.0),64,Septal,3,Non-diseased Avg,Point Estimate,0.007940,0.076703,0.076703,,0.000000,
MI_3,MI Severe (μ=3.0),64,Septal,3,Non-diseased Avg,MCMC,0.003188,,0.049939,0.755347,0.755347,1.000000
MI_3,MI Severe (μ=3.0),65,Septal,3,Overall Avg,Point Estimate,0.103520,0.229609,0.229609,,0.000000,
MI_3,MI Severe (μ=3.0),65,Septal,3,Overall Avg,MCMC,0.012116,,0.081810,1.040977,1.040977,1.000000
MI_3,MI Severe (μ=3.0),65,Septal,3,Diseased Avg,Point Estimate,0.419201,0.629849,0.629849,,0.000000,
MI_3,MI Severe (μ=3.0),65,Septal,3,Diseased Avg,MCMC,0.016561,,0.182717,2.452452,2.452452,1.000000
MI_3,MI Severe (μ=3.0),65,Septal,3,Non-diseased Avg,Point Estimate,0.024600,0.129549,0.129549,,0.000000,
MI_3,MI Severe (μ=3.0),65,Septal,3,Non-diseased Avg,MCMC,0.011005,,0.056583,0.688109,0.688109,1.000000
MI_3,MI Severe (μ=3.0),66,Septal,3,Overall Avg,Point Estimate,0.055579,0.160473,0.160473,,0.000000,
MI_3,MI Severe (μ=3.0),66,Septal,3,Overall Avg,MCMC,0.033433,,0.095401,1.191184,1.191184,1.000000
MI_3,MI Severe (μ=3.0),66,Septal,3,Diseased Avg,Point Estimate,0.246748,0.485710,0.485710,,0.000000,
MI_3,MI Severe (μ=3.0),66,Septal,3,Diseased Avg,MCMC,0.146679,,0.271122,3.008068,3.008068,1.000000
MI_3,MI Severe (μ=3.0),66,Septal,3,Non-diseased Avg,Point Estimate,0.007786,0.079163,0.079163,,0.000000,
MI_3,MI Severe (μ=3.0),66,Septal,3,Non-diseased Avg,MCMC,0.005122,,0.051471,0.736963,0.736963,1.000000
MI_3,MI Severe (μ=3.0),67,Septal,3,Overall Avg,Point Estimate,0.086386,0.198243,0.198243,,0.000000,
MI_3,MI Severe (μ=3.0),67,Septal,3,Overall Avg,MCMC,0.011729,,0.085786,1.139272,1.139272,1.000000
MI_3,MI Severe (μ=3.0),67,Septal,3,Diseased Avg,Point Estimate,0.384058,0.600854,0.600854,,0.000000,
MI_3,MI Severe (μ=3.0),67,Septal,3,Diseased Avg,MCMC,0.024778,,0.212853,2.728298,2.728298,1.000000
MI_3,MI Severe (μ=3.0),67,Septal,3,Non-diseased Avg,Point Estimate,0.011968,0.097590,0.097590,,0.000000,
MI_3,MI Severe (μ=3.0),67,Septal,3,Non-diseased Avg,MCMC,0.008467,,0.054019,0.742015,0.742015,1.000000
MI_3,MI Severe (μ=3.0),68,Septal,3,Overall Avg,Point Estimate,0.049641,0.173218,0.173218,,0.000000,
MI_3,MI Severe (μ=3.0),68,Septal,3,Overall Avg,MCMC,0.025523,,0.089491,1.091779,1.091779,1.000000
MI_3,MI Severe (μ=3.0),68,Septal,3,Diseased Avg,Point Estimate,0.167532,0.401935,0.401935,,0.000000,
MI_3,MI Severe (μ=3.0),68,Septal,3,Diseased Avg,MCMC,0.076407,,0.213472,2.662740,2.662740,1.000000
MI_3,MI Severe (μ=3.0),68,Septal,3,Non-diseased Avg,Point Estimate,0.020169,0.116039,0.116039,,0.000000,
MI_3,MI Severe (μ=3.0),68,Septal,3,Non-diseased Avg,MCMC,0.012802,,0.058496,0.699039,0.699039,1.000000
MI_3,MI Severe (μ=3.0),69,Septal,3,Overall Avg,Point Estimate,0.006166,0.063319,0.063319,,0.000000,
MI_3,MI Severe (μ=3.0),69,Septal,3,Overall Avg,MCMC,0.001678,,0.076101,1.115080,1.115080,1.000000
MI_3,MI Severe (μ=3.0),69,Septal,3,Diseased Avg,Point Estimate,0.002441,0.038125,0.038125,,0.000000,
MI_3,MI Severe (μ=3.0),69,Septal,3,Diseased Avg,MCMC,0.001956,,0.187070,2.680838,2.680838,1.000000
MI_3,MI Severe (μ=3.0),69,Septal,3,Non-diseased Avg,Point Estimate,0.007097,0.069618,0.069618,,0.000000,
MI_3,MI Severe (μ=3.0),69,Septal,3,Non-diseased Avg,MCMC,0.001609,,0.048359,0.723641,0.723641,1.000000
MI_3,MI Severe (μ=3.0),70,Septal,3,Overall Avg,Point Estimate,0.012239,0.080260,0.080260,,0.000000,
MI_3,MI Severe (μ=3.0),70,Septal,3,Overall Avg,MCMC,0.002805,,0.080080,1.157134,1.157134,1.000000
MI_3,MI Severe (μ=3.0),70,Septal,3,Diseased Avg,Point Estimate,0.003499,0.055404,0.055404,,0.000000,
MI_3,MI Severe (μ=3.0),70,Septal,3,Diseased Avg,MCMC,0.006582,,0.198408,2.718939,2.718939,1.000000
MI_3,MI Severe (μ=3.0),70,Septal,3,Non-diseased Avg,Point Estimate,0.014424,0.086474,0.086474,,0.000000,
MI_3,MI Severe (μ=3.0),70,Septal,3,Non-diseased Avg,MCMC,0.001861,,0.050498,0.766683,0.766683,1.000000
MI_3,MI Severe (μ=3.0),71,Septal,3,Overall Avg,Point Estimate,0.197310,0.303006,0.303006,,0.000000,
MI_3,MI Severe (μ=3.0),71,Septal,3,Overall Avg,MCMC,0.008637,,0.088081,1.132961,1.132961,1.000000
MI_3,MI Severe (μ=3.0),71,Septal,3,Diseased Avg,Point Estimate,0.844373,0.894117,0.894117,,0.000000,
MI_3,MI Severe (μ=3.0),71,Septal,3,Diseased Avg,MCMC,0.005715,,0.207432,2.692888,2.692888,1.000000
MI_3,MI Severe (μ=3.0),71,Septal,3,Non-diseased Avg,Point Estimate,0.035544,0.155229,0.155229,,0.000000,
MI_3,MI Severe (μ=3.0),71,Septal,3,Non-diseased Avg,MCMC,0.009368,,0.058244,0.742979,0.742979,1.000000
MI_3,MI Severe (μ=3.0),72,Septal,3,Overall Avg,Point Estimate,0.160283,0.238512,0.238512,,0.000000,
MI_3,MI Severe (μ=3.0),72,Septal,3,Overall Avg,MCMC,0.017258,,0.087495,1.098137,1.098137,1.000000
MI_3,MI Severe (μ=3.0),72,Septal,3,Diseased Avg,Point Estimate,0.759678,0.849058,0.849058,,0.000000,
MI_3,MI Severe (μ=3.0),72,Septal,3,Diseased Avg,MCMC,0.069001,,0.240500,2.595454,2.595454,1.000000
MI_3,MI Severe (μ=3.0),72,Septal,3,Non-diseased Avg,Point Estimate,0.010434,0.085875,0.085875,,0.000000,
MI_3,MI Severe (μ=3.0),72,Septal,3,Non-diseased Avg,MCMC,0.004322,,0.049244,0.723807,0.723807,1.000000
MI_3,MI Severe (μ=3.0),73,Septal,3,Overall Avg,Point Estimate,0.069390,0.193195,0.193195,,0.000000,
MI_3,MI Severe (μ=3.0),73,Septal,3,Overall Avg,MCMC,0.008872,,0.071016,1.070332,1.070332,1.000000
MI_3,MI Severe (μ=3.0),73,Septal,3,Diseased Avg,Point Estimate,0.271950,0.520644,0.520644,,0.000000,
MI_3,MI Severe (μ=3.0),73,Septal,3,Diseased Avg,MCMC,0.032289,,0.174447,2.686941,2.686941,1.000000
MI_3,MI Severe (μ=3.0),73,Septal,3,Non-diseased Avg,Point Estimate,0.018750,0.111332,0.111332,,0.000000,
MI_3,MI Severe (μ=3.0),73,Septal,3,Non-diseased Avg,MCMC,0.003017,,0.045158,0.666180,0.666180,1.000000
MI_3,MI Severe (μ=3.0),74,Septal,3,Overall Avg,Point Estimate,0.044452,0.165966,0.165966,,0.000000,
MI_3,MI Severe (μ=3.0),74,Septal,3,Overall Avg,MCMC,0.011307,,0.085093,1.172035,1.172035,1.000000
MI_3,MI Severe (μ=3.0),74,Septal,3,Diseased Avg,Point Estimate,0.153907,0.385692,0.385692,,0.000000,
MI_3,MI Severe (μ=3.0),74,Septal,3,Diseased Avg,MCMC,0.029326,,0.205678,2.898286,2.898286,1.000000
MI_3,MI Severe (μ=3.0),74,Septal,3,Non-diseased Avg,Point Estimate,0.017089,0.111034,0.111034,,0.000000,
MI_3,MI Severe (μ=3.0),74,Septal,3,Non-diseased Avg,MCMC,0.006802,,0.054947,0.740472,0.740472,1.000000
MI_3,MI Severe (μ=3.0),75,Septal,3,Overall Avg,Point Estimate,0.067672,0.181378,0.181378,,0.000000,
MI_3,MI Severe (μ=3.0),75,Septal,3,Overall Avg,MCMC,0.036508,,0.096754,1.050186,1.050186,1.000000
MI_3,MI Severe (μ=3.0),75,Septal,3,Diseased Avg,Point Estimate,0.289292,0.525048,0.525048,,0.000000,
MI_3,MI Severe (μ=3.0),75,Septal,3,Diseased Avg,MCMC,0.105926,,0.227860,2.524495,2.524495,1.000000
MI_3,MI Severe (μ=3.0),75,Septal,3,Non-diseased Avg,Point Estimate,0.012267,0.095461,0.095461,,0.000000,
MI_3,MI Severe (μ=3.0),75,Septal,3,Non-diseased Avg,MCMC,0.019154,,0.063977,0.681609,0.681609,1.000000
MI_3,MI Severe (μ=3.0),76,Septal,3,Overall Avg,Point Estimate,0.098682,0.200293,0.200293,,0.000000,
MI_3,MI Severe (μ=3.0),76,Septal,3,Overall Avg,MCMC,0.017232,,0.088000,1.067907,1.067907,1.000000
MI_3,MI Severe (μ=3.0),76,Septal,3,Diseased Avg,Point Estimate,0.450631,0.647427,0.647427,,0.000000,
MI_3,MI Severe (μ=3.0),76,Septal,3,Diseased Avg,MCMC,0.026065,,0.189831,2.576198,2.576198,1.000000
MI_3,MI Severe (μ=3.0),76,Septal,3,Non-diseased Avg,Point Estimate,0.010694,0.088510,0.088510,,0.000000,
MI_3,MI Severe (μ=3.0),76,Septal,3,Non-diseased Avg,MCMC,0.015024,,0.062543,0.690834,0.690834,1.000000
MI_3,MI Severe (μ=3.0),77,Septal,3,Overall Avg,Point Estimate,0.056166,0.168781,0.168781,,0.000000,
MI_3,MI Severe (μ=3.0),77,Septal,3,Overall Avg,MCMC,0.013210,,0.086311,1.154057,1.154057,1.000000
MI_3,MI Severe (μ=3.0),77,Septal,3,Diseased Avg,Point Estimate,0.234216,0.475953,0.475953,,0.000000,
MI_3,MI Severe (μ=3.0),77,Septal,3,Diseased Avg,MCMC,0.038239,,0.215760,2.829660,2.829660,1.000000
MI_3,MI Severe (μ=3.0),77,Septal,3,Non-diseased Avg,Point Estimate,0.011654,0.091988,0.091988,,0.000000,
MI_3,MI Severe (μ=3.0),77,Septal,3,Non-diseased Avg,MCMC,0.006952,,0.053949,0.735156,0.735156,1.000000
MI_3,MI Severe (μ=3.0),78,Septal,3,Overall Avg,Point Estimate,0.028637,0.136010,0.136010,,0.000000,
MI_3,MI Severe (μ=3.0),78,Septal,3,Overall Avg,MCMC,0.009203,,0.077004,1.130167,1.130167,1.000000
MI_3,MI Severe (μ=3.0),78,Septal,3,Diseased Avg,Point Estimate,0.094111,0.299252,0.299252,,0.000000,
MI_3,MI Severe (μ=3.0),78,Septal,3,Diseased Avg,MCMC,0.025607,,0.183281,2.711447,2.711447,1.000000
MI_3,MI Severe (μ=3.0),78,Septal,3,Non-diseased Avg,Point Estimate,0.012269,0.095199,0.095199,,0.000000,
MI_3,MI Severe (μ=3.0),78,Septal,3,Non-diseased Avg,MCMC,0.005102,,0.050435,0.734846,0.734846,1.000000
MI_3,MI Severe (μ=3.0),79,Septal,3,Overall Avg,Point Estimate,0.050092,0.168180,0.168180,,0.000000,
MI_3,MI Severe (μ=3.0),79,Septal,3,Overall Avg,MCMC,0.010710,,0.081352,1.127063,1.127063,1.000000
MI_3,MI Severe (μ=3.0),79,Septal,3,Diseased Avg,Point Estimate,0.189054,0.424056,0.424056,,0.000000,
MI_3,MI Severe (μ=3.0),79,Septal,3,Diseased Avg,MCMC,0.016952,,0.182817,2.675520,2.675520,1.000000
MI_3,MI Severe (μ=3.0),79,Septal,3,Non-diseased Avg,Point Estimate,0.015352,0.104211,0.104211,,0.000000,
MI_3,MI Severe (μ=3.0),79,Septal,3,Non-diseased Avg,MCMC,0.009149,,0.055985,0.739948,0.739948,1.000000
MI_3,MI Severe (μ=3.0),80,Apical,4,Overall Avg,Point Estimate,0.004018,0.053169,0.053169,,0.000000,
MI_3,MI Severe (μ=3.0),80,Apical,4,Overall Avg,MCMC,0.030447,,0.095234,0.975907,0.975907,1.000000
MI_3,MI Severe (μ=3.0),80,Apical,4,Diseased Avg,Point Estimate,0.001057,0.032452,0.032452,,0.000000,
MI_3,MI Severe (μ=3.0),80,Apical,4,Diseased Avg,MCMC,0.003485,,0.072444,1.081029,1.081029,1.000000
MI_3,MI Severe (μ=3.0),80,Apical,4,Non-diseased Avg,Point Estimate,0.004759,0.058349,0.058349,,0.000000,
MI_3,MI Severe (μ=3.0),80,Apical,4,Non-diseased Avg,MCMC,0.037187,,0.100931,0.949626,0.949626,1.000000
MI_3,MI Severe (μ=3.0),81,Apical,4,Overall Avg,Point Estimate,0.024679,0.111756,0.111756,,0.000000,
MI_3,MI Severe (μ=3.0),81,Apical,4,Overall Avg,MCMC,0.009682,,0.076952,1.020956,1.020956,1.000000
MI_3,MI Severe (μ=3.0),81,Apical,4,Diseased Avg,Point Estimate,0.007101,0.083912,0.083912,,0.000000,
MI_3,MI Severe (μ=3.0),81,Apical,4,Diseased Avg,MCMC,0.004665,,0.080516,1.258746,1.258746,1.000000
MI_3,MI Severe (μ=3.0),81,Apical,4,Non-diseased Avg,Point Estimate,0.029073,0.118717,0.118717,,0.000000,
MI_3,MI Severe (μ=3.0),81,Apical,4,Non-diseased Avg,MCMC,0.010936,,0.076061,0.961508,0.961508,1.000000
MI_3,MI Severe (μ=3.0),82,Apical,4,Overall Avg,Point Estimate,0.031757,0.141770,0.141770,,0.000000,
MI_3,MI Severe (μ=3.0),82,Apical,4,Overall Avg,MCMC,0.016009,,0.084043,0.991987,0.991987,1.000000
MI_3,MI Severe (μ=3.0),82,Apical,4,Diseased Avg,Point Estimate,0.016630,0.126352,0.126352,,0.000000,
MI_3,MI Severe (μ=3.0),82,Apical,4,Diseased Avg,MCMC,0.005377,,0.072579,1.096405,1.096405,1.000000
MI_3,MI Severe (μ=3.0),82,Apical,4,Non-diseased Avg,Point Estimate,0.035539,0.145625,0.145625,,0.000000,
MI_3,MI Severe (μ=3.0),82,Apical,4,Non-diseased Avg,MCMC,0.018667,,0.086909,0.965883,0.965883,1.000000
MI_3,MI Severe (μ=3.0),83,Apical,4,Overall Avg,Point Estimate,0.009403,0.081720,0.081720,,0.000000,
MI_3,MI Severe (μ=3.0),83,Apical,4,Overall Avg,MCMC,0.009678,,0.077753,1.052901,1.052901,1.000000
MI_3,MI Severe (μ=3.0),83,Apical,4,Diseased Avg,Point Estimate,0.008441,0.090586,0.090586,,0.000000,
MI_3,MI Severe (μ=3.0),83,Apical,4,Diseased Avg,MCMC,0.000233,,0.076139,1.326810,1.326810,1.000000
MI_3,MI Severe (μ=3.0),83,Apical,4,Non-diseased Avg,Point Estimate,0.009644,0.079504,0.079504,,0.000000,
MI_3,MI Severe (μ=3.0),83,Apical,4,Non-diseased Avg,MCMC,0.012039,,0.078157,0.984424,0.984424,1.000000
MI_3,MI Severe (μ=3.0),84,Apical,4,Overall Avg,Point Estimate,0.004335,0.054242,0.054242,,0.000000,
MI_3,MI Severe (μ=3.0),84,Apical,4,Overall Avg,MCMC,0.023412,,0.093406,1.019225,1.019225,1.000000
MI_3,MI Severe (μ=3.0),84,Apical,4,Diseased Avg,Point Estimate,0.004574,0.067012,0.067012,,0.000000,
MI_3,MI Severe (μ=3.0),84,Apical,4,Diseased Avg,MCMC,0.009944,,0.083091,1.109496,1.109496,1.000000
MI_3,MI Severe (μ=3.0),84,Apical,4,Non-diseased Avg,Point Estimate,0.004275,0.051049,0.051049,,0.000000,
MI_3,MI Severe (μ=3.0),84,Apical,4,Non-diseased Avg,MCMC,0.026779,,0.095985,0.996658,0.996658,1.000000
MI_3,MI Severe (μ=3.0),85,Apical,4,Overall Avg,Point Estimate,0.044794,0.160905,0.160905,,0.000000,
MI_3,MI Severe (μ=3.0),85,Apical,4,Overall Avg,MCMC,0.007207,,0.073157,1.034455,1.034455,1.000000
MI_3,MI Severe (μ=3.0),85,Apical,4,Diseased Avg,Point Estimate,0.041231,0.200934,0.200934,,0.000000,
MI_3,MI Severe (μ=3.0),85,Apical,4,Diseased Avg,MCMC,0.006179,,0.081310,1.319586,1.319586,1.000000
MI_3,MI Severe (μ=3.0),85,Apical,4,Non-diseased Avg,Point Estimate,0.045685,0.150898,0.150898,,0.000000,
MI_3,MI Severe (μ=3.0),85,Apical,4,Non-diseased Avg,MCMC,0.007464,,0.071119,0.963172,0.963172,1.000000
MI_3,MI Severe (μ=3.0),86,Apical,4,Overall Avg,Point Estimate,0.006118,0.068738,0.068738,,0.000000,
MI_3,MI Severe (μ=3.0),86,Apical,4,Overall Avg,MCMC,0.014759,,0.085866,1.030134,1.030134,1.000000
MI_3,MI Severe (μ=3.0),86,Apical,4,Diseased Avg,Point Estimate,0.001873,0.041489,0.041489,,0.000000,
MI_3,MI Severe (μ=3.0),86,Apical,4,Diseased Avg,MCMC,0.002829,,0.089686,1.393685,1.393685,1.000000
MI_3,MI Severe (μ=3.0),86,Apical,4,Non-diseased Avg,Point Estimate,0.007180,0.075550,0.075550,,0.000000,
MI_3,MI Severe (μ=3.0),86,Apical,4,Non-diseased Avg,MCMC,0.017742,,0.084911,0.939247,0.939247,1.000000
MI_3,MI Severe (μ=3.0),87,Apical,4,Overall Avg,Point Estimate,0.047706,0.172157,0.172157,,0.000000,
MI_3,MI Severe (μ=3.0),87,Apical,4,Overall Avg,MCMC,0.028504,,0.104685,1.038388,1.038388,1.000000
MI_3,MI Severe (μ=3.0),87,Apical,4,Diseased Avg,Point Estimate,0.035131,0.185916,0.185916,,0.000000,
MI_3,MI Severe (μ=3.0),87,Apical,4,Diseased Avg,MCMC,0.000748,,0.083322,1.435724,1.435724,1.000000
MI_3,MI Severe (μ=3.0),87,Apical,4,Non-diseased Avg,Point Estimate,0.050850,0.168717,0.168717,,0.000000,
MI_3,MI Severe (μ=3.0),87,Apical,4,Non-diseased Avg,MCMC,0.035443,,0.110025,0.939054,0.939054,1.000000
MI_3,MI Severe (μ=3.0),88,Apical,4,Overall Avg,Point Estimate,0.051710,0.184584,0.184584,,0.000000,
MI_3,MI Severe (μ=3.0),88,Apical,4,Overall Avg,MCMC,0.036931,,0.119983,1.156503,1.156503,1.000000
MI_3,MI Severe (μ=3.0),88,Apical,4,Diseased Avg,Point Estimate,0.000568,0.023819,0.023819,,0.000000,
MI_3,MI Severe (μ=3.0),88,Apical,4,Diseased Avg,MCMC,0.001259,,0.112858,1.712241,1.712241,1.000000
MI_3,MI Severe (μ=3.0),88,Apical,4,Non-diseased Avg,Point Estimate,0.064495,0.224775,0.224775,,0.000000,
MI_3,MI Severe (μ=3.0),88,Apical,4,Non-diseased Avg,MCMC,0.045849,,0.121765,1.017569,1.017569,1.000000
MI_3,MI Severe (μ=3.0),89,Apical,4,Overall Avg,Point Estimate,0.019485,0.116312,0.116312,,0.000000,
MI_3,MI Severe (μ=3.0),89,Apical,4,Overall Avg,MCMC,0.024792,,0.103601,1.146515,1.146515,1.000000
MI_3,MI Severe (μ=3.0),89,Apical,4,Diseased Avg,Point Estimate,0.000072,0.008451,0.008451,,0.000000,
MI_3,MI Severe (μ=3.0),89,Apical,4,Diseased Avg,MCMC,0.001894,,0.098526,1.780149,1.780149,1.000000
MI_3,MI Severe (μ=3.0),89,Apical,4,Non-diseased Avg,Point Estimate,0.024338,0.143277,0.143277,,0.000000,
MI_3,MI Severe (μ=3.0),89,Apical,4,Non-diseased Avg,MCMC,0.030517,,0.104869,0.988106,0.988106,1.000000
MI_3,MI Severe (μ=3.0),90,Apical,4,Overall Avg,Point Estimate,0.016248,0.111882,0.111882,,0.000000,
MI_3,MI Severe (μ=3.0),90,Apical,4,Overall Avg,MCMC,0.017128,,0.089400,1.030834,1.030834,1.000000
MI_3,MI Severe (μ=3.0),90,Apical,4,Diseased Avg,Point Estimate,0.022145,0.147188,0.147188,,0.000000,
MI_3,MI Severe (μ=3.0),90,Apical,4,Diseased Avg,MCMC,0.000118,,0.085191,1.388016,1.388016,1.000000
MI_3,MI Severe (μ=3.0),90,Apical,4,Non-diseased Avg,Point Estimate,0.014774,0.103055,0.103055,,0.000000,
MI_3,MI Severe (μ=3.0),90,Apical,4,Non-diseased Avg,MCMC,0.021381,,0.090452,0.941539,0.941539,1.000000
MI_3,MI Severe (μ=3.0),91,Apical,4,Overall Avg,Point Estimate,0.002862,0.046717,0.046717,,0.000000,
MI_3,MI Severe (μ=3.0),91,Apical,4,Overall Avg,MCMC,0.015343,,0.083356,0.986298,0.986298,1.000000
MI_3,MI Severe (μ=3.0),91,Apical,4,Diseased Avg,Point Estimate,0.000067,0.008144,0.008144,,0.000000,
MI_3,MI Severe (μ=3.0),91,Apical,4,Diseased Avg,MCMC,0.011933,,0.083557,1.149403,1.149403,1.000000
MI_3,MI Severe (μ=3.0),91,Apical,4,Non-diseased Avg,Point Estimate,0.003560,0.056360,0.056360,,0.000000,
MI_3,MI Severe (μ=3.0),91,Apical,4,Non-diseased Avg,MCMC,0.016196,,0.083306,0.945522,0.945522,1.000000
MI_3,MI Severe (μ=3.0),92,Apical,4,Overall Avg,Point Estimate,0.027148,0.130434,0.130434,,0.000000,
MI_3,MI Severe (μ=3.0),92,Apical,4,Overall Avg,MCMC,0.006965,,0.077565,1.036810,1.036810,1.000000
MI_3,MI Severe (μ=3.0),92,Apical,4,Diseased Avg,Point Estimate,0.009498,0.097433,0.097433,,0.000000,
MI_3,MI Severe (μ=3.0),92,Apical,4,Diseased Avg,MCMC,0.000042,,0.083805,1.413327,1.413327,1.000000
MI_3,MI Severe (μ=3.0),92,Apical,4,Non-diseased Avg,Point Estimate,0.031560,0.138685,0.138685,,0.000000,
MI_3,MI Severe (μ=3.0),92,Apical,4,Non-diseased Avg,MCMC,0.008696,,0.076005,0.942681,0.942681,1.000000
MI_3,MI Severe (μ=3.0),93,Apical,4,Overall Avg,Point Estimate,0.025271,0.125373,0.125373,,0.000000,
MI_3,MI Severe (μ=3.0),93,Apical,4,Overall Avg,MCMC,0.013177,,0.086235,1.074504,1.074504,1.000000
MI_3,MI Severe (μ=3.0),93,Apical,4,Diseased Avg,Point Estimate,0.004393,0.064805,0.064805,,0.000000,
MI_3,MI Severe (μ=3.0),93,Apical,4,Diseased Avg,MCMC,0.000602,,0.090074,1.560410,1.560410,1.000000
MI_3,MI Severe (μ=3.0),93,Apical,4,Non-diseased Avg,Point Estimate,0.030491,0.140515,0.140515,,0.000000,
MI_3,MI Severe (μ=3.0),93,Apical,4,Non-diseased Avg,MCMC,0.016321,,0.085275,0.953027,0.953027,1.000000
MI_3,MI Severe (μ=3.0),94,Apical,4,Overall Avg,Point Estimate,0.004650,0.058893,0.058893,,0.000000,
MI_3,MI Severe (μ=3.0),94,Apical,4,Overall Avg,MCMC,0.012153,,0.077655,1.026791,1.026791,1.000000
MI_3,MI Severe (μ=3.0),94,Apical,4,Diseased Avg,Point Estimate,0.003148,0.055306,0.055306,,0.000000,
MI_3,MI Severe (μ=3.0),94,Apical,4,Diseased Avg,MCMC,0.003255,,0.078150,1.322785,1.322785,1.000000
MI_3,MI Severe (μ=3.0),94,Apical,4,Non-diseased Avg,Point Estimate,0.005026,0.059790,0.059790,,0.000000,
MI_3,MI Severe (μ=3.0),94,Apical,4,Non-diseased Avg,MCMC,0.014378,,0.077532,0.952793,0.952793,1.000000
MI_3,MI Severe (μ=3.0),95,Apical,4,Overall Avg,Point Estimate,0.043427,0.169550,0.169550,,0.000000,
MI_3,MI Severe (μ=3.0),95,Apical,4,Overall Avg,MCMC,0.009772,,0.080761,1.077315,1.077315,1.000000
MI_3,MI Severe (μ=3.0),95,Apical,4,Diseased Avg,Point Estimate,0.044933,0.209815,0.209815,,0.000000,
MI_3,MI Severe (μ=3.0),95,Apical,4,Diseased Avg,MCMC,0.000496,,0.079046,1.354586,1.354586,1.000000
MI_3,MI Severe (μ=3.0),95,Apical,4,Non-diseased Avg,Point Estimate,0.043051,0.159483,0.159483,,0.000000,
MI_3,MI Severe (μ=3.0),95,Apical,4,Non-diseased Avg,MCMC,0.012091,,0.081190,1.007997,1.007997,1.000000
MI_3,MI Severe (μ=3.0),96,Apical,4,Overall Avg,Point Estimate,0.059359,0.206837,0.206837,,0.000000,
MI_3,MI Severe (μ=3.0),96,Apical,4,Overall Avg,MCMC,0.022431,,0.107974,1.160417,1.160417,1.000000
MI_3,MI Severe (μ=3.0),96,Apical,4,Diseased Avg,Point Estimate,0.016279,0.112100,0.112100,,0.000000,
MI_3,MI Severe (μ=3.0),96,Apical,4,Diseased Avg,MCMC,0.000559,,0.114786,1.707263,1.707263,1.000000
MI_3,MI Severe (μ=3.0),96,Apical,4,Non-diseased Avg,Point Estimate,0.070129,0.230521,0.230521,,0.000000,
MI_3,MI Severe (μ=3.0),96,Apical,4,Non-diseased Avg,MCMC,0.027899,,0.106271,1.023705,1.023705,1.000000
MI_3,MI Severe (μ=3.0),97,Apical,4,Overall Avg,Point Estimate,0.003021,0.039374,0.039374,,0.000000,
MI_3,MI Severe (μ=3.0),97,Apical,4,Overall Avg,MCMC,0.009449,,0.080291,1.062447,1.062447,1.000000
MI_3,MI Severe (μ=3.0),97,Apical,4,Diseased Avg,Point Estimate,0.000506,0.022478,0.022478,,0.000000,
MI_3,MI Severe (μ=3.0),97,Apical,4,Diseased Avg,MCMC,0.000705,,0.080305,1.312262,1.312262,1.000000
MI_3,MI Severe (μ=3.0),97,Apical,4,Non-diseased Avg,Point Estimate,0.003650,0.043598,0.043598,,0.000000,
MI_3,MI Severe (μ=3.0),97,Apical,4,Non-diseased Avg,MCMC,0.011634,,0.080288,0.999993,0.999993,1.000000
MI_3,MI Severe (μ=3.0),98,Apical,4,Overall Avg,Point Estimate,0.035729,0.151820,0.151820,,0.000000,
MI_3,MI Severe (μ=3.0),98,Apical,4,Overall Avg,MCMC,0.017240,,0.095117,1.115935,1.115935,1.000000
MI_3,MI Severe (μ=3.0),98,Apical,4,Diseased Avg,Point Estimate,0.005686,0.072793,0.072793,,0.000000,
MI_3,MI Severe (μ=3.0),98,Apical,4,Diseased Avg,MCMC,0.000395,,0.099020,1.682468,1.682468,1.000000
MI_3,MI Severe (μ=3.0),98,Apical,4,Non-diseased Avg,Point Estimate,0.043239,0.171577,0.171577,,0.000000,
MI_3,MI Severe (μ=3.0),98,Apical,4,Non-diseased Avg,MCMC,0.021451,,0.094142,0.974302,0.974302,1.000000
MI_3,MI Severe (μ=3.0),99,Apical,4,Overall Avg,Point Estimate,0.062144,0.203500,0.203500,,0.000000,
MI_3,MI Severe (μ=3.0),99,Apical,4,Overall Avg,MCMC,0.016301,,0.093275,1.104561,1.104561,1.000000
MI_3,MI Severe (μ=3.0),99,Apical,4,Diseased Avg,Point Estimate,0.036866,0.188096,0.188096,,0.000000,
MI_3,MI Severe (μ=3.0),99,Apical,4,Diseased Avg,MCMC,0.003932,,0.100103,1.634757,1.634757,1.000000
MI_3,MI Severe (μ=3.0),99,Apical,4,Non-diseased Avg,Point Estimate,0.068463,0.207351,0.207351,,0.000000,
MI_3,MI Severe (μ=3.0),99,Apical,4,Non-diseased Avg,MCMC,0.019393,,0.091568,0.972011,0.972011,1.000000
