scenario,scenario_display,sample_idx,target_region,target_region_idx,inferred_region,inferred_region_idx,region_role,method,mse,mae,crps,interval_score,ci_width,coverage,median_mse
HCM,Multi-territory MI (μ=1.7),0,All Regions,-1,Anterior,0,Diseased,Point Estimate,0.005832,0.075864,0.075864,,0.000000,,0.005832
HCM,Multi-territory MI (μ=1.7),0,All Regions,-1,Anterior,0,Diseased,MCMC,0.000814,,0.072843,1.121494,1.121494,1.000000,0.000814
HCM,Multi-territory MI (μ=1.7),0,All Regions,-1,Inferior,1,Diseased,Point Estimate,0.218405,0.460601,0.460601,,0.000000,,0.218405
HCM,Multi-territory MI (μ=1.7),0,All Regions,-1,Inferior,1,Diseased,MCMC,0.010653,,0.111257,1.767533,1.767533,1.000000,0.010653
HCM,Multi-territory MI (μ=1.7),0,All Regions,-1,Lateral,2,Diseased,Point Estimate,0.005297,0.072387,0.072387,,0.000000,,0.005297
HCM,Multi-territory MI (μ=1.7),0,All Regions,-1,Lateral,2,Diseased,MCMC,0.000045,,0.045183,0.747693,0.747693,1.000000,0.000045
HCM,Multi-territory MI (μ=1.7),0,All Regions,-1,Septal,3,Diseased,Point Estimate,0.022080,0.145338,0.145338,,0.000000,,0.022080
HCM,Multi-territory MI (μ=1.7),0,All Regions,-1,Septal,3,Diseased,MCMC,0.047774,,0.147525,1.605019,1.605019,1.000000,0.047774
HCM,Multi-territory MI (μ=1.7),0,All Regions,-1,Apical,4,Diseased,Point Estimate,0.000188,0.010724,0.010724,,0.000000,,0.000188
HCM,Multi-territory MI (μ=1.7),0,All Regions,-1,Apical,4,Diseased,MCMC,0.000013,,0.042034,0.694095,0.694095,1.000000,0.000013
HCM,Multi-territory MI (μ=1.7),1,All Regions,-1,Anterior,0,Diseased,Point Estimate,0.008438,0.090414,0.090414,,0.000000,,0.008438
HCM,Multi-territory MI (μ=1.7),1,All Regions,-1,Anterior,0,Diseased,MCMC,0.000756,,0.086480,1.279128,1.279128,1.000000,0.000756
HCM,Multi-territory MI (μ=1.7),1,All Regions,-1,Inferior,1,Diseased,Point Estimate,0.144103,0.368374,0.368374,,0.000000,,0.144103
HCM,Multi-territory MI (μ=1.7),1,All Regions,-1,Inferior,1,Diseased,MCMC,0.007588,,0.144300,2.469454,2.469454,1.000000,0.007588
HCM,Multi-territory MI (μ=1.7),1,All Regions,-1,Lateral,2,Diseased,Point Estimate,0.001874,0.043001,0.043001,,0.000000,,0.001874
HCM,Multi-territory MI (μ=1.7),1,All Regions,-1,Lateral,2,Diseased,MCMC,0.000406,,0.070184,1.158085,1.158085,1.000000,0.000406
HCM,Multi-territory MI (μ=1.7),1,All Regions,-1,Septal,3,Diseased,Point Estimate,0.018118,0.130424,0.130424,,0.000000,,0.018118
HCM,Multi-territory MI (μ=1.7),1,All Regions,-1,Septal,3,Diseased,MCMC,0.027367,,0.134249,1.671562,1.671562,1.000000,0.027367
HCM,Multi-territory MI (μ=1.7),1,All Regions,-1,Apical,4,Diseased,Point Estimate,0.000846,0.028695,0.028695,,0.000000,,0.000846
HCM,Multi-territory MI (μ=1.7),1,All Regions,-1,Apical,4,Diseased,MCMC,0.000177,,0.045322,0.791319,0.791319,1.000000,0.000177
HCM,Multi-territory MI (μ=1.7),2,All Regions,-1,Anterior,0,Diseased,Point Estimate,0.000196,0.013753,0.013753,,0.000000,,0.000196
HCM,Multi-territory MI (μ=1.7),2,All Regions,-1,Anterior,0,Diseased,MCMC,0.002493,,0.083290,1.223525,1.223525,1.000000,0.002493
HCM,Multi-territory MI (μ=1.7),2,All Regions,-1,Inferior,1,Diseased,Point Estimate,0.160507,0.393901,0.393901,,0.000000,,0.160507
HCM,Multi-territory MI (μ=1.7),2,All Regions,-1,Inferior,1,Diseased,MCMC,0.000447,,0.103076,1.748184,1.748184,1.000000,0.000447
HCM,Multi-territory MI (μ=1.7),2,All Regions,-1,Lateral,2,Diseased,Point Estimate,0.005365,0.073145,0.073145,,0.000000,,0.005365
HCM,Multi-territory MI (μ=1.7),2,All Regions,-1,Lateral,2,Diseased,MCMC,0.005467,,0.066939,0.941848,0.941848,1.000000,0.005467
HCM,Multi-territory MI (μ=1.7),2,All Regions,-1,Septal,3,Diseased,Point Estimate,0.001684,0.041031,0.041031,,0.000000,,0.001684
HCM,Multi-territory MI (μ=1.7),2,All Regions,-1,Septal,3,Diseased,MCMC,0.045760,,0.137043,1.609090,1.609090,1.000000,0.045760
HCM,Multi-territory MI (μ=1.7),2,All Regions,-1,Apical,4,Diseased,Point Estimate,0.000298,0.013477,0.013477,,0.000000,,0.000298
HCM,Multi-territory MI (μ=1.7),2,All Regions,-1,Apical,4,Diseased,MCMC,0.001030,,0.048618,0.771001,0.771001,1.000000,0.001030
HCM,Multi-territory MI (μ=1.7),3,All Regions,-1,Anterior,0,Diseased,Point Estimate,0.000028,0.005236,0.005236,,0.000000,,0.000028
HCM,Multi-territory MI (μ=1.7),3,All Regions,-1,Anterior,0,Diseased,MCMC,0.000799,,0.071250,1.080750,1.080750,1.000000,0.000799
HCM,Multi-territory MI (μ=1.7),3,All Regions,-1,Inferior,1,Diseased,Point Estimate,0.215980,0.457498,0.457498,,0.000000,,0.215980
HCM,Multi-territory MI (μ=1.7),3,All Regions,-1,Inferior,1,Diseased,MCMC,0.003885,,0.154055,2.513517,2.513517,1.000000,0.003885
HCM,Multi-territory MI (μ=1.7),3,All Regions,-1,Lateral,2,Diseased,Point Estimate,0.000059,0.005836,0.005836,,0.000000,,0.000059
HCM,Multi-territory MI (μ=1.7),3,All Regions,-1,Lateral,2,Diseased,MCMC,0.000389,,0.052168,0.833627,0.833627,1.000000,0.000389
HCM,Multi-territory MI (μ=1.7),3,All Regions,-1,Septal,3,Diseased,Point Estimate,0.017045,0.128175,0.128175,,0.000000,,0.017045
HCM,Multi-territory MI (μ=1.7),3,All Regions,-1,Septal,3,Diseased,MCMC,0.056493,,0.153478,1.811441,1.811441,1.000000,0.056493
HCM,Multi-territory MI (μ=1.7),3,All Regions,-1,Apical,4,Diseased,Point Estimate,0.000540,0.022620,0.022620,,0.000000,,0.000540
HCM,Multi-territory MI (μ=1.7),3,All Regions,-1,Apical,4,Diseased,MCMC,0.000596,,0.045937,0.707874,0.707874,1.000000,0.000596
HCM,Multi-territory MI (μ=1.7),4,All Regions,-1,Anterior,0,Diseased,Point Estimate,0.004830,0.069115,0.069115,,0.000000,,0.004830
HCM,Multi-territory MI (μ=1.7),4,All Regions,-1,Anterior,0,Diseased,MCMC,0.001870,,0.071324,1.106846,1.106846,1.000000,0.001870
HCM,Multi-territory MI (μ=1.7),4,All Regions,-1,Inferior,1,Diseased,Point Estimate,0.205257,0.444635,0.444635,,0.000000,,0.205257
HCM,Multi-territory MI (μ=1.7),4,All Regions,-1,Inferior,1,Diseased,MCMC,0.000664,,0.118585,2.171564,2.171564,1.000000,0.000664
HCM,Multi-territory MI (μ=1.7),4,All Regions,-1,Lateral,2,Diseased,Point Estimate,0.000454,0.020244,0.020244,,0.000000,,0.000454
HCM,Multi-territory MI (μ=1.7),4,All Regions,-1,Lateral,2,Diseased,MCMC,0.000128,,0.042530,0.727148,0.727148,1.000000,0.000128
HCM,Multi-territory MI (μ=1.7),4,All Regions,-1,Septal,3,Diseased,Point Estimate,0.009136,0.094081,0.094081,,0.000000,,0.009136
HCM,Multi-territory MI (μ=1.7),4,All Regions,-1,Septal,3,Diseased,MCMC,0.083495,,0.172565,1.789807,1.789807,1.000000,0.083495
HCM,Multi-territory MI (μ=1.7),4,All Regions,-1,Apical,4,Diseased,Point Estimate,0.000317,0.014962,0.014962,,0.000000,,0.000317
HCM,Multi-territory MI (μ=1.7),4,All Regions,-1,Apical,4,Diseased,MCMC,0.001194,,0.047474,0.709947,0.709947,1.000000,0.001194
HCM,Multi-territory MI (μ=1.7),5,All Regions,-1,Anterior,0,Diseased,Point Estimate,0.020047,0.141312,0.141312,,0.000000,,0.020047
HCM,Multi-territory MI (μ=1.7),5,All Regions,-1,Anterior,0,Diseased,MCMC,0.002362,,0.068040,1.073905,1.073905,1.000000,0.002362
HCM,Multi-territory MI (μ=1.7),5,All Regions,-1,Inferior,1,Diseased,Point Estimate,0.135827,0.361972,0.361972,,0.000000,,0.135827
HCM,Multi-territory MI (μ=1.7),5,All Regions,-1,Inferior,1,Diseased,MCMC,0.018178,,0.136937,2.104155,2.104155,1.000000,0.018178
HCM,Multi-territory MI (μ=1.7),5,All Regions,-1,Lateral,2,Diseased,Point Estimate,0.000382,0.015082,0.015082,,0.000000,,0.000382
HCM,Multi-territory MI (μ=1.7),5,All Regions,-1,Lateral,2,Diseased,MCMC,0.002202,,0.049163,0.728319,0.728319,1.000000,0.002202
HCM,Multi-territory MI (μ=1.7),5,All Regions,-1,Septal,3,Diseased,Point Estimate,0.004575,0.064513,0.064513,,0.000000,,0.004575
HCM,Multi-territory MI (μ=1.7),5,All Regions,-1,Septal,3,Diseased,MCMC,0.114975,,0.199728,1.696852,1.696852,1.000000,0.114975
HCM,Multi-territory MI (μ=1.7),5,All Regions,-1,Apical,4,Diseased,Point Estimate,0.000174,0.011373,0.011373,,0.000000,,0.000174
HCM,Multi-territory MI (μ=1.7),5,All Regions,-1,Apical,4,Diseased,MCMC,0.001156,,0.055157,0.818638,0.818638,1.000000,0.001156
HCM,Multi-territory MI (μ=1.7),6,All Regions,-1,Anterior,0,Diseased,Point Estimate,0.000026,0.004700,0.004700,,0.000000,,0.000026
HCM,Multi-territory MI (μ=1.7),6,All Regions,-1,Anterior,0,Diseased,MCMC,0.000316,,0.067737,1.043415,1.043415,1.000000,0.000316
HCM,Multi-territory MI (μ=1.7),6,All Regions,-1,Inferior,1,Diseased,Point Estimate,0.238068,0.477136,0.477136,,0.000000,,0.238068
HCM,Multi-territory MI (μ=1.7),6,All Regions,-1,Inferior,1,Diseased,MCMC,0.004043,,0.117967,1.999844,1.999844,1.000000,0.004043
HCM,Multi-territory MI (μ=1.7),6,All Regions,-1,Lateral,2,Diseased,Point Estimate,0.001671,0.040546,0.040546,,0.000000,,0.001671
HCM,Multi-territory MI (μ=1.7),6,All Regions,-1,Lateral,2,Diseased,MCMC,0.000287,,0.062848,0.945500,0.945500,1.000000,0.000287
HCM,Multi-territory MI (μ=1.7),6,All Regions,-1,Septal,3,Diseased,Point Estimate,0.031297,0.173621,0.173621,,0.000000,,0.031297
HCM,Multi-territory MI (μ=1.7),6,All Regions,-1,Septal,3,Diseased,MCMC,0.033486,,0.146153,1.800359,1.800359,1.000000,0.033486
HCM,Multi-territory MI (μ=1.7),6,All Regions,-1,Apical,4,Diseased,Point Estimate,0.006680,0.079253,0.079253,,0.000000,,0.006680
HCM,Multi-territory MI (μ=1.7),6,All Regions,-1,Apical,4,Diseased,MCMC,0.000722,,0.052365,0.880522,0.880522,1.000000,0.000722
HCM,Multi-territory MI (μ=1.7),7,All Regions,-1,Anterior,0,Diseased,Point Estimate,0.000257,0.015803,0.015803,,0.000000,,0.000257
HCM,Multi-territory MI (μ=1.7),7,All Regions,-1,Anterior,0,Diseased,MCMC,0.000169,,0.084789,1.267008,1.267008,1.000000,0.000169
HCM,Multi-territory MI (μ=1.7),7,All Regions,-1,Inferior,1,Diseased,Point Estimate,0.053625,0.224308,0.224308,,0.000000,,0.053625
HCM,Multi-territory MI (μ=1.7),7,All Regions,-1,Inferior,1,Diseased,MCMC,0.045762,,0.161213,2.095017,2.095017,1.000000,0.045762
HCM,Multi-territory MI (μ=1.7),7,All Regions,-1,Lateral,2,Diseased,Point Estimate,0.000194,0.013843,0.013843,,0.000000,,0.000194
HCM,Multi-territory MI (μ=1.7),7,All Regions,-1,Lateral,2,Diseased,MCMC,0.002210,,0.058362,0.879119,0.879119,1.000000,0.002210
HCM,Multi-territory MI (μ=1.7),7,All Regions,-1,Septal,3,Diseased,Point Estimate,0.024410,0.143639,0.143639,,0.000000,,0.024410
HCM,Multi-territory MI (μ=1.7),7,All Regions,-1,Septal,3,Diseased,MCMC,0.003961,,0.140700,2.177887,2.177887,1.000000,0.003961
HCM,Multi-territory MI (μ=1.7),7,All Regions,-1,Apical,4,Diseased,Point Estimate,0.000557,0.022908,0.022908,,0.000000,,0.000557
HCM,Multi-territory MI (μ=1.7),7,All Regions,-1,Apical,4,Diseased,MCMC,0.000252,,0.043939,0.703742,0.703742,1.000000,0.000252
HCM,Multi-territory MI (μ=1.7),8,All Regions,-1,Anterior,0,Diseased,Point Estimate,0.006135,0.077483,0.077483,,0.000000,,0.006135
HCM,Multi-territory MI (μ=1.7),8,All Regions,-1,Anterior,0,Diseased,MCMC,0.002847,,0.082212,1.197623,1.197623,1.000000,0.002847
HCM,Multi-territory MI (μ=1.7),8,All Regions,-1,Inferior,1,Diseased,Point Estimate,0.170076,0.393426,0.393426,,0.000000,,0.170076
HCM,Multi-territory MI (μ=1.7),8,All Regions,-1,Inferior,1,Diseased,MCMC,0.038187,,0.145112,1.967965,1.967965,1.000000,0.038187
HCM,Multi-territory MI (μ=1.7),8,All Regions,-1,Lateral,2,Diseased,Point Estimate,0.001246,0.035288,0.035288,,0.000000,,0.001246
HCM,Multi-territory MI (μ=1.7),8,All Regions,-1,Lateral,2,Diseased,MCMC,0.001761,,0.067985,1.008840,1.008840,1.000000,0.001761
HCM,Multi-territory MI (μ=1.7),8,All Regions,-1,Septal,3,Diseased,Point Estimate,0.094208,0.302895,0.302895,,0.000000,,0.094208
HCM,Multi-territory MI (μ=1.7),8,All Regions,-1,Septal,3,Diseased,MCMC,0.001271,,0.143288,2.253653,2.253653,1.000000,0.001271
HCM,Multi-territory MI (μ=1.7),8,All Regions,-1,Apical,4,Diseased,Point Estimate,0.004556,0.065380,0.065380,,0.000000,,0.004556
HCM,Multi-territory MI (μ=1.7),8,All Regions,-1,Apical,4,Diseased,MCMC,0.000002,,0.049031,0.821949,0.821949,1.000000,0.000002
HCM,Multi-territory MI (μ=1.7),9,All Regions,-1,Anterior,0,Diseased,Point Estimate,0.004044,0.063491,0.063491,,0.000000,,0.004044
HCM,Multi-territory MI (μ=1.7),9,All Regions,-1,Anterior,0,Diseased,MCMC,0.000205,,0.085245,1.369066,1.369066,1.000000,0.000205
HCM,Multi-territory MI (μ=1.7),9,All Regions,-1,Inferior,1,Diseased,Point Estimate,0.144156,0.366179,0.366179,,0.000000,,0.144156
HCM,Multi-territory MI (μ=1.7),9,All Regions,-1,Inferior,1,Diseased,MCMC,0.014866,,0.142901,2.231174,2.231174,1.000000,0.014866
HCM,Multi-territory MI (μ=1.7),9,All Regions,-1,Lateral,2,Diseased,Point Estimate,0.000929,0.030395,0.030395,,0.000000,,0.000929
HCM,Multi-territory MI (μ=1.7),9,All Regions,-1,Lateral,2,Diseased,MCMC,0.000102,,0.059310,1.014621,1.014621,1.000000,0.000102
HCM,Multi-territory MI (μ=1.7),9,All Regions,-1,Septal,3,Diseased,Point Estimate,0.015196,0.121763,0.121763,,0.000000,,0.015196
HCM,Multi-territory MI (μ=1.7),9,All Regions,-1,Septal,3,Diseased,MCMC,0.015530,,0.122680,1.785012,1.785012,1.000000,0.015530
HCM,Multi-territory MI (μ=1.7),9,All Regions,-1,Apical,4,Diseased,Point Estimate,0.000465,0.019165,0.019165,,0.000000,,0.000465
HCM,Multi-territory MI (μ=1.7),9,All Regions,-1,Apical,4,Diseased,MCMC,0.000403,,0.048306,0.803108,0.803108,1.000000,0.000403
HCM,Multi-territory MI (μ=1.7),10,All Regions,-1,Anterior,0,Diseased,Point Estimate,0.005569,0.074586,0.074586,,0.000000,,0.005569
HCM,Multi-territory MI (μ=1.7),10,All Regions,-1,Anterior,0,Diseased,MCMC,0.005919,,0.105019,1.484017,1.484017,1.000000,0.005919
HCM,Multi-territory MI (μ=1.7),10,All Regions,-1,Inferior,1,Diseased,Point Estimate,0.118194,0.334672,0.334672,,0.000000,,0.118194
HCM,Multi-territory MI (μ=1.7),10,All Regions,-1,Inferior,1,Diseased,MCMC,0.002582,,0.110525,1.710906,1.710906,1.000000,0.002582
HCM,Multi-territory MI (μ=1.7),10,All Regions,-1,Lateral,2,Diseased,Point Estimate,0.000461,0.020132,0.020132,,0.000000,,0.000461
HCM,Multi-territory MI (μ=1.7),10,All Regions,-1,Lateral,2,Diseased,MCMC,0.000201,,0.054731,0.889675,0.889675,1.000000,0.000201
HCM,Multi-territory MI (μ=1.7),10,All Regions,-1,Septal,3,Diseased,Point Estimate,0.007116,0.084335,0.084335,,0.000000,,0.007116
HCM,Multi-territory MI (μ=1.7),10,All Regions,-1,Septal,3,Diseased,MCMC,0.021903,,0.139852,1.948311,1.948311,1.000000,0.021903
HCM,Multi-territory MI (μ=1.7),10,All Regions,-1,Apical,4,Diseased,Point Estimate,0.000687,0.024836,0.024836,,0.000000,,0.000687
HCM,Multi-territory MI (μ=1.7),10,All Regions,-1,Apical,4,Diseased,MCMC,0.000095,,0.047156,0.764111,0.764111,1.000000,0.000095
HCM,Multi-territory MI (μ=1.7),11,All Regions,-1,Anterior,0,Diseased,Point Estimate,0.017920,0.133821,0.133821,,0.000000,,0.017920
HCM,Multi-territory MI (μ=1.7),11,All Regions,-1,Anterior,0,Diseased,MCMC,0.007583,,0.077820,1.159845,1.159845,1.000000,0.007583
HCM,Multi-territory MI (μ=1.7),11,All Regions,-1,Inferior,1,Diseased,Point Estimate,0.124447,0.347507,0.347507,,0.000000,,0.124447
HCM,Multi-territory MI (μ=1.7),11,All Regions,-1,Inferior,1,Diseased,MCMC,0.030109,,0.128989,1.775659,1.775659,1.000000,0.030109
HCM,Multi-territory MI (μ=1.7),11,All Regions,-1,Lateral,2,Diseased,Point Estimate,0.001518,0.038838,0.038838,,0.000000,,0.001518
HCM,Multi-territory MI (μ=1.7),11,All Regions,-1,Lateral,2,Diseased,MCMC,0.000335,,0.043711,0.718797,0.718797,1.000000,0.000335
HCM,Multi-territory MI (μ=1.7),11,All Regions,-1,Septal,3,Diseased,Point Estimate,0.006178,0.076331,0.076331,,0.000000,,0.006178
HCM,Multi-territory MI (μ=1.7),11,All Regions,-1,Septal,3,Diseased,MCMC,0.078695,,0.166140,1.407113,1.407113,1.000000,0.078695
HCM,Multi-territory MI (μ=1.7),11,All Regions,-1,Apical,4,Diseased,Point Estimate,0.000425,0.020484,0.020484,,0.000000,,0.000425
HCM,Multi-territory MI (μ=1.7),11,All Regions,-1,Apical,4,Diseased,MCMC,0.001001,,0.037638,0.548785,0.548785,1.000000,0.001001
HCM,Multi-territory MI (μ=1.7),12,All Regions,-1,Anterior,0,Diseased,Point Estimate,0.000021,0.004269,0.004269,,0.000000,,0.000021
HCM,Multi-territory MI (μ=1.7),12,All Regions,-1,Anterior,0,Diseased,MCMC,0.000831,,0.080523,1.223004,1.223004,1.000000,0.000831
HCM,Multi-territory MI (μ=1.7),12,All Regions,-1,Inferior,1,Diseased,Point Estimate,0.127296,0.349237,0.349237,,0.000000,,0.127296
HCM,Multi-territory MI (μ=1.7),12,All Regions,-1,Inferior,1,Diseased,MCMC,0.000035,,0.106537,1.765809,1.765809,1.000000,0.000035
HCM,Multi-territory MI (μ=1.7),12,All Regions,-1,Lateral,2,Diseased,Point Estimate,0.003458,0.058648,0.058648,,0.000000,,0.003458
HCM,Multi-territory MI (μ=1.7),12,All Regions,-1,Lateral,2,Diseased,MCMC,0.004940,,0.054351,0.721181,0.721181,1.000000,0.004940
HCM,Multi-territory MI (μ=1.7),12,All Regions,-1,Septal,3,Diseased,Point Estimate,0.001110,0.033213,0.033213,,0.000000,,0.001110
HCM,Multi-territory MI (μ=1.7),12,All Regions,-1,Septal,3,Diseased,MCMC,0.051615,,0.145280,1.666164,1.666164,1.000000,0.051615
HCM,Multi-territory MI (μ=1.7),12,All Regions,-1,Apical,4,Diseased,Point Estimate,0.000912,0.028138,0.028138,,0.000000,,0.000912
HCM,Multi-territory MI (μ=1.7),12,All Regions,-1,Apical,4,Diseased,MCMC,0.000119,,0.032601,0.526858,0.526858,1.000000,0.000119
HCM,Multi-territory MI (μ=1.7),13,All Regions,-1,Anterior,0,Diseased,Point Estimate,0.000004,0.001738,0.001738,,0.000000,,0.000004
HCM,Multi-territory MI (μ=1.7),13,All Regions,-1,Anterior,0,Diseased,MCMC,0.000181,,0.088443,1.246748,1.246748,1.000000,0.000181
HCM,Multi-territory MI (μ=1.7),13,All Regions,-1,Inferior,1,Diseased,Point Estimate,0.139441,0.363914,0.363914,,0.000000,,0.139441
HCM,Multi-territory MI (μ=1.7),13,All Regions,-1,Inferior,1,Diseased,MCMC,0.007738,,0.120468,2.079743,2.079743,1.000000,0.007738
HCM,Multi-territory MI (μ=1.7),13,All Regions,-1,Lateral,2,Diseased,Point Estimate,0.001942,0.044020,0.044020,,0.000000,,0.001942
HCM,Multi-territory MI (μ=1.7),13,All Regions,-1,Lateral,2,Diseased,MCMC,0.003209,,0.055360,0.862703,0.862703,1.000000,0.003209
HCM,Multi-territory MI (μ=1.7),13,All Regions,-1,Septal,3,Diseased,Point Estimate,0.006698,0.079677,0.079677,,0.000000,,0.006698
HCM,Multi-territory MI (μ=1.7),13,All Regions,-1,Septal,3,Diseased,MCMC,0.031439,,0.137216,1.694703,1.694703,1.000000,0.031439
HCM,Multi-territory MI (μ=1.7),13,All Regions,-1,Apical,4,Diseased,Point Estimate,0.000601,0.020336,0.020336,,0.000000,,0.000601
HCM,Multi-territory MI (μ=1.7),13,All Regions,-1,Apical,4,Diseased,MCMC,0.000159,,0.033755,0.591320,0.591320,1.000000,0.000159
HCM,Multi-territory MI (μ=1.7),14,All Regions,-1,Anterior,0,Diseased,Point Estimate,0.006297,0.078944,0.078944,,0.000000,,0.006297
HCM,Multi-territory MI (μ=1.7),14,All Regions,-1,Anterior,0,Diseased,MCMC,0.000769,,0.083364,1.268085,1.268085,1.000000,0.000769
HCM,Multi-territory MI (μ=1.7),14,All Regions,-1,Inferior,1,Diseased,Point Estimate,0.155073,0.383318,0.383318,,0.000000,,0.155073
HCM,Multi-territory MI (μ=1.7),14,All Regions,-1,Inferior,1,Diseased,MCMC,0.009535,,0.121362,2.048655,2.048655,1.000000,0.009535
HCM,Multi-territory MI (μ=1.7),14,All Regions,-1,Lateral,2,Diseased,Point Estimate,0.002871,0.053229,0.053229,,0.000000,,0.002871
HCM,Multi-territory MI (μ=1.7),14,All Regions,-1,Lateral,2,Diseased,MCMC,0.001065,,0.064899,1.031716,1.031716,1.000000,0.001065
HCM,Multi-territory MI (μ=1.7),14,All Regions,-1,Septal,3,Diseased,Point Estimate,0.016856,0.127686,0.127686,,0.000000,,0.016856
HCM,Multi-territory MI (μ=1.7),14,All Regions,-1,Septal,3,Diseased,MCMC,0.029935,,0.135774,1.734439,1.734439,1.000000,0.029935
HCM,Multi-territory MI (μ=1.7),14,All Regions,-1,Apical,4,Diseased,Point Estimate,0.000201,0.013982,0.013982,,0.000000,,0.000201
HCM,Multi-territory MI (μ=1.7),14,All Regions,-1,Apical,4,Diseased,MCMC,0.000089,,0.044225,0.691346,0.691346,1.000000,0.000089
HCM,Multi-territory MI (μ=1.7),15,All Regions,-1,Anterior,0,Diseased,Point Estimate,0.000369,0.018946,0.018946,,0.000000,,0.000369
HCM,Multi-territory MI (μ=1.7),15,All Regions,-1,Anterior,0,Diseased,MCMC,0.000711,,0.098274,1.551405,1.551405,1.000000,0.000711
HCM,Multi-territory MI (μ=1.7),15,All Regions,-1,Inferior,1,Diseased,Point Estimate,0.044777,0.203085,0.203085,,0.000000,,0.044777
HCM,Multi-territory MI (μ=1.7),15,All Regions,-1,Inferior,1,Diseased,MCMC,0.038565,,0.153775,2.144613,2.144613,1.000000,0.038565
HCM,Multi-territory MI (μ=1.7),15,All Regions,-1,Lateral,2,Diseased,Point Estimate,0.000011,0.003109,0.003109,,0.000000,,0.000011
HCM,Multi-territory MI (μ=1.7),15,All Regions,-1,Lateral,2,Diseased,MCMC,0.001521,,0.073108,1.096752,1.096752,1.000000,0.001521
HCM,Multi-territory MI (μ=1.7),15,All Regions,-1,Septal,3,Diseased,Point Estimate,0.000905,0.026573,0.026573,,0.000000,,0.000905
HCM,Multi-territory MI (μ=1.7),15,All Regions,-1,Septal,3,Diseased,MCMC,0.002835,,0.153415,2.340929,2.340929,1.000000,0.002835
HCM,Multi-territory MI (μ=1.7),15,All Regions,-1,Apical,4,Diseased,Point Estimate,0.003294,0.056346,0.056346,,0.000000,,0.003294
HCM,Multi-territory MI (μ=1.7),15,All Regions,-1,Apical,4,Diseased,MCMC,0.000149,,0.050549,0.848239,0.848239,1.000000,0.000149
HCM,Multi-territory MI (μ=1.7),16,All Regions,-1,Anterior,0,Diseased,Point Estimate,0.003044,0.055107,0.055107,,0.000000,,0.003044
HCM,Multi-territory MI (μ=1.7),16,All Regions,-1,Anterior,0,Diseased,MCMC,0.000129,,0.089428,1.346770,1.346770,1.000000,0.000129
HCM,Multi-territory MI (μ=1.7),16,All Regions,-1,Inferior,1,Diseased,Point Estimate,0.148336,0.374346,0.374346,,0.000000,,0.148336
HCM,Multi-territory MI (μ=1.7),16,All Regions,-1,Inferior,1,Diseased,MCMC,0.000293,,0.117113,2.012637,2.012637,1.000000,0.000293
HCM,Multi-territory MI (μ=1.7),16,All Regions,-1,Lateral,2,Diseased,Point Estimate,0.000514,0.021759,0.021759,,0.000000,,0.000514
HCM,Multi-territory MI (μ=1.7),16,All Regions,-1,Lateral,2,Diseased,MCMC,0.000746,,0.053735,0.905532,0.905532,1.000000,0.000746
HCM,Multi-territory MI (μ=1.7),16,All Regions,-1,Septal,3,Diseased,Point Estimate,0.016873,0.129025,0.129025,,0.000000,,0.016873
HCM,Multi-territory MI (μ=1.7),16,All Regions,-1,Septal,3,Diseased,MCMC,0.055321,,0.156391,1.849396,1.849396,1.000000,0.055321
HCM,Multi-territory MI (μ=1.7),16,All Regions,-1,Apical,4,Diseased,Point Estimate,0.000194,0.013391,0.013391,,0.000000,,0.000194
HCM,Multi-territory MI (μ=1.7),16,All Regions,-1,Apical,4,Diseased,MCMC,0.000165,,0.043915,0.666791,0.666791,1.000000,0.000165
HCM,Multi-territory MI (μ=1.7),17,All Regions,-1,Anterior,0,Diseased,Point Estimate,0.000043,0.005672,0.005672,,0.000000,,0.000043
HCM,Multi-territory MI (μ=1.7),17,All Regions,-1,Anterior,0,Diseased,MCMC,0.000020,,0.068033,1.059642,1.059642,1.000000,0.000020
HCM,Multi-territory MI (μ=1.7),17,All Regions,-1,Inferior,1,Diseased,Point Estimate,0.173228,0.404682,0.404682,,0.000000,,0.173228
HCM,Multi-territory MI (μ=1.7),17,All Regions,-1,Inferior,1,Diseased,MCMC,0.000376,,0.113392,1.947733,1.947733,1.000000,0.000376
HCM,Multi-territory MI (μ=1.7),17,All Regions,-1,Lateral,2,Diseased,Point Estimate,0.000108,0.010106,0.010106,,0.000000,,0.000108
HCM,Multi-territory MI (μ=1.7),17,All Regions,-1,Lateral,2,Diseased,MCMC,0.000032,,0.052670,0.876646,0.876646,1.000000,0.000032
HCM,Multi-territory MI (μ=1.7),17,All Regions,-1,Septal,3,Diseased,Point Estimate,0.023186,0.147934,0.147934,,0.000000,,0.023186
HCM,Multi-territory MI (μ=1.7),17,All Regions,-1,Septal,3,Diseased,MCMC,0.024581,,0.118759,1.626230,1.626230,1.000000,0.024581
HCM,Multi-territory MI (μ=1.7),17,All Regions,-1,Apical,4,Diseased,Point Estimate,0.000528,0.020962,0.020962,,0.000000,,0.000528
HCM,Multi-territory MI (μ=1.7),17,All Regions,-1,Apical,4,Diseased,MCMC,0.000006,,0.044931,0.786992,0.786992,1.000000,0.000006
HCM,Multi-territory MI (μ=1.7),18,All Regions,-1,Anterior,0,Diseased,Point Estimate,0.004564,0.067324,0.067324,,0.000000,,0.004564
HCM,Multi-territory MI (μ=1.7),18,All Regions,-1,Anterior,0,Diseased,MCMC,0.007943,,0.069667,0.987920,0.987920,1.000000,0.007943
HCM,Multi-territory MI (μ=1.7),18,All Regions,-1,Inferior,1,Diseased,Point Estimate,0.138783,0.364015,0.364015,,0.000000,,0.138783
HCM,Multi-territory MI (μ=1.7),18,All Regions,-1,Inferior,1,Diseased,MCMC,0.018047,,0.119565,1.656614,1.656614,1.000000,0.018047
HCM,Multi-territory MI (μ=1.7),18,All Regions,-1,Lateral,2,Diseased,Point Estimate,0.001073,0.031449,0.031449,,0.000000,,0.001073
HCM,Multi-territory MI (μ=1.7),18,All Regions,-1,Lateral,2,Diseased,MCMC,0.001266,,0.053514,0.819558,0.819558,1.000000,0.001266
HCM,Multi-territory MI (μ=1.7),18,All Regions,-1,Septal,3,Diseased,Point Estimate,0.000081,0.009009,0.009009,,0.000000,,0.000081
HCM,Multi-territory MI (μ=1.7),18,All Regions,-1,Septal,3,Diseased,MCMC,0.102942,,0.195435,1.445283,1.445283,1.000000,0.102942
HCM,Multi-territory MI (μ=1.7),18,All Regions,-1,Apical,4,Diseased,Point Estimate,0.000183,0.011286,0.011286,,0.000000,,0.000183
HCM,Multi-territory MI (μ=1.7),18,All Regions,-1,Apical,4,Diseased,MCMC,0.002210,,0.048626,0.744919,0.744919,1.000000,0.002210
HCM,Multi-territory MI (μ=1.7),19,All Regions,-1,Anterior,0,Diseased,Point Estimate,0.011212,0.104986,0.104986,,0.000000,,0.011212
HCM,Multi-territory MI (μ=1.7),19,All Regions,-1,Anterior,0,Diseased,MCMC,0.000819,,0.051709,0.842015,0.842015,1.000000,0.000819
HCM,Multi-territory MI (μ=1.7),19,All Regions,-1,Inferior,1,Diseased,Point Estimate,0.165458,0.395541,0.395541,,0.000000,,0.165458
HCM,Multi-territory MI (μ=1.7),19,All Regions,-1,Inferior,1,Diseased,MCMC,0.001374,,0.113112,1.914283,1.914283,1.000000,0.001374
HCM,Multi-territory MI (μ=1.7),19,All Regions,-1,Lateral,2,Diseased,Point Estimate,0.000326,0.016840,0.016840,,0.000000,,0.000326
HCM,Multi-territory MI (μ=1.7),19,All Regions,-1,Lateral,2,Diseased,MCMC,0.000403,,0.049637,0.816033,0.816033,1.000000,0.000403
HCM,Multi-territory MI (μ=1.7),19,All Regions,-1,Septal,3,Diseased,Point Estimate,0.001631,0.040379,0.040379,,0.000000,,0.001631
HCM,Multi-territory MI (μ=1.7),19,All Regions,-1,Septal,3,Diseased,MCMC,0.090844,,0.174535,1.652064,1.652064,1.000000,0.090844
HCM,Multi-territory MI (μ=1.7),19,All Regions,-1,Apical,4,Diseased,Point Estimate,0.006795,0.080381,0.080381,,0.000000,,0.006795
HCM,Multi-territory MI (μ=1.7),19,All Regions,-1,Apical,4,Diseased,MCMC,0.000902,,0.055597,0.849524,0.849524,1.000000,0.000902
HCM,Multi-territory MI (μ=1.7),20,All Regions,-1,Anterior,0,Diseased,Point Estimate,0.000059,0.007312,0.007312,,0.000000,,0.000059
HCM,Multi-territory MI (μ=1.7),20,All Regions,-1,Anterior,0,Diseased,MCMC,0.000722,,0.083237,1.225921,1.225921,1.000000,0.000722
HCM,Multi-territory MI (μ=1.7),20,All Regions,-1,Inferior,1,Diseased,Point Estimate,0.159768,0.392262,0.392262,,0.000000,,0.159768
HCM,Multi-territory MI (μ=1.7),20,All Regions,-1,Inferior,1,Diseased,MCMC,0.001533,,0.105624,1.742523,1.742523,1.000000,0.001533
HCM,Multi-territory MI (μ=1.7),20,All Regions,-1,Lateral,2,Diseased,Point Estimate,0.010027,0.100067,0.100067,,0.000000,,0.010027
HCM,Multi-territory MI (μ=1.7),20,All Regions,-1,Lateral,2,Diseased,MCMC,0.006130,,0.070612,1.033604,1.033604,1.000000,0.006130
HCM,Multi-territory MI (μ=1.7),20,All Regions,-1,Septal,3,Diseased,Point Estimate,0.007097,0.082530,0.082530,,0.000000,,0.007097
HCM,Multi-territory MI (μ=1.7),20,All Regions,-1,Septal,3,Diseased,MCMC,0.031850,,0.131804,1.660126,1.660126,1.000000,0.031850
HCM,Multi-territory MI (μ=1.7),20,All Regions,-1,Apical,4,Diseased,Point Estimate,0.000195,0.013746,0.013746,,0.000000,,0.000195
HCM,Multi-territory MI (μ=1.7),20,All Regions,-1,Apical,4,Diseased,MCMC,0.000005,,0.043484,0.697899,0.697899,1.000000,0.000005
HCM,Multi-territory MI (μ=1.7),21,All Regions,-1,Anterior,0,Diseased,Point Estimate,0.008403,0.091665,0.091665,,0.000000,,0.008403
HCM,Multi-territory MI (μ=1.7),21,All Regions,-1,Anterior,0,Diseased,MCMC,0.002094,,0.083331,1.269193,1.269193,1.000000,0.002094
HCM,Multi-territory MI (μ=1.7),21,All Regions,-1,Inferior,1,Diseased,Point Estimate,0.188023,0.422442,0.422442,,0.000000,,0.188023
HCM,Multi-territory MI (μ=1.7),21,All Regions,-1,Inferior,1,Diseased,MCMC,0.003779,,0.125896,2.340720,2.340720,1.000000,0.003779
HCM,Multi-territory MI (μ=1.7),21,All Regions,-1,Lateral,2,Diseased,Point Estimate,0.000454,0.020094,0.020094,,0.000000,,0.000454
HCM,Multi-territory MI (μ=1.7),21,All Regions,-1,Lateral,2,Diseased,MCMC,0.000054,,0.056646,0.927337,0.927337,1.000000,0.000054
HCM,Multi-territory MI (μ=1.7),21,All Regions,-1,Septal,3,Diseased,Point Estimate,0.029058,0.167433,0.167433,,0.000000,,0.029058
HCM,Multi-territory MI (μ=1.7),21,All Regions,-1,Septal,3,Diseased,MCMC,0.042006,,0.143142,1.720017,1.720017,1.000000,0.042006
HCM,Multi-territory MI (μ=1.7),21,All Regions,-1,Apical,4,Diseased,Point Estimate,0.000078,0.007373,0.007373,,0.000000,,0.000078
HCM,Multi-territory MI (μ=1.7),21,All Regions,-1,Apical,4,Diseased,MCMC,0.000099,,0.047677,0.774515,0.774515,1.000000,0.000099
HCM,Multi-territory MI (μ=1.7),22,All Regions,-1,Anterior,0,Diseased,Point Estimate,0.000550,0.023384,0.023384,,0.000000,,0.000550
HCM,Multi-territory MI (μ=1.7),22,All Regions,-1,Anterior,0,Diseased,MCMC,0.000296,,0.072638,1.120110,1.120110,1.000000,0.000296
HCM,Multi-territory MI (μ=1.7),22,All Regions,-1,Inferior,1,Diseased,Point Estimate,0.133792,0.357140,0.357140,,0.000000,,0.133792
HCM,Multi-territory MI (μ=1.7),22,All Regions,-1,Inferior,1,Diseased,MCMC,0.000262,,0.106528,1.603189,1.603189,1.000000,0.000262
HCM,Multi-territory MI (μ=1.7),22,All Regions,-1,Lateral,2,Diseased,Point Estimate,0.001520,0.038557,0.038557,,0.000000,,0.001520
HCM,Multi-territory MI (μ=1.7),22,All Regions,-1,Lateral,2,Diseased,MCMC,0.000207,,0.050543,0.844602,0.844602,1.000000,0.000207
HCM,Multi-territory MI (μ=1.7),22,All Regions,-1,Septal,3,Diseased,Point Estimate,0.007960,0.088888,0.088888,,0.000000,,0.007960
HCM,Multi-territory MI (μ=1.7),22,All Regions,-1,Septal,3,Diseased,MCMC,0.038208,,0.149642,1.857857,1.857857,1.000000,0.038208
HCM,Multi-territory MI (μ=1.7),22,All Regions,-1,Apical,4,Diseased,Point Estimate,0.000873,0.026154,0.026154,,0.000000,,0.000873
HCM,Multi-territory MI (μ=1.7),22,All Regions,-1,Apical,4,Diseased,MCMC,0.000936,,0.049241,0.808170,0.808170,1.000000,0.000936
HCM,Multi-territory MI (μ=1.7),23,All Regions,-1,Anterior,0,Diseased,Point Estimate,0.000045,0.006304,0.006304,,0.000000,,0.000045
HCM,Multi-territory MI (μ=1.7),23,All Regions,-1,Anterior,0,Diseased,MCMC,0.003124,,0.069958,1.096961,1.096961,1.000000,0.003124
HCM,Multi-territory MI (μ=1.7),23,All Regions,-1,Inferior,1,Diseased,Point Estimate,0.210590,0.446932,0.446932,,0.000000,,0.210590
HCM,Multi-territory MI (μ=1.7),23,All Regions,-1,Inferior,1,Diseased,MCMC,0.000422,,0.123757,2.091249,2.091249,1.000000,0.000422
HCM,Multi-territory MI (μ=1.7),23,All Regions,-1,Lateral,2,Diseased,Point Estimate,0.000992,0.028969,0.028969,,0.000000,,0.000992
HCM,Multi-territory MI (μ=1.7),23,All Regions,-1,Lateral,2,Diseased,MCMC,0.000048,,0.048244,0.798077,0.798077,1.000000,0.000048
HCM,Multi-territory MI (μ=1.7),23,All Regions,-1,Septal,3,Diseased,Point Estimate,0.054258,0.228009,0.228009,,0.000000,,0.054258
HCM,Multi-territory MI (μ=1.7),23,All Regions,-1,Septal,3,Diseased,MCMC,0.018984,,0.134176,1.952097,1.952097,1.000000,0.018984
HCM,Multi-territory MI (μ=1.7),23,All Regions,-1,Apical,4,Diseased,Point Estimate,0.002122,0.044112,0.044112,,0.000000,,0.002122
HCM,Multi-territory MI (μ=1.7),23,All Regions,-1,Apical,4,Diseased,MCMC,0.000205,,0.051554,0.839124,0.839124,1.000000,0.000205
HCM,Multi-territory MI (μ=1.7),24,All Regions,-1,Anterior,0,Diseased,Point Estimate,0.000994,0.031026,0.031026,,0.000000,,0.000994
HCM,Multi-territory MI (μ=1.7),24,All Regions,-1,Anterior,0,Diseased,MCMC,0.000217,,0.068018,1.122503,1.122503,1.000000,0.000217
HCM,Multi-territory MI (μ=1.7),24,All Regions,-1,Inferior,1,Diseased,Point Estimate,0.174159,0.401333,0.401333,,0.000000,,0.174159
HCM,Multi-territory MI (μ=1.7),24,All Regions,-1,Inferior,1,Diseased,MCMC,0.000144,,0.124369,2.137065,2.137065,1.000000,0.000144
HCM,Multi-territory MI (μ=1.7),24,All Regions,-1,Lateral,2,Diseased,Point Estimate,0.000232,0.011529,0.011529,,0.000000,,0.000232
HCM,Multi-territory MI (μ=1.7),24,All Regions,-1,Lateral,2,Diseased,MCMC,0.000725,,0.050472,0.808879,0.808879,1.000000,0.000725
HCM,Multi-territory MI (μ=1.7),24,All Regions,-1,Septal,3,Diseased,Point Estimate,0.010384,0.101351,0.101351,,0.000000,,0.010384
HCM,Multi-territory MI (μ=1.7),24,All Regions,-1,Septal,3,Diseased,MCMC,0.037946,,0.143288,1.743366,1.743366,1.000000,0.037946
HCM,Multi-territory MI (μ=1.7),24,All Regions,-1,Apical,4,Diseased,Point Estimate,0.007306,0.082402,0.082402,,0.000000,,0.007306
HCM,Multi-territory MI (μ=1.7),24,All Regions,-1,Apical,4,Diseased,MCMC,0.000654,,0.053212,0.859843,0.859843,1.000000,0.000654
HCM,Multi-territory MI (μ=1.7),25,All Regions,-1,Anterior,0,Diseased,Point Estimate,0.001303,0.034534,0.034534,,0.000000,,0.001303
HCM,Multi-territory MI (μ=1.7),25,All Regions,-1,Anterior,0,Diseased,MCMC,0.000975,,0.058635,0.934821,0.934821,1.000000,0.000975
HCM,Multi-territory MI (μ=1.7),25,All Regions,-1,Inferior,1,Diseased,Point Estimate,0.146926,0.367267,0.367267,,0.000000,,0.146926
HCM,Multi-territory MI (μ=1.7),25,All Regions,-1,Inferior,1,Diseased,MCMC,0.010937,,0.132750,2.197561,2.197561,1.000000,0.010937
HCM,Multi-territory MI (μ=1.7),25,All Regions,-1,Lateral,2,Diseased,Point Estimate,0.000975,0.031006,0.031006,,0.000000,,0.000975
HCM,Multi-territory MI (μ=1.7),25,All Regions,-1,Lateral,2,Diseased,MCMC,0.003928,,0.064745,0.961031,0.961031,1.000000,0.003928
HCM,Multi-territory MI (μ=1.7),25,All Regions,-1,Septal,3,Diseased,Point Estimate,0.029670,0.169500,0.169500,,0.000000,,0.029670
HCM,Multi-territory MI (μ=1.7),25,All Regions,-1,Septal,3,Diseased,MCMC,0.055511,,0.153981,1.645835,1.645835,1.000000,0.055511
HCM,Multi-territory MI (μ=1.7),25,All Regions,-1,Apical,4,Diseased,Point Estimate,0.000236,0.014315,0.014315,,0.000000,,0.000236
HCM,Multi-territory MI (μ=1.7),25,All Regions,-1,Apical,4,Diseased,MCMC,0.000631,,0.046348,0.736330,0.736330,1.000000,0.000631
HCM,Multi-territory MI (μ=1.7),26,All Regions,-1,Anterior,0,Diseased,Point Estimate,0.003829,0.061432,0.061432,,0.000000,,0.003829
HCM,Multi-territory MI (μ=1.7),26,All Regions,-1,Anterior,0,Diseased,MCMC,0.000432,,0.080484,1.210022,1.210022,1.000000,0.000432
HCM,Multi-territory MI (μ=1.7),26,All Regions,-1,Inferior,1,Diseased,Point Estimate,0.189084,0.424835,0.424835,,0.000000,,0.189084
HCM,Multi-territory MI (μ=1.7),26,All Regions,-1,Inferior,1,Diseased,MCMC,0.004539,,0.122700,2.113928,2.113928,1.000000,0.004539
HCM,Multi-territory MI (μ=1.7),26,All Regions,-1,Lateral,2,Diseased,Point Estimate,0.000108,0.007883,0.007883,,0.000000,,0.000108
HCM,Multi-territory MI (μ=1.7),26,All Regions,-1,Lateral,2,Diseased,MCMC,0.000125,,0.052099,0.868685,0.868685,1.000000,0.000125
HCM,Multi-territory MI (μ=1.7),26,All Regions,-1,Septal,3,Diseased,Point Estimate,0.026082,0.157838,0.157838,,0.000000,,0.026082
HCM,Multi-territory MI (μ=1.7),26,All Regions,-1,Septal,3,Diseased,MCMC,0.027842,,0.133230,1.719054,1.719054,1.000000,0.027842
HCM,Multi-territory MI (μ=1.7),26,All Regions,-1,Apical,4,Diseased,Point Estimate,0.001548,0.037884,0.037884,,0.000000,,0.001548
HCM,Multi-territory MI (μ=1.7),26,All Regions,-1,Apical,4,Diseased,MCMC,0.000019,,0.051224,0.847118,0.847118,1.000000,0.000019
HCM,Multi-territory MI (μ=1.7),27,All Regions,-1,Anterior,0,Diseased,Point Estimate,0.000120,0.010956,0.010956,,0.000000,,0.000120
HCM,Multi-territory MI (μ=1.7),27,All Regions,-1,Anterior,0,Diseased,MCMC,0.001992,,0.061780,0.988873,0.988873,1.000000,0.001992
HCM,Multi-territory MI (μ=1.7),27,All Regions,-1,Inferior,1,Diseased,Point Estimate,0.123878,0.343343,0.343343,,0.000000,,0.123878
HCM,Multi-territory MI (μ=1.7),27,All Regions,-1,Inferior,1,Diseased,MCMC,0.010600,,0.118385,1.794396,1.794396,1.000000,0.010600
HCM,Multi-territory MI (μ=1.7),27,All Regions,-1,Lateral,2,Diseased,Point Estimate,0.001773,0.042048,0.042048,,0.000000,,0.001773
HCM,Multi-territory MI (μ=1.7),27,All Regions,-1,Lateral,2,Diseased,MCMC,0.009429,,0.066492,0.800989,0.800989,1.000000,0.009429
HCM,Multi-territory MI (μ=1.7),27,All Regions,-1,Septal,3,Diseased,Point Estimate,0.019946,0.137412,0.137412,,0.000000,,0.019946
HCM,Multi-territory MI (μ=1.7),27,All Regions,-1,Septal,3,Diseased,MCMC,0.013718,,0.114282,1.685542,1.685542,1.000000,0.013718
HCM,Multi-territory MI (μ=1.7),27,All Regions,-1,Apical,4,Diseased,Point Estimate,0.000131,0.010666,0.010666,,0.000000,,0.000131
HCM,Multi-territory MI (μ=1.7),27,All Regions,-1,Apical,4,Diseased,MCMC,0.001186,,0.032953,0.504998,0.504998,1.000000,0.001186
HCM,Multi-territory MI (μ=1.7),28,All Regions,-1,Anterior,0,Diseased,Point Estimate,0.000020,0.003354,0.003354,,0.000000,,0.000020
HCM,Multi-territory MI (μ=1.7),28,All Regions,-1,Anterior,0,Diseased,MCMC,0.001301,,0.070995,1.102368,1.102368,1.000000,0.001301
HCM,Multi-territory MI (μ=1.7),28,All Regions,-1,Inferior,1,Diseased,Point Estimate,0.138530,0.363664,0.363664,,0.000000,,0.138530
HCM,Multi-territory MI (μ=1.7),28,All Regions,-1,Inferior,1,Diseased,MCMC,0.001869,,0.100003,1.637195,1.637195,1.000000,0.001869
HCM,Multi-territory MI (μ=1.7),28,All Regions,-1,Lateral,2,Diseased,Point Estimate,0.000796,0.026177,0.026177,,0.000000,,0.000796
HCM,Multi-territory MI (μ=1.7),28,All Regions,-1,Lateral,2,Diseased,MCMC,0.000586,,0.050007,0.789034,0.789034,1.000000,0.000586
HCM,Multi-territory MI (μ=1.7),28,All Regions,-1,Septal,3,Diseased,Point Estimate,0.007659,0.085349,0.085349,,0.000000,,0.007659
HCM,Multi-territory MI (μ=1.7),28,All Regions,-1,Septal,3,Diseased,MCMC,0.025202,,0.123817,1.603194,1.603194,1.000000,0.025202
HCM,Multi-territory MI (μ=1.7),28,All Regions,-1,Apical,4,Diseased,Point Estimate,0.000028,0.005280,0.005280,,0.000000,,0.000028
HCM,Multi-territory MI (μ=1.7),28,All Regions,-1,Apical,4,Diseased,MCMC,0.000315,,0.044469,0.713197,0.713197,1.000000,0.000315
HCM,Multi-territory MI (μ=1.7),29,All Regions,-1,Anterior,0,Diseased,Point Estimate,0.000670,0.025841,0.025841,,0.000000,,0.000670
HCM,Multi-territory MI (μ=1.7),29,All Regions,-1,Anterior,0,Diseased,MCMC,0.002118,,0.082313,1.233945,1.233945,1.000000,0.002118
HCM,Multi-territory MI (μ=1.7),29,All Regions,-1,Inferior,1,Diseased,Point Estimate,0.176792,0.409795,0.409795,,0.000000,,0.176792
HCM,Multi-territory MI (μ=1.7),29,All Regions,-1,Inferior,1,Diseased,MCMC,0.007965,,0.131446,2.217341,2.217341,1.000000,0.007965
HCM,Multi-territory MI (μ=1.7),29,All Regions,-1,Lateral,2,Diseased,Point Estimate,0.000320,0.016935,0.016935,,0.000000,,0.000320
HCM,Multi-territory MI (μ=1.7),29,All Regions,-1,Lateral,2,Diseased,MCMC,0.000008,,0.061374,0.952431,0.952431,1.000000,0.000008
HCM,Multi-territory MI (μ=1.7),29,All Regions,-1,Septal,3,Diseased,Point Estimate,0.018550,0.133269,0.133269,,0.000000,,0.018550
HCM,Multi-territory MI (μ=1.7),29,All Regions,-1,Septal,3,Diseased,MCMC,0.018693,,0.122087,1.768019,1.768019,1.000000,0.018693
HCM,Multi-territory MI (μ=1.7),29,All Regions,-1,Apical,4,Diseased,Point Estimate,0.000789,0.026158,0.026158,,0.000000,,0.000789
HCM,Multi-territory MI (μ=1.7),29,All Regions,-1,Apical,4,Diseased,MCMC,0.001715,,0.049780,0.820645,0.820645,1.000000,0.001715
HCM,Multi-territory MI (μ=1.7),30,All Regions,-1,Anterior,0,Diseased,Point Estimate,0.000386,0.017285,0.017285,,0.000000,,0.000386
HCM,Multi-territory MI (μ=1.7),30,All Regions,-1,Anterior,0,Diseased,MCMC,0.000161,,0.064585,1.040991,1.040991,1.000000,0.000161
HCM,Multi-territory MI (μ=1.7),30,All Regions,-1,Inferior,1,Diseased,Point Estimate,0.229230,0.467464,0.467464,,0.000000,,0.229230
HCM,Multi-territory MI (μ=1.7),30,All Regions,-1,Inferior,1,Diseased,MCMC,0.000049,,0.112421,1.984534,1.984534,1.000000,0.000049
HCM,Multi-territory MI (μ=1.7),30,All Regions,-1,Lateral,2,Diseased,Point Estimate,0.004485,0.065919,0.065919,,0.000000,,0.004485
HCM,Multi-territory MI (μ=1.7),30,All Regions,-1,Lateral,2,Diseased,MCMC,0.002899,,0.055810,0.895154,0.895154,1.000000,0.002899
HCM,Multi-territory MI (μ=1.7),30,All Regions,-1,Septal,3,Diseased,Point Estimate,0.009825,0.098499,0.098499,,0.000000,,0.009825
HCM,Multi-territory MI (μ=1.7),30,All Regions,-1,Septal,3,Diseased,MCMC,0.027422,,0.123478,1.558352,1.558352,1.000000,0.027422
HCM,Multi-territory MI (μ=1.7),30,All Regions,-1,Apical,4,Diseased,Point Estimate,0.000423,0.015567,0.015567,,0.000000,,0.000423
HCM,Multi-territory MI (μ=1.7),30,All Regions,-1,Apical,4,Diseased,MCMC,0.001780,,0.049039,0.750077,0.750077,1.000000,0.001780
HCM,Multi-territory MI (μ=1.7),31,All Regions,-1,Anterior,0,Diseased,Point Estimate,0.000037,0.005871,0.005871,,0.000000,,0.000037
HCM,Multi-territory MI (μ=1.7),31,All Regions,-1,Anterior,0,Diseased,MCMC,0.001624,,0.069287,1.057313,1.057313,1.000000,0.001624
HCM,Multi-territory MI (μ=1.7),31,All Regions,-1,Inferior,1,Diseased,Point Estimate,0.196457,0.434757,0.434757,,0.000000,,0.196457
HCM,Multi-territory MI (μ=1.7),31,All Regions,-1,Inferior,1,Diseased,MCMC,0.002225,,0.112600,1.913130,1.913130,1.000000,0.002225
HCM,Multi-territory MI (μ=1.7),31,All Regions,-1,Lateral,2,Diseased,Point Estimate,0.005344,0.072521,0.072521,,0.000000,,0.005344
HCM,Multi-territory MI (μ=1.7),31,All Regions,-1,Lateral,2,Diseased,MCMC,0.003701,,0.069755,1.076544,1.076544,1.000000,0.003701
HCM,Multi-territory MI (μ=1.7),31,All Regions,-1,Septal,3,Diseased,Point Estimate,0.009815,0.097542,0.097542,,0.000000,,0.009815
HCM,Multi-territory MI (μ=1.7),31,All Regions,-1,Septal,3,Diseased,MCMC,0.041732,,0.134201,1.537815,1.537815,1.000000,0.041732
HCM,Multi-territory MI (μ=1.7),31,All Regions,-1,Apical,4,Diseased,Point Estimate,0.000501,0.017812,0.017812,,0.000000,,0.000501
HCM,Multi-territory MI (μ=1.7),31,All Regions,-1,Apical,4,Diseased,MCMC,0.002337,,0.049988,0.775683,0.775683,1.000000,0.002337
HCM,Multi-territory MI (μ=1.7),32,All Regions,-1,Anterior,0,Diseased,Point Estimate,0.005676,0.075091,0.075091,,0.000000,,0.005676
HCM,Multi-territory MI (μ=1.7),32,All Regions,-1,Anterior,0,Diseased,MCMC,0.000581,,0.076767,1.199210,1.199210,1.000000,0.000581
HCM,Multi-territory MI (μ=1.7),32,All Regions,-1,Inferior,1,Diseased,Point Estimate,0.168907,0.400248,0.400248,,0.000000,,0.168907
HCM,Multi-territory MI (μ=1.7),32,All Regions,-1,Inferior,1,Diseased,MCMC,0.001958,,0.117397,1.979276,1.979276,1.000000,0.001958
HCM,Multi-territory MI (μ=1.7),32,All Regions,-1,Lateral,2,Diseased,Point Estimate,0.000582,0.023720,0.023720,,0.000000,,0.000582
HCM,Multi-territory MI (μ=1.7),32,All Regions,-1,Lateral,2,Diseased,MCMC,0.000116,,0.052275,0.809431,0.809431,1.000000,0.000116
HCM,Multi-territory MI (μ=1.7),32,All Regions,-1,Septal,3,Diseased,Point Estimate,0.047848,0.211668,0.211668,,0.000000,,0.047848
HCM,Multi-territory MI (μ=1.7),32,All Regions,-1,Septal,3,Diseased,MCMC,0.039170,,0.137648,1.756394,1.756394,1.000000,0.039170
HCM,Multi-territory MI (μ=1.7),32,All Regions,-1,Apical,4,Diseased,Point Estimate,0.000386,0.017771,0.017771,,0.000000,,0.000386
HCM,Multi-territory MI (μ=1.7),32,All Regions,-1,Apical,4,Diseased,MCMC,0.000042,,0.045274,0.717917,0.717917,1.000000,0.000042
HCM,Multi-territory MI (μ=1.7),33,All Regions,-1,Anterior,0,Diseased,Point Estimate,0.002996,0.054228,0.054228,,0.000000,,0.002996
HCM,Multi-territory MI (μ=1.7),33,All Regions,-1,Anterior,0,Diseased,MCMC,0.004903,,0.089102,1.339937,1.339937,1.000000,0.004903
HCM,Multi-territory MI (μ=1.7),33,All Regions,-1,Inferior,1,Diseased,Point Estimate,0.134665,0.363916,0.363916,,0.000000,,0.134665
HCM,Multi-territory MI (μ=1.7),33,All Regions,-1,Inferior,1,Diseased,MCMC,0.006406,,0.110995,1.876336,1.876336,1.000000,0.006406
HCM,Multi-territory MI (μ=1.7),33,All Regions,-1,Lateral,2,Diseased,Point Estimate,0.003280,0.057211,0.057211,,0.000000,,0.003280
HCM,Multi-territory MI (μ=1.7),33,All Regions,-1,Lateral,2,Diseased,MCMC,0.002333,,0.049431,0.732295,0.732295,1.000000,0.002333
HCM,Multi-territory MI (μ=1.7),33,All Regions,-1,Septal,3,Diseased,Point Estimate,0.000013,0.003563,0.003563,,0.000000,,0.000013
HCM,Multi-territory MI (μ=1.7),33,All Regions,-1,Septal,3,Diseased,MCMC,0.039969,,0.127427,1.603807,1.603807,1.000000,0.039969
HCM,Multi-territory MI (μ=1.7),33,All Regions,-1,Apical,4,Diseased,Point Estimate,0.000483,0.021630,0.021630,,0.000000,,0.000483
HCM,Multi-territory MI (μ=1.7),33,All Regions,-1,Apical,4,Diseased,MCMC,0.000015,,0.043597,0.692758,0.692758,1.000000,0.000015
HCM,Multi-territory MI (μ=1.7),34,All Regions,-1,Anterior,0,Diseased,Point Estimate,0.000584,0.023892,0.023892,,0.000000,,0.000584
HCM,Multi-territory MI (μ=1.7),34,All Regions,-1,Anterior,0,Diseased,MCMC,0.000605,,0.079535,1.165906,1.165906,1.000000,0.000605
HCM,Multi-territory MI (μ=1.7),34,All Regions,-1,Inferior,1,Diseased,Point Estimate,0.133545,0.359086,0.359086,,0.000000,,0.133545
HCM,Multi-territory MI (μ=1.7),34,All Regions,-1,Inferior,1,Diseased,MCMC,0.001298,,0.100249,1.738923,1.738923,1.000000,0.001298
HCM,Multi-territory MI (μ=1.7),34,All Regions,-1,Lateral,2,Diseased,Point Estimate,0.002226,0.046550,0.046550,,0.000000,,0.002226
HCM,Multi-territory MI (μ=1.7),34,All Regions,-1,Lateral,2,Diseased,MCMC,0.003476,,0.056176,0.806099,0.806099,1.000000,0.003476
HCM,Multi-territory MI (μ=1.7),34,All Regions,-1,Septal,3,Diseased,Point Estimate,0.000985,0.031353,0.031353,,0.000000,,0.000985
HCM,Multi-territory MI (μ=1.7),34,All Regions,-1,Septal,3,Diseased,MCMC,0.032148,,0.121776,1.451383,1.451383,1.000000,0.032148
HCM,Multi-territory MI (μ=1.7),34,All Regions,-1,Apical,4,Diseased,Point Estimate,0.001323,0.036056,0.036056,,0.000000,,0.001323
HCM,Multi-territory MI (μ=1.7),34,All Regions,-1,Apical,4,Diseased,MCMC,0.000257,,0.050513,0.771424,0.771424,1.000000,0.000257
HCM,Multi-territory MI (μ=1.7),35,All Regions,-1,Anterior,0,Diseased,Point Estimate,0.011927,0.108476,0.108476,,0.000000,,0.011927
HCM,Multi-territory MI (μ=1.7),35,All Regions,-1,Anterior,0,Diseased,MCMC,0.000285,,0.061444,0.934881,0.934881,1.000000,0.000285
HCM,Multi-territory MI (μ=1.7),35,All Regions,-1,Inferior,1,Diseased,Point Estimate,0.149207,0.380032,0.380032,,0.000000,,0.149207
HCM,Multi-territory MI (μ=1.7),35,All Regions,-1,Inferior,1,Diseased,MCMC,0.010748,,0.128712,2.152341,2.152341,1.000000,0.010748
HCM,Multi-territory MI (μ=1.7),35,All Regions,-1,Lateral,2,Diseased,Point Estimate,0.000145,0.011990,0.011990,,0.000000,,0.000145
HCM,Multi-territory MI (μ=1.7),35,All Regions,-1,Lateral,2,Diseased,MCMC,0.005808,,0.063022,0.871713,0.871713,1.000000,0.005808
HCM,Multi-territory MI (μ=1.7),35,All Regions,-1,Septal,3,Diseased,Point Estimate,0.000083,0.006753,0.006753,,0.000000,,0.000083
HCM,Multi-territory MI (μ=1.7),35,All Regions,-1,Septal,3,Diseased,MCMC,0.053064,,0.139987,1.446131,1.446131,1.000000,0.053064
HCM,Multi-territory MI (μ=1.7),35,All Regions,-1,Apical,4,Diseased,Point Estimate,0.000069,0.007715,0.007715,,0.000000,,0.000069
HCM,Multi-territory MI (μ=1.7),35,All Regions,-1,Apical,4,Diseased,MCMC,0.001413,,0.040493,0.633821,0.633821,1.000000,0.001413
HCM,Multi-territory MI (μ=1.7),36,All Regions,-1,Anterior,0,Diseased,Point Estimate,0.000839,0.028948,0.028948,,0.000000,,0.000839
HCM,Multi-territory MI (μ=1.7),36,All Regions,-1,Anterior,0,Diseased,MCMC,0.000574,,0.096411,1.428063,1.428063,1.000000,0.000574
HCM,Multi-territory MI (μ=1.7),36,All Regions,-1,Inferior,1,Diseased,Point Estimate,0.110612,0.320839,0.320839,,0.000000,,0.110612
HCM,Multi-territory MI (μ=1.7),36,All Regions,-1,Inferior,1,Diseased,MCMC,0.000500,,0.114565,1.800388,1.800388,1.000000,0.000500
HCM,Multi-territory MI (μ=1.7),36,All Regions,-1,Lateral,2,Diseased,Point Estimate,0.000478,0.021265,0.021265,,0.000000,,0.000478
HCM,Multi-territory MI (μ=1.7),36,All Regions,-1,Lateral,2,Diseased,MCMC,0.002049,,0.056842,0.955441,0.955441,1.000000,0.002049
HCM,Multi-territory MI (μ=1.7),36,All Regions,-1,Septal,3,Diseased,Point Estimate,0.000269,0.015074,0.015074,,0.000000,,0.000269
HCM,Multi-territory MI (μ=1.7),36,All Regions,-1,Septal,3,Diseased,MCMC,0.013366,,0.104344,1.538685,1.538685,1.000000,0.013366
HCM,Multi-territory MI (μ=1.7),36,All Regions,-1,Apical,4,Diseased,Point Estimate,0.001808,0.042521,0.042521,,0.000000,,0.001808
HCM,Multi-territory MI (μ=1.7),36,All Regions,-1,Apical,4,Diseased,MCMC,0.000454,,0.045470,0.750609,0.750609,1.000000,0.000454
HCM,Multi-territory MI (μ=1.7),37,All Regions,-1,Anterior,0,Diseased,Point Estimate,0.001255,0.035117,0.035117,,0.000000,,0.001255
HCM,Multi-territory MI (μ=1.7),37,All Regions,-1,Anterior,0,Diseased,MCMC,0.000386,,0.084627,1.293718,1.293718,1.000000,0.000386
HCM,Multi-territory MI (μ=1.7),37,All Regions,-1,Inferior,1,Diseased,Point Estimate,0.111228,0.325092,0.325092,,0.000000,,0.111228
HCM,Multi-territory MI (μ=1.7),37,All Regions,-1,Inferior,1,Diseased,MCMC,0.021475,,0.133327,1.995318,1.995318,1.000000,0.021475
HCM,Multi-territory MI (μ=1.7),37,All Regions,-1,Lateral,2,Diseased,Point Estimate,0.000141,0.011853,0.011853,,0.000000,,0.000141
HCM,Multi-territory MI (μ=1.7),37,All Regions,-1,Lateral,2,Diseased,MCMC,0.001243,,0.043183,0.646554,0.646554,1.000000,0.001243
HCM,Multi-territory MI (μ=1.7),37,All Regions,-1,Septal,3,Diseased,Point Estimate,0.009048,0.094007,0.094007,,0.000000,,0.009048
HCM,Multi-territory MI (μ=1.7),37,All Regions,-1,Septal,3,Diseased,MCMC,0.026725,,0.127085,1.666283,1.666283,1.000000,0.026725
HCM,Multi-territory MI (μ=1.7),37,All Regions,-1,Apical,4,Diseased,Point Estimate,0.000115,0.008242,0.008242,,0.000000,,0.000115
HCM,Multi-territory MI (μ=1.7),37,All Regions,-1,Apical,4,Diseased,MCMC,0.000624,,0.051612,0.827178,0.827178,1.000000,0.000624
HCM,Multi-territory MI (μ=1.7),38,All Regions,-1,Anterior,0,Diseased,Point Estimate,0.020421,0.142503,0.142503,,0.000000,,0.020421
HCM,Multi-territory MI (μ=1.7),38,All Regions,-1,Anterior,0,Diseased,MCMC,0.001204,,0.069354,1.108123,1.108123,1.000000,0.001204
HCM,Multi-territory MI (μ=1.7),38,All Regions,-1,Inferior,1,Diseased,Point Estimate,0.170296,0.404152,0.404152,,0.000000,,0.170296
HCM,Multi-territory MI (μ=1.7),38,All Regions,-1,Inferior,1,Diseased,MCMC,0.002591,,0.124282,2.121992,2.121992,1.000000,0.002591
HCM,Multi-territory MI (μ=1.7),38,All Regions,-1,Lateral,2,Diseased,Point Estimate,0.001133,0.033644,0.033644,,0.000000,,0.001133
HCM,Multi-territory MI (μ=1.7),38,All Regions,-1,Lateral,2,Diseased,MCMC,0.006818,,0.062942,0.833798,0.833798,1.000000,0.006818
HCM,Multi-territory MI (μ=1.7),38,All Regions,-1,Septal,3,Diseased,Point Estimate,0.001091,0.031446,0.031446,,0.000000,,0.001091
HCM,Multi-territory MI (μ=1.7),38,All Regions,-1,Septal,3,Diseased,MCMC,0.048869,,0.134252,1.317556,1.317556,1.000000,0.048869
HCM,Multi-territory MI (μ=1.7),38,All Regions,-1,Apical,4,Diseased,Point Estimate,0.000094,0.008849,0.008849,,0.000000,,0.000094
HCM,Multi-territory MI (μ=1.7),38,All Regions,-1,Apical,4,Diseased,MCMC,0.000458,,0.045299,0.754471,0.754471,1.000000,0.000458
HCM,Multi-territory MI (μ=1.7),39,All Regions,-1,Anterior,0,Diseased,Point Estimate,0.000215,0.014418,0.014418,,0.000000,,0.000215
HCM,Multi-territory MI (μ=1.7),39,All Regions,-1,Anterior,0,Diseased,MCMC,0.000645,,0.083573,1.274230,1.274230,1.000000,0.000645
HCM,Multi-territory MI (μ=1.7),39,All Regions,-1,Inferior,1,Diseased,Point Estimate,0.175328,0.406275,0.406275,,0.000000,,0.175328
HCM,Multi-territory MI (μ=1.7),39,All Regions,-1,Inferior,1,Diseased,MCMC,0.011497,,0.125116,1.993039,1.993039,1.000000,0.011497
HCM,Multi-territory MI (μ=1.7),39,All Regions,-1,Lateral,2,Diseased,Point Estimate,0.002812,0.053021,0.053021,,0.000000,,0.002812
HCM,Multi-territory MI (μ=1.7),39,All Regions,-1,Lateral,2,Diseased,MCMC,0.004130,,0.064011,0.964274,0.964274,1.000000,0.004130
HCM,Multi-territory MI (μ=1.7),39,All Regions,-1,Septal,3,Diseased,Point Estimate,0.013387,0.112244,0.112244,,0.000000,,0.013387
HCM,Multi-territory MI (μ=1.7),39,All Regions,-1,Septal,3,Diseased,MCMC,0.013409,,0.114022,1.630520,1.630520,1.000000,0.013409
HCM,Multi-territory MI (μ=1.7),39,All Regions,-1,Apical,4,Diseased,Point Estimate,0.000433,0.016791,0.016791,,0.000000,,0.000433
HCM,Multi-territory MI (μ=1.7),39,All Regions,-1,Apical,4,Diseased,MCMC,0.000110,,0.043955,0.731456,0.731456,1.000000,0.000110
HCM,Multi-territory MI (μ=1.7),40,All Regions,-1,Anterior,0,Diseased,Point Estimate,0.003510,0.058375,0.058375,,0.000000,,0.003510
HCM,Multi-territory MI (μ=1.7),40,All Regions,-1,Anterior,0,Diseased,MCMC,0.000815,,0.088269,1.413640,1.413640,1.000000,0.000815
HCM,Multi-territory MI (μ=1.7),40,All Regions,-1,Inferior,1,Diseased,Point Estimate,0.184465,0.421877,0.421877,,0.000000,,0.184465
HCM,Multi-territory MI (μ=1.7),40,All Regions,-1,Inferior,1,Diseased,MCMC,0.002455,,0.128407,2.158289,2.158289,1.000000,0.002455
HCM,Multi-territory MI (μ=1.7),40,All Regions,-1,Lateral,2,Diseased,Point Estimate,0.000004,0.001656,0.001656,,0.000000,,0.000004
HCM,Multi-territory MI (μ=1.7),40,All Regions,-1,Lateral,2,Diseased,MCMC,0.001646,,0.057934,0.889584,0.889584,1.000000,0.001646
HCM,Multi-territory MI (μ=1.7),40,All Regions,-1,Septal,3,Diseased,Point Estimate,0.017644,0.130478,0.130478,,0.000000,,0.017644
HCM,Multi-territory MI (μ=1.7),40,All Regions,-1,Septal,3,Diseased,MCMC,0.016391,,0.113300,1.633818,1.633818,1.000000,0.016391
HCM,Multi-territory MI (μ=1.7),40,All Regions,-1,Apical,4,Diseased,Point Estimate,0.001821,0.040925,0.040925,,0.000000,,0.001821
HCM,Multi-territory MI (μ=1.7),40,All Regions,-1,Apical,4,Diseased,MCMC,0.000406,,0.052277,0.887729,0.887729,1.000000,0.000406
HCM,Multi-territory MI (μ=1.7),41,All Regions,-1,Anterior,0,Diseased,Point Estimate,0.000001,0.000970,0.000970,,0.000000,,0.000001
HCM,Multi-territory MI (μ=1.7),41,All Regions,-1,Anterior,0,Diseased,MCMC,0.001660,,0.076750,1.152003,1.152003,1.000000,0.001660
HCM,Multi-territory MI (μ=1.7),41,All Regions,-1,Inferior,1,Diseased,Point Estimate,0.143211,0.367959,0.367959,,0.000000,,0.143211
HCM,Multi-territory MI (μ=1.7),41,All Regions,-1,Inferior,1,Diseased,MCMC,0.003571,,0.107962,1.829583,1.829583,1.000000,0.003571
HCM,Multi-territory MI (μ=1.7),41,All Regions,-1,Lateral,2,Diseased,Point Estimate,0.000536,0.021355,0.021355,,0.000000,,0.000536
HCM,Multi-territory MI (μ=1.7),41,All Regions,-1,Lateral,2,Diseased,MCMC,0.000459,,0.051986,0.842361,0.842361,1.000000,0.000459
HCM,Multi-territory MI (μ=1.7),41,All Regions,-1,Septal,3,Diseased,Point Estimate,0.003605,0.059589,0.059589,,0.000000,,0.003605
HCM,Multi-territory MI (μ=1.7),41,All Regions,-1,Septal,3,Diseased,MCMC,0.074644,,0.166480,1.659439,1.659439,1.000000,0.074644
HCM,Multi-territory MI (μ=1.7),41,All Regions,-1,Apical,4,Diseased,Point Estimate,0.000090,0.006742,0.006742,,0.000000,,0.000090
HCM,Multi-territory MI (μ=1.7),41,All Regions,-1,Apical,4,Diseased,MCMC,0.000732,,0.050662,0.785349,0.785349,1.000000,0.000732
HCM,Multi-territory MI (μ=1.7),42,All Regions,-1,Anterior,0,Diseased,Point Estimate,0.002453,0.049473,0.049473,,0.000000,,0.002453
HCM,Multi-territory MI (μ=1.7),42,All Regions,-1,Anterior,0,Diseased,MCMC,0.001649,,0.067789,1.051455,1.051455,1.000000,0.001649
HCM,Multi-territory MI (μ=1.7),42,All Regions,-1,Inferior,1,Diseased,Point Estimate,0.144371,0.369677,0.369677,,0.000000,,0.144371
HCM,Multi-territory MI (μ=1.7),42,All Regions,-1,Inferior,1,Diseased,MCMC,0.016732,,0.131675,1.887861,1.887861,1.000000,0.016732
HCM,Multi-territory MI (μ=1.7),42,All Regions,-1,Lateral,2,Diseased,Point Estimate,0.000194,0.013773,0.013773,,0.000000,,0.000194
HCM,Multi-territory MI (μ=1.7),42,All Regions,-1,Lateral,2,Diseased,MCMC,0.002042,,0.046624,0.680357,0.680357,1.000000,0.002042
HCM,Multi-territory MI (μ=1.7),42,All Regions,-1,Septal,3,Diseased,Point Estimate,0.007326,0.085017,0.085017,,0.000000,,0.007326
HCM,Multi-territory MI (μ=1.7),42,All Regions,-1,Septal,3,Diseased,MCMC,0.057606,,0.158029,1.794403,1.794403,1.000000,0.057606
HCM,Multi-territory MI (μ=1.7),42,All Regions,-1,Apical,4,Diseased,Point Estimate,0.002729,0.050308,0.050308,,0.000000,,0.002729
HCM,Multi-territory MI (μ=1.7),42,All Regions,-1,Apical,4,Diseased,MCMC,0.000940,,0.048919,0.833898,0.833898,1.000000,0.000940
HCM,Multi-territory MI (μ=1.7),43,All Regions,-1,Anterior,0,Diseased,Point Estimate,0.005074,0.070345,0.070345,,0.000000,,0.005074
HCM,Multi-territory MI (μ=1.7),43,All Regions,-1,Anterior,0,Diseased,MCMC,0.001370,,0.066254,1.030024,1.030024,1.000000,0.001370
HCM,Multi-territory MI (μ=1.7),43,All Regions,-1,Inferior,1,Diseased,Point Estimate,0.189727,0.426298,0.426298,,0.000000,,0.189727
HCM,Multi-territory MI (μ=1.7),43,All Regions,-1,Inferior,1,Diseased,MCMC,0.005172,,0.112367,1.978740,1.978740,1.000000,0.005172
HCM,Multi-territory MI (μ=1.7),43,All Regions,-1,Lateral,2,Diseased,Point Estimate,0.000860,0.029259,0.029259,,0.000000,,0.000860
HCM,Multi-territory MI (μ=1.7),43,All Regions,-1,Lateral,2,Diseased,MCMC,0.003884,,0.060083,0.908025,0.908025,1.000000,0.003884
HCM,Multi-territory MI (μ=1.7),43,All Regions,-1,Septal,3,Diseased,Point Estimate,0.006061,0.076391,0.076391,,0.000000,,0.006061
HCM,Multi-territory MI (μ=1.7),43,All Regions,-1,Septal,3,Diseased,MCMC,0.028356,,0.112618,1.333615,1.333615,1.000000,0.028356
HCM,Multi-territory MI (μ=1.7),43,All Regions,-1,Apical,4,Diseased,Point Estimate,0.000049,0.006773,0.006773,,0.000000,,0.000049
HCM,Multi-territory MI (μ=1.7),43,All Regions,-1,Apical,4,Diseased,MCMC,0.000019,,0.038121,0.676311,0.676311,1.000000,0.000019
HCM,Multi-territory MI (μ=1.7),44,All Regions,-1,Anterior,0,Diseased,Point Estimate,0.007879,0.087292,0.087292,,0.000000,,0.007879
HCM,Multi-territory MI (μ=1.7),44,All Regions,-1,Anterior,0,Diseased,MCMC,0.001477,,0.077069,1.126129,1.126129,1.000000,0.001477
HCM,Multi-territory MI (μ=1.7),44,All Regions,-1,Inferior,1,Diseased,Point Estimate,0.192824,0.427392,0.427392,,0.000000,,0.192824
HCM,Multi-territory MI (μ=1.7),44,All Regions,-1,Inferior,1,Diseased,MCMC,0.008621,,0.116930,1.859182,1.859182,1.000000,0.008621
HCM,Multi-territory MI (μ=1.7),44,All Regions,-1,Lateral,2,Diseased,Point Estimate,0.004212,0.064868,0.064868,,0.000000,,0.004212
HCM,Multi-territory MI (μ=1.7),44,All Regions,-1,Lateral,2,Diseased,MCMC,0.003366,,0.057551,0.851784,0.851784,1.000000,0.003366
HCM,Multi-territory MI (μ=1.7),44,All Regions,-1,Septal,3,Diseased,Point Estimate,0.034631,0.179935,0.179935,,0.000000,,0.034631
HCM,Multi-territory MI (μ=1.7),44,All Regions,-1,Septal,3,Diseased,MCMC,0.017408,,0.127717,1.746280,1.746280,1.000000,0.017408
HCM,Multi-territory MI (μ=1.7),44,All Regions,-1,Apical,4,Diseased,Point Estimate,0.001065,0.025957,0.025957,,0.000000,,0.001065
HCM,Multi-territory MI (μ=1.7),44,All Regions,-1,Apical,4,Diseased,MCMC,0.000424,,0.042543,0.704304,0.704304,1.000000,0.000424
HCM,Multi-territory MI (μ=1.7),45,All Regions,-1,Anterior,0,Diseased,Point Estimate,0.000541,0.022394,0.022394,,0.000000,,0.000541
HCM,Multi-territory MI (μ=1.7),45,All Regions,-1,Anterior,0,Diseased,MCMC,0.002690,,0.065499,1.067165,1.067165,1.000000,0.002690
HCM,Multi-territory MI (μ=1.7),45,All Regions,-1,Inferior,1,Diseased,Point Estimate,0.176407,0.412170,0.412170,,0.000000,,0.176407
HCM,Multi-territory MI (μ=1.7),45,All Regions,-1,Inferior,1,Diseased,MCMC,0.004116,,0.106052,1.620692,1.620692,1.000000,0.004116
HCM,Multi-territory MI (μ=1.7),45,All Regions,-1,Lateral,2,Diseased,Point Estimate,0.003626,0.060032,0.060032,,0.000000,,0.003626
HCM,Multi-territory MI (μ=1.7),45,All Regions,-1,Lateral,2,Diseased,MCMC,0.002366,,0.055085,0.887364,0.887364,1.000000,0.002366
HCM,Multi-territory MI (μ=1.7),45,All Regions,-1,Septal,3,Diseased,Point Estimate,0.005743,0.075081,0.075081,,0.000000,,0.005743
HCM,Multi-territory MI (μ=1.7),45,All Regions,-1,Septal,3,Diseased,MCMC,0.075325,,0.173533,1.719523,1.719523,1.000000,0.075325
HCM,Multi-territory MI (μ=1.7),45,All Regions,-1,Apical,4,Diseased,Point Estimate,0.001129,0.030364,0.030364,,0.000000,,0.001129
HCM,Multi-territory MI (μ=1.7),45,All Regions,-1,Apical,4,Diseased,MCMC,0.001640,,0.050294,0.810093,0.810093,1.000000,0.001640
HCM,Multi-territory MI (μ=1.7),46,All Regions,-1,Anterior,0,Diseased,Point Estimate,0.000039,0.005128,0.005128,,0.000000,,0.000039
HCM,Multi-territory MI (μ=1.7),46,All Regions,-1,Anterior,0,Diseased,MCMC,0.000261,,0.057340,0.958746,0.958746,1.000000,0.000261
HCM,Multi-territory MI (μ=1.7),46,All Regions,-1,Inferior,1,Diseased,Point Estimate,0.217578,0.452422,0.452422,,0.000000,,0.217578
HCM,Multi-territory MI (μ=1.7),46,All Regions,-1,Inferior,1,Diseased,MCMC,0.004397,,0.117855,2.062981,2.062981,1.000000,0.004397
HCM,Multi-territory MI (μ=1.7),46,All Regions,-1,Lateral,2,Diseased,Point Estimate,0.000053,0.007245,0.007245,,0.000000,,0.000053
HCM,Multi-territory MI (μ=1.7),46,All Regions,-1,Lateral,2,Diseased,MCMC,0.001110,,0.045204,0.743937,0.743937,1.000000,0.001110
HCM,Multi-territory MI (μ=1.7),46,All Regions,-1,Septal,3,Diseased,Point Estimate,0.028603,0.167760,0.167760,,0.000000,,0.028603
HCM,Multi-territory MI (μ=1.7),46,All Regions,-1,Septal,3,Diseased,MCMC,0.066973,,0.163742,2.022090,2.022090,1.000000,0.066973
HCM,Multi-territory MI (μ=1.7),46,All Regions,-1,Apical,4,Diseased,Point Estimate,0.003175,0.055648,0.055648,,0.000000,,0.003175
HCM,Multi-territory MI (μ=1.7),46,All Regions,-1,Apical,4,Diseased,MCMC,0.000178,,0.046243,0.699534,0.699534,1.000000,0.000178
HCM,Multi-territory MI (μ=1.7),47,All Regions,-1,Anterior,0,Diseased,Point Estimate,0.001628,0.039335,0.039335,,0.000000,,0.001628
HCM,Multi-territory MI (μ=1.7),47,All Regions,-1,Anterior,0,Diseased,MCMC,0.000058,,0.063359,1.059341,1.059341,1.000000,0.000058
HCM,Multi-territory MI (μ=1.7),47,All Regions,-1,Inferior,1,Diseased,Point Estimate,0.197568,0.435597,0.435597,,0.000000,,0.197568
HCM,Multi-territory MI (μ=1.7),47,All Regions,-1,Inferior,1,Diseased,MCMC,0.005141,,0.133223,2.241464,2.241464,1.000000,0.005141
HCM,Multi-territory MI (μ=1.7),47,All Regions,-1,Lateral,2,Diseased,Point Estimate,0.000334,0.017966,0.017966,,0.000000,,0.000334
HCM,Multi-territory MI (μ=1.7),47,All Regions,-1,Lateral,2,Diseased,MCMC,0.002547,,0.058943,0.878105,0.878105,1.000000,0.002547
HCM,Multi-territory MI (μ=1.7),47,All Regions,-1,Septal,3,Diseased,Point Estimate,0.008772,0.091700,0.091700,,0.000000,,0.008772
HCM,Multi-territory MI (μ=1.7),47,All Regions,-1,Septal,3,Diseased,MCMC,0.037736,,0.139318,1.710199,1.710199,1.000000,0.037736
HCM,Multi-territory MI (μ=1.7),47,All Regions,-1,Apical,4,Diseased,Point Estimate,0.000706,0.024707,0.024707,,0.000000,,0.000706
HCM,Multi-territory MI (μ=1.7),47,All Regions,-1,Apical,4,Diseased,MCMC,0.000159,,0.042943,0.708932,0.708932,1.000000,0.000159
HCM,Multi-territory MI (μ=1.7),48,All Regions,-1,Anterior,0,Diseased,Point Estimate,0.005328,0.072310,0.072310,,0.000000,,0.005328
HCM,Multi-territory MI (μ=1.7),48,All Regions,-1,Anterior,0,Diseased,MCMC,0.002403,,0.054964,0.810568,0.810568,1.000000,0.002403
HCM,Multi-territory MI (μ=1.7),48,All Regions,-1,Inferior,1,Diseased,Point Estimate,0.142285,0.372814,0.372814,,0.000000,,0.142285
HCM,Multi-territory MI (μ=1.7),48,All Regions,-1,Inferior,1,Diseased,MCMC,0.017540,,0.114378,1.528019,1.528019,1.000000,0.017540
HCM,Multi-territory MI (μ=1.7),48,All Regions,-1,Lateral,2,Diseased,Point Estimate,0.002124,0.045400,0.045400,,0.000000,,0.002124
HCM,Multi-territory MI (μ=1.7),48,All Regions,-1,Lateral,2,Diseased,MCMC,0.000517,,0.046423,0.729782,0.729782,1.000000,0.000517
HCM,Multi-territory MI (μ=1.7),48,All Regions,-1,Septal,3,Diseased,Point Estimate,0.012747,0.109173,0.109173,,0.000000,,0.012747
HCM,Multi-territory MI (μ=1.7),48,All Regions,-1,Septal,3,Diseased,MCMC,0.067759,,0.153392,1.441793,1.441793,1.000000,0.067759
HCM,Multi-territory MI (μ=1.7),48,All Regions,-1,Apical,4,Diseased,Point Estimate,0.000951,0.030074,0.030074,,0.000000,,0.000951
HCM,Multi-territory MI (μ=1.7),48,All Regions,-1,Apical,4,Diseased,MCMC,0.000434,,0.045032,0.676049,0.676049,1.000000,0.000434
HCM,Multi-territory MI (μ=1.7),49,All Regions,-1,Anterior,0,Diseased,Point Estimate,0.000248,0.015700,0.015700,,0.000000,,0.000248
HCM,Multi-territory MI (μ=1.7),49,All Regions,-1,Anterior,0,Diseased,MCMC,0.000664,,0.061627,1.042513,1.042513,1.000000,0.000664
HCM,Multi-territory MI (μ=1.7),49,All Regions,-1,Inferior,1,Diseased,Point Estimate,0.143559,0.371200,0.371200,,0.000000,,0.143559
HCM,Multi-territory MI (μ=1.7),49,All Regions,-1,Inferior,1,Diseased,MCMC,0.001447,,0.103046,1.728430,1.728430,1.000000,0.001447
HCM,Multi-territory MI (μ=1.7),49,All Regions,-1,Lateral,2,Diseased,Point Estimate,0.004456,0.066723,0.066723,,0.000000,,0.004456
HCM,Multi-territory MI (μ=1.7),49,All Regions,-1,Lateral,2,Diseased,MCMC,0.009430,,0.065226,0.872555,0.872555,1.000000,0.009430
HCM,Multi-territory MI (μ=1.7),49,All Regions,-1,Septal,3,Diseased,Point Estimate,0.007988,0.088216,0.088216,,0.000000,,0.007988
HCM,Multi-territory MI (μ=1.7),49,All Regions,-1,Septal,3,Diseased,MCMC,0.034279,,0.139156,1.722257,1.722257,1.000000,0.034279
HCM,Multi-territory MI (μ=1.7),49,All Regions,-1,Apical,4,Diseased,Point Estimate,0.000364,0.014466,0.014466,,0.000000,,0.000364
HCM,Multi-territory MI (μ=1.7),49,All Regions,-1,Apical,4,Diseased,MCMC,0.000565,,0.032712,0.510247,0.510247,1.000000,0.000565
HCM,Multi-territory MI (μ=1.7),50,All Regions,-1,Anterior,0,Diseased,Point Estimate,0.000541,0.023212,0.023212,,0.000000,,0.000541
HCM,Multi-territory MI (μ=1.7),50,All Regions,-1,Anterior,0,Diseased,MCMC,0.000274,,0.066545,1.064675,1.064675,1.000000,0.000274
HCM,Multi-territory MI (μ=1.7),50,All Regions,-1,Inferior,1,Diseased,Point Estimate,0.155203,0.384839,0.384839,,0.000000,,0.155203
HCM,Multi-territory MI (μ=1.7),50,All Regions,-1,Inferior,1,Diseased,MCMC,0.010076,,0.117465,1.771800,1.771800,1.000000,0.010076
HCM,Multi-territory MI (μ=1.7),50,All Regions,-1,Lateral,2,Diseased,Point Estimate,0.005893,0.076602,0.076602,,0.000000,,0.005893
HCM,Multi-territory MI (μ=1.7),50,All Regions,-1,Lateral,2,Diseased,MCMC,0.011428,,0.076243,1.001530,1.001530,1.000000,0.011428
HCM,Multi-territory MI (μ=1.7),50,All Regions,-1,Septal,3,Diseased,Point Estimate,0.012080,0.109401,0.109401,,0.000000,,0.012080
HCM,Multi-territory MI (μ=1.7),50,All Regions,-1,Septal,3,Diseased,MCMC,0.064140,,0.152631,1.693597,1.693597,1.000000,0.064140
HCM,Multi-territory MI (μ=1.7),50,All Regions,-1,Apical,4,Diseased,Point Estimate,0.002211,0.046780,0.046780,,0.000000,,0.002211
HCM,Multi-territory MI (μ=1.7),50,All Regions,-1,Apical,4,Diseased,MCMC,0.002276,,0.050248,0.717163,0.717163,1.000000,0.002276
HCM,Multi-territory MI (μ=1.7),51,All Regions,-1,Anterior,0,Diseased,Point Estimate,0.000078,0.008709,0.008709,,0.000000,,0.000078
HCM,Multi-territory MI (μ=1.7),51,All Regions,-1,Anterior,0,Diseased,MCMC,0.000015,,0.075194,1.225436,1.225436,1.000000,0.000015
HCM,Multi-territory MI (μ=1.7),51,All Regions,-1,Inferior,1,Diseased,Point Estimate,0.190162,0.424813,0.424813,,0.000000,,0.190162
HCM,Multi-territory MI (μ=1.7),51,All Regions,-1,Inferior,1,Diseased,MCMC,0.007763,,0.142785,2.271710,2.271710,1.000000,0.007763
HCM,Multi-territory MI (μ=1.7),51,All Regions,-1,Lateral,2,Diseased,Point Estimate,0.001002,0.031481,0.031481,,0.000000,,0.001002
HCM,Multi-territory MI (μ=1.7),51,All Regions,-1,Lateral,2,Diseased,MCMC,0.000564,,0.064535,1.057699,1.057699,1.000000,0.000564
HCM,Multi-territory MI (μ=1.7),51,All Regions,-1,Septal,3,Diseased,Point Estimate,0.013160,0.112905,0.112905,,0.000000,,0.013160
HCM,Multi-territory MI (μ=1.7),51,All Regions,-1,Septal,3,Diseased,MCMC,0.017364,,0.120257,1.717141,1.717141,1.000000,0.017364
HCM,Multi-territory MI (μ=1.7),51,All Regions,-1,Apical,4,Diseased,Point Estimate,0.001640,0.038510,0.038510,,0.000000,,0.001640
HCM,Multi-territory MI (μ=1.7),51,All Regions,-1,Apical,4,Diseased,MCMC,0.000764,,0.053972,0.903901,0.903901,1.000000,0.000764
HCM,Multi-territory MI (μ=1.7),52,All Regions,-1,Anterior,0,Diseased,Point Estimate,0.000385,0.019147,0.019147,,0.000000,,0.000385
HCM,Multi-territory MI (μ=1.7),52,All Regions,-1,Anterior,0,Diseased,MCMC,0.003257,,0.075180,1.088485,1.088485,1.000000,0.003257
HCM,Multi-territory MI (μ=1.7),52,All Regions,-1,Inferior,1,Diseased,Point Estimate,0.142363,0.363474,0.363474,,0.000000,,0.142363
HCM,Multi-territory MI (μ=1.7),52,All Regions,-1,Inferior,1,Diseased,MCMC,0.047088,,0.135852,1.731455,1.731455,1.000000,0.047088
HCM,Multi-territory MI (μ=1.7),52,All Regions,-1,Lateral,2,Diseased,Point Estimate,0.001212,0.034764,0.034764,,0.000000,,0.001212
HCM,Multi-territory MI (μ=1.7),52,All Regions,-1,Lateral,2,Diseased,MCMC,0.002754,,0.066014,1.000655,1.000655,1.000000,0.002754
HCM,Multi-territory MI (μ=1.7),52,All Regions,-1,Septal,3,Diseased,Point Estimate,0.031615,0.176922,0.176922,,0.000000,,0.031615
HCM,Multi-territory MI (μ=1.7),52,All Regions,-1,Septal,3,Diseased,MCMC,0.001769,,0.139749,2.057534,2.057534,1.000000,0.001769
HCM,Multi-territory MI (μ=1.7),52,All Regions,-1,Apical,4,Diseased,Point Estimate,0.003166,0.053300,0.053300,,0.000000,,0.003166
HCM,Multi-territory MI (μ=1.7),52,All Regions,-1,Apical,4,Diseased,MCMC,0.000007,,0.045940,0.796818,0.796818,1.000000,0.000007
HCM,Multi-territory MI (μ=1.7),53,All Regions,-1,Anterior,0,Diseased,Point Estimate,0.002774,0.051847,0.051847,,0.000000,,0.002774
HCM,Multi-territory MI (μ=1.7),53,All Regions,-1,Anterior,0,Diseased,MCMC,0.003181,,0.091511,1.351455,1.351455,1.000000,0.003181
HCM,Multi-territory MI (μ=1.7),53,All Regions,-1,Inferior,1,Diseased,Point Estimate,0.170454,0.404995,0.404995,,0.000000,,0.170454
HCM,Multi-territory MI (μ=1.7),53,All Regions,-1,Inferior,1,Diseased,MCMC,0.002712,,0.129401,2.264050,2.264050,1.000000,0.002712
HCM,Multi-territory MI (μ=1.7),53,All Regions,-1,Lateral,2,Diseased,Point Estimate,0.000024,0.003735,0.003735,,0.000000,,0.000024
HCM,Multi-territory MI (μ=1.7),53,All Regions,-1,Lateral,2,Diseased,MCMC,0.002837,,0.054170,0.832842,0.832842,1.000000,0.002837
HCM,Multi-territory MI (μ=1.7),53,All Regions,-1,Septal,3,Diseased,Point Estimate,0.023427,0.150073,0.150073,,0.000000,,0.023427
HCM,Multi-territory MI (μ=1.7),53,All Regions,-1,Septal,3,Diseased,MCMC,0.012776,,0.109846,1.644611,1.644611,1.000000,0.012776
HCM,Multi-territory MI (μ=1.7),53,All Regions,-1,Apical,4,Diseased,Point Estimate,0.000433,0.019252,0.019252,,0.000000,,0.000433
HCM,Multi-territory MI (μ=1.7),53,All Regions,-1,Apical,4,Diseased,MCMC,0.002677,,0.062069,0.974979,0.974979,1.000000,0.002677
HCM,Multi-territory MI (μ=1.7),54,All Regions,-1,Anterior,0,Diseased,Point Estimate,0.003367,0.057993,0.057993,,0.000000,,0.003367
HCM,Multi-territory MI (μ=1.7),54,All Regions,-1,Anterior,0,Diseased,MCMC,0.000465,,0.061656,0.975765,0.975765,1.000000,0.000465
HCM,Multi-territory MI (μ=1.7),54,All Regions,-1,Inferior,1,Diseased,Point Estimate,0.131666,0.356520,0.356520,,0.000000,,0.131666
HCM,Multi-territory MI (μ=1.7),54,All Regions,-1,Inferior,1,Diseased,MCMC,0.000427,,0.097267,1.690260,1.690260,1.000000,0.000427
HCM,Multi-territory MI (μ=1.7),54,All Regions,-1,Lateral,2,Diseased,Point Estimate,0.001398,0.037386,0.037386,,0.000000,,0.001398
HCM,Multi-territory MI (μ=1.7),54,All Regions,-1,Lateral,2,Diseased,MCMC,0.004226,,0.054488,0.777212,0.777212,1.000000,0.004226
HCM,Multi-territory MI (μ=1.7),54,All Regions,-1,Septal,3,Diseased,Point Estimate,0.003910,0.059796,0.059796,,0.000000,,0.003910
HCM,Multi-territory MI (μ=1.7),54,All Regions,-1,Septal,3,Diseased,MCMC,0.060075,,0.148783,1.531093,1.531093,1.000000,0.060075
HCM,Multi-territory MI (μ=1.7),54,All Regions,-1,Apical,4,Diseased,Point Estimate,0.000229,0.015035,0.015035,,0.000000,,0.000229
HCM,Multi-territory MI (μ=1.7),54,All Regions,-1,Apical,4,Diseased,MCMC,0.000076,,0.032725,0.516857,0.516857,1.000000,0.000076
HCM,Multi-territory MI (μ=1.7),55,All Regions,-1,Anterior,0,Diseased,Point Estimate,0.010808,0.103577,0.103577,,0.000000,,0.010808
HCM,Multi-territory MI (μ=1.7),55,All Regions,-1,Anterior,0,Diseased,MCMC,0.000233,,0.076095,1.081141,1.081141,1.000000,0.000233
HCM,Multi-territory MI (μ=1.7),55,All Regions,-1,Inferior,1,Diseased,Point Estimate,0.249870,0.489531,0.489531,,0.000000,,0.249870
HCM,Multi-territory MI (μ=1.7),55,All Regions,-1,Inferior,1,Diseased,MCMC,0.003460,,0.111248,1.873490,1.873490,1.000000,0.003460
HCM,Multi-territory MI (μ=1.7),55,All Regions,-1,Lateral,2,Diseased,Point Estimate,0.007214,0.084871,0.084871,,0.000000,,0.007214
HCM,Multi-territory MI (μ=1.7),55,All Regions,-1,Lateral,2,Diseased,MCMC,0.001512,,0.054442,0.799495,0.799495,1.000000,0.001512
HCM,Multi-territory MI (μ=1.7),55,All Regions,-1,Septal,3,Diseased,Point Estimate,0.047872,0.215009,0.215009,,0.000000,,0.047872
HCM,Multi-territory MI (μ=1.7),55,All Regions,-1,Septal,3,Diseased,MCMC,0.035420,,0.144643,1.825123,1.825123,1.000000,0.035420
HCM,Multi-territory MI (μ=1.7),55,All Regions,-1,Apical,4,Diseased,Point Estimate,0.000066,0.008066,0.008066,,0.000000,,0.000066
HCM,Multi-territory MI (μ=1.7),55,All Regions,-1,Apical,4,Diseased,MCMC,0.000023,,0.036358,0.561665,0.561665,1.000000,0.000023
HCM,Multi-territory MI (μ=1.7),56,All Regions,-1,Anterior,0,Diseased,Point Estimate,0.000654,0.024105,0.024105,,0.000000,,0.000654
HCM,Multi-territory MI (μ=1.7),56,All Regions,-1,Anterior,0,Diseased,MCMC,0.000638,,0.088627,1.341533,1.341533,1.000000,0.000638
HCM,Multi-territory MI (μ=1.7),56,All Regions,-1,Inferior,1,Diseased,Point Estimate,0.179938,0.416868,0.416868,,0.000000,,0.179938
HCM,Multi-territory MI (μ=1.7),56,All Regions,-1,Inferior,1,Diseased,MCMC,0.000322,,0.141115,2.372247,2.372247,1.000000,0.000322
HCM,Multi-territory MI (μ=1.7),56,All Regions,-1,Lateral,2,Diseased,Point Estimate,0.000119,0.009203,0.009203,,0.000000,,0.000119
HCM,Multi-territory MI (μ=1.7),56,All Regions,-1,Lateral,2,Diseased,MCMC,0.001476,,0.047481,0.739634,0.739634,1.000000,0.001476
HCM,Multi-territory MI (μ=1.7),56,All Regions,-1,Septal,3,Diseased,Point Estimate,0.000312,0.017198,0.017198,,0.000000,,0.000312
HCM,Multi-territory MI (μ=1.7),56,All Regions,-1,Septal,3,Diseased,MCMC,0.043301,,0.142529,1.766992,1.766992,1.000000,0.043301
HCM,Multi-territory MI (μ=1.7),56,All Regions,-1,Apical,4,Diseased,Point Estimate,0.000390,0.019692,0.019692,,0.000000,,0.000390
HCM,Multi-territory MI (μ=1.7),56,All Regions,-1,Apical,4,Diseased,MCMC,0.000641,,0.047415,0.763550,0.763550,1.000000,0.000641
HCM,Multi-territory MI (μ=1.7),57,All Regions,-1,Anterior,0,Diseased,Point Estimate,0.001925,0.043754,0.043754,,0.000000,,0.001925
HCM,Multi-territory MI (μ=1.7),57,All Regions,-1,Anterior,0,Diseased,MCMC,0.000795,,0.078003,1.176213,1.176213,1.000000,0.000795
HCM,Multi-territory MI (μ=1.7),57,All Regions,-1,Inferior,1,Diseased,Point Estimate,0.176017,0.415567,0.415567,,0.000000,,0.176017
HCM,Multi-territory MI (μ=1.7),57,All Regions,-1,Inferior,1,Diseased,MCMC,0.003158,,0.112369,1.804366,1.804366,1.000000,0.003158
HCM,Multi-territory MI (μ=1.7),57,All Regions,-1,Lateral,2,Diseased,Point Estimate,0.007581,0.087066,0.087066,,0.000000,,0.007581
HCM,Multi-territory MI (μ=1.7),57,All Regions,-1,Lateral,2,Diseased,MCMC,0.004094,,0.053472,0.751570,0.751570,1.000000,0.004094
HCM,Multi-territory MI (μ=1.7),57,All Regions,-1,Septal,3,Diseased,Point Estimate,0.000078,0.007126,0.007126,,0.000000,,0.000078
HCM,Multi-territory MI (μ=1.7),57,All Regions,-1,Septal,3,Diseased,MCMC,0.040031,,0.133364,1.532494,1.532494,1.000000,0.040031
HCM,Multi-territory MI (μ=1.7),57,All Regions,-1,Apical,4,Diseased,Point Estimate,0.000304,0.014785,0.014785,,0.000000,,0.000304
HCM,Multi-territory MI (μ=1.7),57,All Regions,-1,Apical,4,Diseased,MCMC,0.000050,,0.037329,0.623793,0.623793,1.000000,0.000050
HCM,Multi-territory MI (μ=1.7),58,All Regions,-1,Anterior,0,Diseased,Point Estimate,0.000311,0.017624,0.017624,,0.000000,,0.000311
HCM,Multi-territory MI (μ=1.7),58,All Regions,-1,Anterior,0,Diseased,MCMC,0.006026,,0.074672,1.044512,1.044512,1.000000,0.006026
HCM,Multi-territory MI (μ=1.7),58,All Regions,-1,Inferior,1,Diseased,Point Estimate,0.131035,0.350065,0.350065,,0.000000,,0.131035
HCM,Multi-territory MI (μ=1.7),58,All Regions,-1,Inferior,1,Diseased,MCMC,0.023345,,0.146962,2.114319,2.114319,1.000000,0.023345
HCM,Multi-territory MI (μ=1.7),58,All Regions,-1,Lateral,2,Diseased,Point Estimate,0.000066,0.005950,0.005950,,0.000000,,0.000066
HCM,Multi-territory MI (μ=1.7),58,All Regions,-1,Lateral,2,Diseased,MCMC,0.001869,,0.057911,0.913757,0.913757,1.000000,0.001869
HCM,Multi-territory MI (μ=1.7),58,All Regions,-1,Septal,3,Diseased,Point Estimate,0.010558,0.101550,0.101550,,0.000000,,0.010558
HCM,Multi-territory MI (μ=1.7),58,All Regions,-1,Septal,3,Diseased,MCMC,0.004772,,0.124906,1.851416,1.851416,1.000000,0.004772
HCM,Multi-territory MI (μ=1.7),58,All Regions,-1,Apical,4,Diseased,Point Estimate,0.000078,0.006849,0.006849,,0.000000,,0.000078
HCM,Multi-territory MI (μ=1.7),58,All Regions,-1,Apical,4,Diseased,MCMC,0.000020,,0.036214,0.634718,0.634718,1.000000,0.000020
HCM,Multi-territory MI (μ=1.7),59,All Regions,-1,Anterior,0,Diseased,Point Estimate,0.004213,0.064548,0.064548,,0.000000,,0.004213
HCM,Multi-territory MI (μ=1.7),59,All Regions,-1,Anterior,0,Diseased,MCMC,0.000574,,0.068436,1.093442,1.093442,1.000000,0.000574
HCM,Multi-territory MI (μ=1.7),59,All Regions,-1,Inferior,1,Diseased,Point Estimate,0.182866,0.417260,0.417260,,0.000000,,0.182866
HCM,Multi-territory MI (μ=1.7),59,All Regions,-1,Inferior,1,Diseased,MCMC,0.000507,,0.119442,2.119530,2.119530,1.000000,0.000507
HCM,Multi-territory MI (μ=1.7),59,All Regions,-1,Lateral,2,Diseased,Point Estimate,0.000337,0.017713,0.017713,,0.000000,,0.000337
HCM,Multi-territory MI (μ=1.7),59,All Regions,-1,Lateral,2,Diseased,MCMC,0.000424,,0.049097,0.810458,0.810458,1.000000,0.000424
HCM,Multi-territory MI (μ=1.7),59,All Regions,-1,Septal,3,Diseased,Point Estimate,0.004810,0.068299,0.068299,,0.000000,,0.004810
HCM,Multi-territory MI (μ=1.7),59,All Regions,-1,Septal,3,Diseased,MCMC,0.058518,,0.157562,1.760540,1.760540,1.000000,0.058518
HCM,Multi-territory MI (μ=1.7),59,All Regions,-1,Apical,4,Diseased,Point Estimate,0.001386,0.034895,0.034895,,0.000000,,0.001386
HCM,Multi-territory MI (μ=1.7),59,All Regions,-1,Apical,4,Diseased,MCMC,0.000349,,0.047172,0.784683,0.784683,1.000000,0.000349
HCM,Multi-territory MI (μ=1.7),60,All Regions,-1,Anterior,0,Diseased,Point Estimate,0.000087,0.009185,0.009185,,0.000000,,0.000087
HCM,Multi-territory MI (μ=1.7),60,All Regions,-1,Anterior,0,Diseased,MCMC,0.000498,,0.061907,0.995169,0.995169,1.000000,0.000498
HCM,Multi-territory MI (μ=1.7),60,All Regions,-1,Inferior,1,Diseased,Point Estimate,0.170826,0.407835,0.407835,,0.000000,,0.170826
HCM,Multi-territory MI (μ=1.7),60,All Regions,-1,Inferior,1,Diseased,MCMC,0.000437,,0.101093,1.633471,1.633471,1.000000,0.000437
HCM,Multi-territory MI (μ=1.7),60,All Regions,-1,Lateral,2,Diseased,Point Estimate,0.004984,0.070517,0.070517,,0.000000,,0.004984
HCM,Multi-territory MI (μ=1.7),60,All Regions,-1,Lateral,2,Diseased,MCMC,0.000870,,0.051333,0.790124,0.790124,1.000000,0.000870
HCM,Multi-territory MI (μ=1.7),60,All Regions,-1,Septal,3,Diseased,Point Estimate,0.013194,0.113370,0.113370,,0.000000,,0.013194
HCM,Multi-territory MI (μ=1.7),60,All Regions,-1,Septal,3,Diseased,MCMC,0.049079,,0.147655,1.685670,1.685670,1.000000,0.049079
HCM,Multi-territory MI (μ=1.7),60,All Regions,-1,Apical,4,Diseased,Point Estimate,0.000212,0.014558,0.014558,,0.000000,,0.000212
HCM,Multi-territory MI (μ=1.7),60,All Regions,-1,Apical,4,Diseased,MCMC,0.000187,,0.049202,0.815634,0.815634,1.000000,0.000187
HCM,Multi-territory MI (μ=1.7),61,All Regions,-1,Anterior,0,Diseased,Point Estimate,0.002224,0.046852,0.046852,,0.000000,,0.002224
HCM,Multi-territory MI (μ=1.7),61,All Regions,-1,Anterior,0,Diseased,MCMC,0.000540,,0.082760,1.306860,1.306860,1.000000,0.000540
HCM,Multi-territory MI (μ=1.7),61,All Regions,-1,Inferior,1,Diseased,Point Estimate,0.227705,0.468788,0.468788,,0.000000,,0.227705
HCM,Multi-territory MI (μ=1.7),61,All Regions,-1,Inferior,1,Diseased,MCMC,0.003810,,0.125732,2.116276,2.116276,1.000000,0.003810
HCM,Multi-territory MI (μ=1.7),61,All Regions,-1,Lateral,2,Diseased,Point Estimate,0.001669,0.039152,0.039152,,0.000000,,0.001669
HCM,Multi-territory MI (μ=1.7),61,All Regions,-1,Lateral,2,Diseased,MCMC,0.000187,,0.049430,0.736439,0.736439,1.000000,0.000187
HCM,Multi-territory MI (μ=1.7),61,All Regions,-1,Septal,3,Diseased,Point Estimate,0.015158,0.121563,0.121563,,0.000000,,0.015158
HCM,Multi-territory MI (μ=1.7),61,All Regions,-1,Septal,3,Diseased,MCMC,0.028670,,0.127536,1.717283,1.717283,1.000000,0.028670
HCM,Multi-territory MI (μ=1.7),61,All Regions,-1,Apical,4,Diseased,Point Estimate,0.000095,0.008973,0.008973,,0.000000,,0.000095
HCM,Multi-territory MI (μ=1.7),61,All Regions,-1,Apical,4,Diseased,MCMC,0.000220,,0.047673,0.792661,0.792661,1.000000,0.000220
HCM,Multi-territory MI (μ=1.7),62,All Regions,-1,Anterior,0,Diseased,Point Estimate,0.000466,0.018562,0.018562,,0.000000,,0.000466
HCM,Multi-territory MI (μ=1.7),62,All Regions,-1,Anterior,0,Diseased,MCMC,0.001549,,0.062068,0.906384,0.906384,1.000000,0.001549
HCM,Multi-territory MI (μ=1.7),62,All Regions,-1,Inferior,1,Diseased,Point Estimate,0.187148,0.424429,0.424429,,0.000000,,0.187148
HCM,Multi-territory MI (μ=1.7),62,All Regions,-1,Inferior,1,Diseased,MCMC,0.010561,,0.130581,2.035148,2.035148,1.000000,0.010561
HCM,Multi-territory MI (μ=1.7),62,All Regions,-1,Lateral,2,Diseased,Point Estimate,0.000296,0.014111,0.014111,,0.000000,,0.000296
HCM,Multi-territory MI (μ=1.7),62,All Regions,-1,Lateral,2,Diseased,MCMC,0.000275,,0.044707,0.753626,0.753626,1.000000,0.000275
HCM,Multi-territory MI (μ=1.7),62,All Regions,-1,Septal,3,Diseased,Point Estimate,0.016604,0.125935,0.125935,,0.000000,,0.016604
HCM,Multi-territory MI (μ=1.7),62,All Regions,-1,Septal,3,Diseased,MCMC,0.027064,,0.109248,1.250022,1.250022,1.000000,0.027064
HCM,Multi-territory MI (μ=1.7),62,All Regions,-1,Apical,4,Diseased,Point Estimate,0.000492,0.018909,0.018909,,0.000000,,0.000492
HCM,Multi-territory MI (μ=1.7),62,All Regions,-1,Apical,4,Diseased,MCMC,0.000557,,0.057798,0.904340,0.904340,1.000000,0.000557
HCM,Multi-territory MI (μ=1.7),63,All Regions,-1,Anterior,0,Diseased,Point Estimate,0.003604,0.060028,0.060028,,0.000000,,0.003604
HCM,Multi-territory MI (μ=1.7),63,All Regions,-1,Anterior,0,Diseased,MCMC,0.000168,,0.077206,1.190730,1.190730,1.000000,0.000168
HCM,Multi-territory MI (μ=1.7),63,All Regions,-1,Inferior,1,Diseased,Point Estimate,0.218913,0.459245,0.459245,,0.000000,,0.218913
HCM,Multi-territory MI (μ=1.7),63,All Regions,-1,Inferior,1,Diseased,MCMC,0.000084,,0.125458,2.184730,2.184730,1.000000,0.000084
HCM,Multi-territory MI (μ=1.7),63,All Regions,-1,Lateral,2,Diseased,Point Estimate,0.000118,0.009261,0.009261,,0.000000,,0.000118
HCM,Multi-territory MI (μ=1.7),63,All Regions,-1,Lateral,2,Diseased,MCMC,0.000686,,0.049305,0.834753,0.834753,1.000000,0.000686
HCM,Multi-territory MI (μ=1.7),63,All Regions,-1,Septal,3,Diseased,Point Estimate,0.023137,0.149991,0.149991,,0.000000,,0.023137
HCM,Multi-territory MI (μ=1.7),63,All Regions,-1,Septal,3,Diseased,MCMC,0.035358,,0.149078,1.823567,1.823567,1.000000,0.035358
HCM,Multi-territory MI (μ=1.7),63,All Regions,-1,Apical,4,Diseased,Point Estimate,0.001031,0.029832,0.029832,,0.000000,,0.001031
HCM,Multi-territory MI (μ=1.7),63,All Regions,-1,Apical,4,Diseased,MCMC,0.000072,,0.046124,0.740906,0.740906,1.000000,0.000072
HCM,Multi-territory MI (μ=1.7),64,All Regions,-1,Anterior,0,Diseased,Point Estimate,0.009252,0.095949,0.095949,,0.000000,,0.009252
HCM,Multi-territory MI (μ=1.7),64,All Regions,-1,Anterior,0,Diseased,MCMC,0.000583,,0.080145,1.312518,1.312518,1.000000,0.000583
HCM,Multi-territory MI (μ=1.7),64,All Regions,-1,Inferior,1,Diseased,Point Estimate,0.150049,0.378734,0.378734,,0.000000,,0.150049
HCM,Multi-territory MI (μ=1.7),64,All Regions,-1,Inferior,1,Diseased,MCMC,0.003913,,0.097111,1.621359,1.621359,1.000000,0.003913
HCM,Multi-territory MI (μ=1.7),64,All Regions,-1,Lateral,2,Diseased,Point Estimate,0.000605,0.023530,0.023530,,0.000000,,0.000605
HCM,Multi-territory MI (μ=1.7),64,All Regions,-1,Lateral,2,Diseased,MCMC,0.000055,,0.057148,0.883058,0.883058,1.000000,0.000055
HCM,Multi-territory MI (μ=1.7),64,All Regions,-1,Septal,3,Diseased,Point Estimate,0.015317,0.122170,0.122170,,0.000000,,0.015317
HCM,Multi-territory MI (μ=1.7),64,All Regions,-1,Septal,3,Diseased,MCMC,0.030548,,0.140921,1.777460,1.777460,1.000000,0.030548
HCM,Multi-territory MI (μ=1.7),64,All Regions,-1,Apical,4,Diseased,Point Estimate,0.002189,0.045849,0.045849,,0.000000,,0.002189
HCM,Multi-territory MI (μ=1.7),64,All Regions,-1,Apical,4,Diseased,MCMC,0.000108,,0.047714,0.763057,0.763057,1.000000,0.000108
HCM,Multi-territory MI (μ=1.7),65,All Regions,-1,Anterior,0,Diseased,Point Estimate,0.003301,0.057204,0.057204,,0.000000,,0.003301
HCM,Multi-territory MI (μ=1.7),65,All Regions,-1,Anterior,0,Diseased,MCMC,0.001112,,0.078844,1.227354,1.227354,1.000000,0.001112
HCM,Multi-territory MI (μ=1.7),65,All Regions,-1,Inferior,1,Diseased,Point Estimate,0.091619,0.289405,0.289405,,0.000000,,0.091619
HCM,Multi-territory MI (μ=1.7),65,All Regions,-1,Inferior,1,Diseased,MCMC,0.000297,,0.111713,2.010128,2.010128,1.000000,0.000297
HCM,Multi-territory MI (μ=1.7),65,All Regions,-1,Lateral,2,Diseased,Point Estimate,0.000180,0.010067,0.010067,,0.000000,,0.000180
HCM,Multi-territory MI (μ=1.7),65,All Regions,-1,Lateral,2,Diseased,MCMC,0.000748,,0.060736,0.987629,0.987629,1.000000,0.000748
HCM,Multi-territory MI (μ=1.7),65,All Regions,-1,Septal,3,Diseased,Point Estimate,0.003256,0.056237,0.056237,,0.000000,,0.003256
HCM,Multi-territory MI (μ=1.7),65,All Regions,-1,Septal,3,Diseased,MCMC,0.041371,,0.136447,1.648955,1.648955,1.000000,0.041371
HCM,Multi-territory MI (μ=1.7),65,All Regions,-1,Apical,4,Diseased,Point Estimate,0.000464,0.018508,0.018508,,0.000000,,0.000464
HCM,Multi-territory MI (μ=1.7),65,All Regions,-1,Apical,4,Diseased,MCMC,0.001387,,0.053462,0.884043,0.884043,1.000000,0.001387
HCM,Multi-territory MI (μ=1.7),66,All Regions,-1,Anterior,0,Diseased,Point Estimate,0.002972,0.054516,0.054516,,0.000000,,0.002972
HCM,Multi-territory MI (μ=1.7),66,All Regions,-1,Anterior,0,Diseased,MCMC,0.001365,,0.087711,1.381767,1.381767,1.000000,0.001365
HCM,Multi-territory MI (μ=1.7),66,All Regions,-1,Inferior,1,Diseased,Point Estimate,0.141742,0.369251,0.369251,,0.000000,,0.141742
HCM,Multi-territory MI (μ=1.7),66,All Regions,-1,Inferior,1,Diseased,MCMC,0.011556,,0.105435,1.631398,1.631398,1.000000,0.011556
HCM,Multi-territory MI (μ=1.7),66,All Regions,-1,Lateral,2,Diseased,Point Estimate,0.003732,0.060968,0.060968,,0.000000,,0.003732
HCM,Multi-territory MI (μ=1.7),66,All Regions,-1,Lateral,2,Diseased,MCMC,0.001424,,0.065973,1.015210,1.015210,1.000000,0.001424
HCM,Multi-territory MI (μ=1.7),66,All Regions,-1,Septal,3,Diseased,Point Estimate,0.035923,0.186204,0.186204,,0.000000,,0.035923
HCM,Multi-territory MI (μ=1.7),66,All Regions,-1,Septal,3,Diseased,MCMC,0.017864,,0.144329,2.059625,2.059625,1.000000,0.017864
HCM,Multi-territory MI (μ=1.7),66,All Regions,-1,Apical,4,Diseased,Point Estimate,0.003374,0.055280,0.055280,,0.000000,,0.003374
HCM,Multi-territory MI (μ=1.7),66,All Regions,-1,Apical,4,Diseased,MCMC,0.000889,,0.057624,0.968723,0.968723,1.000000,0.000889
HCM,Multi-territory MI (μ=1.7),67,All Regions,-1,Anterior,0,Diseased,Point Estimate,0.003583,0.059795,0.059795,,0.000000,,0.003583
HCM,Multi-territory MI (μ=1.7),67,All Regions,-1,Anterior,0,Diseased,MCMC,0.005053,,0.090257,1.346679,1.346679,1.000000,0.005053
HCM,Multi-territory MI (μ=1.7),67,All Regions,-1,Inferior,1,Diseased,Point Estimate,0.102367,0.306882,0.306882,,0.000000,,0.102367
HCM,Multi-territory MI (μ=1.7),67,All Regions,-1,Inferior,1,Diseased,MCMC,0.002858,,0.117869,2.024353,2.024353,1.000000,0.002858
HCM,Multi-territory MI (μ=1.7),67,All Regions,-1,Lateral,2,Diseased,Point Estimate,0.000193,0.013889,0.013889,,0.000000,,0.000193
HCM,Multi-territory MI (μ=1.7),67,All Regions,-1,Lateral,2,Diseased,MCMC,0.000624,,0.071877,1.105151,1.105151,1.000000,0.000624
HCM,Multi-territory MI (μ=1.7),67,All Regions,-1,Septal,3,Diseased,Point Estimate,0.015204,0.122361,0.122361,,0.000000,,0.015204
HCM,Multi-territory MI (μ=1.7),67,All Regions,-1,Septal,3,Diseased,MCMC,0.026693,,0.139811,1.799455,1.799455,1.000000,0.026693
HCM,Multi-territory MI (μ=1.7),67,All Regions,-1,Apical,4,Diseased,Point Estimate,0.002303,0.046746,0.046746,,0.000000,,0.002303
HCM,Multi-territory MI (μ=1.7),67,All Regions,-1,Apical,4,Diseased,MCMC,0.002648,,0.062322,0.951248,0.951248,1.000000,0.002648
HCM,Multi-territory MI (μ=1.7),68,All Regions,-1,Anterior,0,Diseased,Point Estimate,0.000214,0.014628,0.014628,,0.000000,,0.000214
HCM,Multi-territory MI (μ=1.7),68,All Regions,-1,Anterior,0,Diseased,MCMC,0.000544,,0.061995,0.962434,0.962434,1.000000,0.000544
HCM,Multi-territory MI (μ=1.7),68,All Regions,-1,Inferior,1,Diseased,Point Estimate,0.124466,0.344584,0.344584,,0.000000,,0.124466
HCM,Multi-territory MI (μ=1.7),68,All Regions,-1,Inferior,1,Diseased,MCMC,0.009246,,0.106856,1.507767,1.507767,1.000000,0.009246
HCM,Multi-territory MI (μ=1.7),68,All Regions,-1,Lateral,2,Diseased,Point Estimate,0.000217,0.013652,0.013652,,0.000000,,0.000217
HCM,Multi-territory MI (μ=1.7),68,All Regions,-1,Lateral,2,Diseased,MCMC,0.000907,,0.038080,0.580783,0.580783,1.000000,0.000907
HCM,Multi-territory MI (μ=1.7),68,All Regions,-1,Septal,3,Diseased,Point Estimate,0.023531,0.152367,0.152367,,0.000000,,0.023531
HCM,Multi-territory MI (μ=1.7),68,All Regions,-1,Septal,3,Diseased,MCMC,0.034197,,0.139160,1.871726,1.871726,1.000000,0.034197
HCM,Multi-territory MI (μ=1.7),68,All Regions,-1,Apical,4,Diseased,Point Estimate,0.002136,0.045164,0.045164,,0.000000,,0.002136
HCM,Multi-territory MI (μ=1.7),68,All Regions,-1,Apical,4,Diseased,MCMC,0.000036,,0.048558,0.789035,0.789035,1.000000,0.000036
HCM,Multi-territory MI (μ=1.7),69,All Regions,-1,Anterior,0,Diseased,Point Estimate,0.000183,0.013286,0.013286,,0.000000,,0.000183
HCM,Multi-territory MI (μ=1.7),69,All Regions,-1,Anterior,0,Diseased,MCMC,0.002513,,0.073802,1.112158,1.112158,1.000000,0.002513
HCM,Multi-territory MI (μ=1.7),69,All Regions,-1,Inferior,1,Diseased,Point Estimate,0.147480,0.372072,0.372072,,0.000000,,0.147480
HCM,Multi-territory MI (μ=1.7),69,All Regions,-1,Inferior,1,Diseased,MCMC,0.000013,,0.102190,1.536751,1.536751,1.000000,0.000013
HCM,Multi-territory MI (μ=1.7),69,All Regions,-1,Lateral,2,Diseased,Point Estimate,0.003996,0.063217,0.063217,,0.000000,,0.003996
HCM,Multi-territory MI (μ=1.7),69,All Regions,-1,Lateral,2,Diseased,MCMC,0.003452,,0.058747,0.915120,0.915120,1.000000,0.003452
HCM,Multi-territory MI (μ=1.7),69,All Regions,-1,Septal,3,Diseased,Point Estimate,0.004600,0.067100,0.067100,,0.000000,,0.004600
HCM,Multi-territory MI (μ=1.7),69,All Regions,-1,Septal,3,Diseased,MCMC,0.045873,,0.142395,1.607947,1.607947,1.000000,0.045873
HCM,Multi-territory MI (μ=1.7),69,All Regions,-1,Apical,4,Diseased,Point Estimate,0.000514,0.016628,0.016628,,0.000000,,0.000514
HCM,Multi-territory MI (μ=1.7),69,All Regions,-1,Apical,4,Diseased,MCMC,0.001088,,0.046269,0.730980,0.730980,1.000000,0.001088
HCM,Multi-territory MI (μ=1.7),70,All Regions,-1,Anterior,0,Diseased,Point Estimate,0.000529,0.022541,0.022541,,0.000000,,0.000529
HCM,Multi-territory MI (μ=1.7),70,All Regions,-1,Anterior,0,Diseased,MCMC,0.001772,,0.090602,1.321163,1.321163,1.000000,0.001772
HCM,Multi-territory MI (μ=1.7),70,All Regions,-1,Inferior,1,Diseased,Point Estimate,0.156614,0.388364,0.388364,,0.000000,,0.156614
HCM,Multi-territory MI (μ=1.7),70,All Regions,-1,Inferior,1,Diseased,MCMC,0.005630,,0.129913,2.329190,2.329190,1.000000,0.005630
HCM,Multi-territory MI (μ=1.7),70,All Regions,-1,Lateral,2,Diseased,Point Estimate,0.001277,0.035500,0.035500,,0.000000,,0.001277
HCM,Multi-territory MI (μ=1.7),70,All Regions,-1,Lateral,2,Diseased,MCMC,0.001192,,0.055168,0.874929,0.874929,1.000000,0.001192
HCM,Multi-territory MI (μ=1.7),70,All Regions,-1,Septal,3,Diseased,Point Estimate,0.001086,0.032950,0.032950,,0.000000,,0.001086
HCM,Multi-territory MI (μ=1.7),70,All Regions,-1,Septal,3,Diseased,MCMC,0.037763,,0.138078,1.669056,1.669056,1.000000,0.037763
HCM,Multi-territory MI (μ=1.7),70,All Regions,-1,Apical,4,Diseased,Point Estimate,0.000110,0.009403,0.009403,,0.000000,,0.000110
HCM,Multi-territory MI (μ=1.7),70,All Regions,-1,Apical,4,Diseased,MCMC,0.000768,,0.049246,0.758580,0.758580,1.000000,0.000768
HCM,Multi-territory MI (μ=1.7),71,All Regions,-1,Anterior,0,Diseased,Point Estimate,0.003393,0.058033,0.058033,,0.000000,,0.003393
HCM,Multi-territory MI (μ=1.7),71,All Regions,-1,Anterior,0,Diseased,MCMC,0.001285,,0.093836,1.418347,1.418347,1.000000,0.001285
HCM,Multi-territory MI (μ=1.7),71,All Regions,-1,Inferior,1,Diseased,Point Estimate,0.189404,0.428384,0.428384,,0.000000,,0.189404
HCM,Multi-territory MI (μ=1.7),71,All Regions,-1,Inferior,1,Diseased,MCMC,0.003550,,0.128401,2.146492,2.146492,1.000000,0.003550
HCM,Multi-territory MI (μ=1.7),71,All Regions,-1,Lateral,2,Diseased,Point Estimate,0.004004,0.063276,0.063276,,0.000000,,0.004004
HCM,Multi-territory MI (μ=1.7),71,All Regions,-1,Lateral,2,Diseased,MCMC,0.003771,,0.064126,0.996998,0.996998,1.000000,0.003771
HCM,Multi-territory MI (μ=1.7),71,All Regions,-1,Septal,3,Diseased,Point Estimate,0.003001,0.054779,0.054779,,0.000000,,0.003001
HCM,Multi-territory MI (μ=1.7),71,All Regions,-1,Septal,3,Diseased,MCMC,0.028189,,0.120470,1.592044,1.592044,1.000000,0.028189
HCM,Multi-territory MI (μ=1.7),71,All Regions,-1,Apical,4,Diseased,Point Estimate,0.004865,0.069718,0.069718,,0.000000,,0.004865
HCM,Multi-territory MI (μ=1.7),71,All Regions,-1,Apical,4,Diseased,MCMC,0.001276,,0.051400,0.782011,0.782011,1.000000,0.001276
HCM,Multi-territory MI (μ=1.7),72,All Regions,-1,Anterior,0,Diseased,Point Estimate,0.005726,0.075542,0.075542,,0.000000,,0.005726
HCM,Multi-territory MI (μ=1.7),72,All Regions,-1,Anterior,0,Diseased,MCMC,0.002945,,0.078376,1.178573,1.178573,1.000000,0.002945
HCM,Multi-territory MI (μ=1.7),72,All Regions,-1,Inferior,1,Diseased,Point Estimate,0.152016,0.380946,0.380946,,0.000000,,0.152016
HCM,Multi-territory MI (μ=1.7),72,All Regions,-1,Inferior,1,Diseased,MCMC,0.001712,,0.106554,1.911403,1.911403,1.000000,0.001712
HCM,Multi-territory MI (μ=1.7),72,All Regions,-1,Lateral,2,Diseased,Point Estimate,0.003308,0.057249,0.057249,,0.000000,,0.003308
HCM,Multi-territory MI (μ=1.7),72,All Regions,-1,Lateral,2,Diseased,MCMC,0.004622,,0.067395,1.040850,1.040850,1.000000,0.004622
HCM,Multi-territory MI (μ=1.7),72,All Regions,-1,Septal,3,Diseased,Point Estimate,0.001056,0.031968,0.031968,,0.000000,,0.001056
HCM,Multi-territory MI (μ=1.7),72,All Regions,-1,Septal,3,Diseased,MCMC,0.059561,,0.156271,1.618807,1.618807,1.000000,0.059561
HCM,Multi-territory MI (μ=1.7),72,All Regions,-1,Apical,4,Diseased,Point Estimate,0.000552,0.019734,0.019734,,0.000000,,0.000552
HCM,Multi-territory MI (μ=1.7),72,All Regions,-1,Apical,4,Diseased,MCMC,0.000610,,0.045126,0.719339,0.719339,1.000000,0.000610
HCM,Multi-territory MI (μ=1.7),73,All Regions,-1,Anterior,0,Diseased,Point Estimate,0.002485,0.049770,0.049770,,0.000000,,0.002485
HCM,Multi-territory MI (μ=1.7),73,All Regions,-1,Anterior,0,Diseased,MCMC,0.000235,,0.068389,1.077156,1.077156,1.000000,0.000235
HCM,Multi-territory MI (μ=1.7),73,All Regions,-1,Inferior,1,Diseased,Point Estimate,0.272779,0.512862,0.512862,,0.000000,,0.272779
HCM,Multi-territory MI (μ=1.7),73,All Regions,-1,Inferior,1,Diseased,MCMC,0.001114,,0.103409,1.937746,1.937746,1.000000,0.001114
HCM,Multi-territory MI (μ=1.7),73,All Regions,-1,Lateral,2,Diseased,Point Estimate,0.005078,0.071169,0.071169,,0.000000,,0.005078
HCM,Multi-territory MI (μ=1.7),73,All Regions,-1,Lateral,2,Diseased,MCMC,0.001181,,0.052571,0.814734,0.814734,1.000000,0.001181
HCM,Multi-territory MI (μ=1.7),73,All Regions,-1,Septal,3,Diseased,Point Estimate,0.048656,0.215090,0.215090,,0.000000,,0.048656
HCM,Multi-territory MI (μ=1.7),73,All Regions,-1,Septal,3,Diseased,MCMC,0.031479,,0.134962,1.772455,1.772455,1.000000,0.031479
HCM,Multi-territory MI (μ=1.7),73,All Regions,-1,Apical,4,Diseased,Point Estimate,0.001054,0.024149,0.024149,,0.000000,,0.001054
HCM,Multi-territory MI (μ=1.7),73,All Regions,-1,Apical,4,Diseased,MCMC,0.000221,,0.036976,0.579072,0.579072,1.000000,0.000221
HCM,Multi-territory MI (μ=1.7),74,All Regions,-1,Anterior,0,Diseased,Point Estimate,0.003387,0.058157,0.058157,,0.000000,,0.003387
HCM,Multi-territory MI (μ=1.7),74,All Regions,-1,Anterior,0,Diseased,MCMC,0.002560,,0.074340,1.144085,1.144085,1.000000,0.002560
HCM,Multi-territory MI (μ=1.7),74,All Regions,-1,Inferior,1,Diseased,Point Estimate,0.073475,0.269137,0.269137,,0.000000,,0.073475
HCM,Multi-territory MI (μ=1.7),74,All Regions,-1,Inferior,1,Diseased,MCMC,0.018722,,0.124095,1.648769,1.648769,1.000000,0.018722
HCM,Multi-territory MI (μ=1.7),74,All Regions,-1,Lateral,2,Diseased,Point Estimate,0.002232,0.045860,0.045860,,0.000000,,0.002232
HCM,Multi-territory MI (μ=1.7),74,All Regions,-1,Lateral,2,Diseased,MCMC,0.000779,,0.053194,0.855542,0.855542,1.000000,0.000779
HCM,Multi-territory MI (μ=1.7),74,All Regions,-1,Septal,3,Diseased,Point Estimate,0.000358,0.018798,0.018798,,0.000000,,0.000358
HCM,Multi-territory MI (μ=1.7),74,All Regions,-1,Septal,3,Diseased,MCMC,0.056755,,0.147489,1.508066,1.508066,1.000000,0.056755
HCM,Multi-territory MI (μ=1.7),74,All Regions,-1,Apical,4,Diseased,Point Estimate,0.000313,0.015388,0.015388,,0.000000,,0.000313
HCM,Multi-territory MI (μ=1.7),74,All Regions,-1,Apical,4,Diseased,MCMC,0.000484,,0.050347,0.799308,0.799308,1.000000,0.000484
HCM,Multi-territory MI (μ=1.7),75,All Regions,-1,Anterior,0,Diseased,Point Estimate,0.001540,0.039011,0.039011,,0.000000,,0.001540
HCM,Multi-territory MI (μ=1.7),75,All Regions,-1,Anterior,0,Diseased,MCMC,0.000169,,0.065431,1.058142,1.058142,1.000000,0.000169
HCM,Multi-territory MI (μ=1.7),75,All Regions,-1,Inferior,1,Diseased,Point Estimate,0.118460,0.334044,0.334044,,0.000000,,0.118460
HCM,Multi-territory MI (μ=1.7),75,All Regions,-1,Inferior,1,Diseased,MCMC,0.013032,,0.139809,2.156963,2.156963,1.000000,0.013032
HCM,Multi-territory MI (μ=1.7),75,All Regions,-1,Lateral,2,Diseased,Point Estimate,0.003206,0.056379,0.056379,,0.000000,,0.003206
HCM,Multi-territory MI (μ=1.7),75,All Regions,-1,Lateral,2,Diseased,MCMC,0.008537,,0.073470,0.978601,0.978601,1.000000,0.008537
HCM,Multi-territory MI (μ=1.7),75,All Regions,-1,Septal,3,Diseased,Point Estimate,0.007337,0.084375,0.084375,,0.000000,,0.007337
HCM,Multi-territory MI (μ=1.7),75,All Regions,-1,Septal,3,Diseased,MCMC,0.023868,,0.110096,1.446787,1.446787,1.000000,0.023868
HCM,Multi-territory MI (μ=1.7),75,All Regions,-1,Apical,4,Diseased,Point Estimate,0.001992,0.044465,0.044465,,0.000000,,0.001992
HCM,Multi-territory MI (μ=1.7),75,All Regions,-1,Apical,4,Diseased,MCMC,0.000549,,0.041401,0.647699,0.647699,1.000000,0.000549
HCM,Multi-territory MI (μ=1.7),76,All Regions,-1,Anterior,0,Diseased,Point Estimate,0.027152,0.164414,0.164414,,0.000000,,0.027152
HCM,Multi-territory MI (μ=1.7),76,All Regions,-1,Anterior,0,Diseased,MCMC,0.000365,,0.086247,1.330325,1.330325,1.000000,0.000365
HCM,Multi-territory MI (μ=1.7),76,All Regions,-1,Inferior,1,Diseased,Point Estimate,0.201861,0.433885,0.433885,,0.000000,,0.201861
HCM,Multi-territory MI (μ=1.7),76,All Regions,-1,Inferior,1,Diseased,MCMC,0.000392,,0.102190,1.653324,1.653324,1.000000,0.000392
HCM,Multi-territory MI (μ=1.7),76,All Regions,-1,Lateral,2,Diseased,Point Estimate,0.006350,0.079399,0.079399,,0.000000,,0.006350
HCM,Multi-territory MI (μ=1.7),76,All Regions,-1,Lateral,2,Diseased,MCMC,0.001274,,0.053548,0.878707,0.878707,1.000000,0.001274
HCM,Multi-territory MI (μ=1.7),76,All Regions,-1,Septal,3,Diseased,Point Estimate,0.042250,0.202801,0.202801,,0.000000,,0.042250
HCM,Multi-territory MI (μ=1.7),76,All Regions,-1,Septal,3,Diseased,MCMC,0.016795,,0.132037,1.870536,1.870536,1.000000,0.016795
HCM,Multi-territory MI (μ=1.7),76,All Regions,-1,Apical,4,Diseased,Point Estimate,0.001272,0.031716,0.031716,,0.000000,,0.001272
HCM,Multi-territory MI (μ=1.7),76,All Regions,-1,Apical,4,Diseased,MCMC,0.001199,,0.041300,0.656731,0.656731,1.000000,0.001199
HCM,Multi-territory MI (μ=1.7),77,All Regions,-1,Anterior,0,Diseased,Point Estimate,0.001046,0.031122,0.031122,,0.000000,,0.001046
HCM,Multi-territory MI (μ=1.7),77,All Regions,-1,Anterior,0,Diseased,MCMC,0.000232,,0.067322,1.105589,1.105589,1.000000,0.000232
HCM,Multi-territory MI (μ=1.7),77,All Regions,-1,Inferior,1,Diseased,Point Estimate,0.183221,0.418013,0.418013,,0.000000,,0.183221
HCM,Multi-territory MI (μ=1.7),77,All Regions,-1,Inferior,1,Diseased,MCMC,0.000212,,0.117594,2.029420,2.029420,1.000000,0.000212
HCM,Multi-territory MI (μ=1.7),77,All Regions,-1,Lateral,2,Diseased,Point Estimate,0.000645,0.024365,0.024365,,0.000000,,0.000645
HCM,Multi-territory MI (μ=1.7),77,All Regions,-1,Lateral,2,Diseased,MCMC,0.000699,,0.051077,0.817164,0.817164,1.000000,0.000699
HCM,Multi-territory MI (μ=1.7),77,All Regions,-1,Septal,3,Diseased,Point Estimate,0.004365,0.065522,0.065522,,0.000000,,0.004365
HCM,Multi-territory MI (μ=1.7),77,All Regions,-1,Septal,3,Diseased,MCMC,0.021495,,0.107061,1.495123,1.495123,1.000000,0.021495
HCM,Multi-territory MI (μ=1.7),77,All Regions,-1,Apical,4,Diseased,Point Estimate,0.000209,0.011137,0.011137,,0.000000,,0.000209
HCM,Multi-territory MI (μ=1.7),77,All Regions,-1,Apical,4,Diseased,MCMC,0.003041,,0.051472,0.747438,0.747438,1.000000,0.003041
HCM,Multi-territory MI (μ=1.7),78,All Regions,-1,Anterior,0,Diseased,Point Estimate,0.009202,0.095606,0.095606,,0.000000,,0.009202
HCM,Multi-territory MI (μ=1.7),78,All Regions,-1,Anterior,0,Diseased,MCMC,0.001916,,0.086609,1.215135,1.215135,1.000000,0.001916
HCM,Multi-territory MI (μ=1.7),78,All Regions,-1,Inferior,1,Diseased,Point Estimate,0.155398,0.382450,0.382450,,0.000000,,0.155398
HCM,Multi-territory MI (μ=1.7),78,All Regions,-1,Inferior,1,Diseased,MCMC,0.003313,,0.107371,1.714481,1.714481,1.000000,0.003313
HCM,Multi-territory MI (μ=1.7),78,All Regions,-1,Lateral,2,Diseased,Point Estimate,0.001346,0.036302,0.036302,,0.000000,,0.001346
HCM,Multi-territory MI (μ=1.7),78,All Regions,-1,Lateral,2,Diseased,MCMC,0.000205,,0.045227,0.791026,0.791026,1.000000,0.000205
HCM,Multi-territory MI (μ=1.7),78,All Regions,-1,Septal,3,Diseased,Point Estimate,0.016527,0.126603,0.126603,,0.000000,,0.016527
HCM,Multi-territory MI (μ=1.7),78,All Regions,-1,Septal,3,Diseased,MCMC,0.044338,,0.144937,1.720960,1.720960,1.000000,0.044338
HCM,Multi-territory MI (μ=1.7),78,All Regions,-1,Apical,4,Diseased,Point Estimate,0.000092,0.007378,0.007378,,0.000000,,0.000092
HCM,Multi-territory MI (μ=1.7),78,All Regions,-1,Apical,4,Diseased,MCMC,0.000319,,0.047276,0.742023,0.742023,1.000000,0.000319
HCM,Multi-territory MI (μ=1.7),79,All Regions,-1,Anterior,0,Diseased,Point Estimate,0.006297,0.079156,0.079156,,0.000000,,0.006297
HCM,Multi-territory MI (μ=1.7),79,All Regions,-1,Anterior,0,Diseased,MCMC,0.000594,,0.088185,1.350362,1.350362,1.000000,0.000594
HCM,Multi-territory MI (μ=1.7),79,All Regions,-1,Inferior,1,Diseased,Point Estimate,0.167852,0.402166,0.402166,,0.000000,,0.167852
HCM,Multi-territory MI (μ=1.7),79,All Regions,-1,Inferior,1,Diseased,MCMC,0.025695,,0.132277,2.036065,2.036065,1.000000,0.025695
HCM,Multi-territory MI (μ=1.7),79,All Regions,-1,Lateral,2,Diseased,Point Estimate,0.007569,0.086892,0.086892,,0.000000,,0.007569
HCM,Multi-territory MI (μ=1.7),79,All Regions,-1,Lateral,2,Diseased,MCMC,0.001764,,0.061543,0.990237,0.990237,1.000000,0.001764
HCM,Multi-territory MI (μ=1.7),79,All Regions,-1,Septal,3,Diseased,Point Estimate,0.020538,0.141494,0.141494,,0.000000,,0.020538
HCM,Multi-territory MI (μ=1.7),79,All Regions,-1,Septal,3,Diseased,MCMC,0.044942,,0.152285,1.902856,1.902856,1.000000,0.044942
HCM,Multi-territory MI (μ=1.7),79,All Regions,-1,Apical,4,Diseased,Point Estimate,0.000048,0.006660,0.006660,,0.000000,,0.000048
HCM,Multi-territory MI (μ=1.7),79,All Regions,-1,Apical,4,Diseased,MCMC,0.000061,,0.039468,0.607273,0.607273,1.000000,0.000061
HCM,Multi-territory MI (μ=1.7),80,All Regions,-1,Anterior,0,Diseased,Point Estimate,0.007769,0.087252,0.087252,,0.000000,,0.007769
HCM,Multi-territory MI (μ=1.7),80,All Regions,-1,Anterior,0,Diseased,MCMC,0.005249,,0.095681,1.402500,1.402500,1.000000,0.005249
HCM,Multi-territory MI (μ=1.7),80,All Regions,-1,Inferior,1,Diseased,Point Estimate,0.162514,0.394554,0.394554,,0.000000,,0.162514
HCM,Multi-territory MI (μ=1.7),80,All Regions,-1,Inferior,1,Diseased,MCMC,0.001186,,0.122324,1.977295,1.977295,1.000000,0.001186
HCM,Multi-territory MI (μ=1.7),80,All Regions,-1,Lateral,2,Diseased,Point Estimate,0.000308,0.014626,0.014626,,0.000000,,0.000308
HCM,Multi-territory MI (μ=1.7),80,All Regions,-1,Lateral,2,Diseased,MCMC,0.000155,,0.045644,0.768657,0.768657,1.000000,0.000155
HCM,Multi-territory MI (μ=1.7),80,All Regions,-1,Septal,3,Diseased,Point Estimate,0.009205,0.095578,0.095578,,0.000000,,0.009205
HCM,Multi-territory MI (μ=1.7),80,All Regions,-1,Septal,3,Diseased,MCMC,0.007450,,0.088374,1.386940,1.386940,1.000000,0.007450
HCM,Multi-territory MI (μ=1.7),80,All Regions,-1,Apical,4,Diseased,Point Estimate,0.012973,0.113334,0.113334,,0.000000,,0.012973
HCM,Multi-territory MI (μ=1.7),80,All Regions,-1,Apical,4,Diseased,MCMC,0.001631,,0.052242,0.782963,0.782963,1.000000,0.001631
HCM,Multi-territory MI (μ=1.7),81,All Regions,-1,Anterior,0,Diseased,Point Estimate,0.005059,0.070699,0.070699,,0.000000,,0.005059
HCM,Multi-territory MI (μ=1.7),81,All Regions,-1,Anterior,0,Diseased,MCMC,0.002055,,0.087190,1.322949,1.322949,1.000000,0.002055
HCM,Multi-territory MI (μ=1.7),81,All Regions,-1,Inferior,1,Diseased,Point Estimate,0.138137,0.361534,0.361534,,0.000000,,0.138137
HCM,Multi-territory MI (μ=1.7),81,All Regions,-1,Inferior,1,Diseased,MCMC,0.006758,,0.148221,2.495996,2.495996,1.000000,0.006758
HCM,Multi-territory MI (μ=1.7),81,All Regions,-1,Lateral,2,Diseased,Point Estimate,0.000299,0.017249,0.017249,,0.000000,,0.000299
HCM,Multi-territory MI (μ=1.7),81,All Regions,-1,Lateral,2,Diseased,MCMC,0.000664,,0.061453,1.026573,1.026573,1.000000,0.000664
HCM,Multi-territory MI (μ=1.7),81,All Regions,-1,Septal,3,Diseased,Point Estimate,0.005762,0.074381,0.074381,,0.000000,,0.005762
HCM,Multi-territory MI (μ=1.7),81,All Regions,-1,Septal,3,Diseased,MCMC,0.025853,,0.129848,1.673893,1.673893,1.000000,0.025853
HCM,Multi-territory MI (μ=1.7),81,All Regions,-1,Apical,4,Diseased,Point Estimate,0.001649,0.038722,0.038722,,0.000000,,0.001649
HCM,Multi-territory MI (μ=1.7),81,All Regions,-1,Apical,4,Diseased,MCMC,0.000604,,0.053759,0.929738,0.929738,1.000000,0.000604
HCM,Multi-territory MI (μ=1.7),82,All Regions,-1,Anterior,0,Diseased,Point Estimate,0.004021,0.063402,0.063402,,0.000000,,0.004021
HCM,Multi-territory MI (μ=1.7),82,All Regions,-1,Anterior,0,Diseased,MCMC,0.001062,,0.073449,1.115227,1.115227,1.000000,0.001062
HCM,Multi-territory MI (μ=1.7),82,All Regions,-1,Inferior,1,Diseased,Point Estimate,0.135093,0.361009,0.361009,,0.000000,,0.135093
HCM,Multi-territory MI (μ=1.7),82,All Regions,-1,Inferior,1,Diseased,MCMC,0.004465,,0.110707,1.840842,1.840842,1.000000,0.004465
HCM,Multi-territory MI (μ=1.7),82,All Regions,-1,Lateral,2,Diseased,Point Estimate,0.002273,0.047675,0.047675,,0.000000,,0.002273
HCM,Multi-territory MI (μ=1.7),82,All Regions,-1,Lateral,2,Diseased,MCMC,0.000062,,0.046775,0.734459,0.734459,1.000000,0.000062
HCM,Multi-territory MI (μ=1.7),82,All Regions,-1,Septal,3,Diseased,Point Estimate,0.003803,0.058049,0.058049,,0.000000,,0.003803
HCM,Multi-territory MI (μ=1.7),82,All Regions,-1,Septal,3,Diseased,MCMC,0.061569,,0.155898,1.705977,1.705977,1.000000,0.061569
HCM,Multi-territory MI (μ=1.7),82,All Regions,-1,Apical,4,Diseased,Point Estimate,0.000226,0.013701,0.013701,,0.000000,,0.000226
HCM,Multi-territory MI (μ=1.7),82,All Regions,-1,Apical,4,Diseased,MCMC,0.000033,,0.039439,0.626162,0.626162,1.000000,0.000033
HCM,Multi-territory MI (μ=1.7),83,All Regions,-1,Anterior,0,Diseased,Point Estimate,0.022618,0.149940,0.149940,,0.000000,,0.022618
HCM,Multi-territory MI (μ=1.7),83,All Regions,-1,Anterior,0,Diseased,MCMC,0.000292,,0.078916,1.218289,1.218289,1.000000,0.000292
HCM,Multi-territory MI (μ=1.7),83,All Regions,-1,Inferior,1,Diseased,Point Estimate,0.243033,0.483433,0.483433,,0.000000,,0.243033
HCM,Multi-territory MI (μ=1.7),83,All Regions,-1,Inferior,1,Diseased,MCMC,0.027371,,0.152868,2.322146,2.322146,1.000000,0.027371
HCM,Multi-territory MI (μ=1.7),83,All Regions,-1,Lateral,2,Diseased,Point Estimate,0.009233,0.095957,0.095957,,0.000000,,0.009233
HCM,Multi-territory MI (μ=1.7),83,All Regions,-1,Lateral,2,Diseased,MCMC,0.001001,,0.062416,1.008755,1.008755,1.000000,0.001001
HCM,Multi-territory MI (μ=1.7),83,All Regions,-1,Septal,3,Diseased,Point Estimate,0.088879,0.288295,0.288295,,0.000000,,0.088879
HCM,Multi-territory MI (μ=1.7),83,All Regions,-1,Septal,3,Diseased,MCMC,0.012623,,0.114500,1.584482,1.584482,1.000000,0.012623
HCM,Multi-territory MI (μ=1.7),83,All Regions,-1,Apical,4,Diseased,Point Estimate,0.002554,0.049897,0.049897,,0.000000,,0.002554
HCM,Multi-territory MI (μ=1.7),83,All Regions,-1,Apical,4,Diseased,MCMC,0.001144,,0.046550,0.725810,0.725810,1.000000,0.001144
HCM,Multi-territory MI (μ=1.7),84,All Regions,-1,Anterior,0,Diseased,Point Estimate,0.006693,0.081779,0.081779,,0.000000,,0.006693
HCM,Multi-territory MI (μ=1.7),84,All Regions,-1,Anterior,0,Diseased,MCMC,0.001160,,0.088647,1.316413,1.316413,1.000000,0.001160
HCM,Multi-territory MI (μ=1.7),84,All Regions,-1,Inferior,1,Diseased,Point Estimate,0.218253,0.458617,0.458617,,0.000000,,0.218253
HCM,Multi-territory MI (μ=1.7),84,All Regions,-1,Inferior,1,Diseased,MCMC,0.002743,,0.119729,2.027205,2.027205,1.000000,0.002743
HCM,Multi-territory MI (μ=1.7),84,All Regions,-1,Lateral,2,Diseased,Point Estimate,0.001974,0.044146,0.044146,,0.000000,,0.001974
HCM,Multi-territory MI (μ=1.7),84,All Regions,-1,Lateral,2,Diseased,MCMC,0.000022,,0.051424,0.866222,0.866222,1.000000,0.000022
HCM,Multi-territory MI (μ=1.7),84,All Regions,-1,Septal,3,Diseased,Point Estimate,0.012974,0.113568,0.113568,,0.000000,,0.012974
HCM,Multi-territory MI (μ=1.7),84,All Regions,-1,Septal,3,Diseased,MCMC,0.022643,,0.129909,1.722906,1.722906,1.000000,0.022643
HCM,Multi-territory MI (μ=1.7),84,All Regions,-1,Apical,4,Diseased,Point Estimate,0.000075,0.008450,0.008450,,0.000000,,0.000075
HCM,Multi-territory MI (μ=1.7),84,All Regions,-1,Apical,4,Diseased,MCMC,0.000361,,0.046737,0.749030,0.749030,1.000000,0.000361
HCM,Multi-territory MI (μ=1.7),85,All Regions,-1,Anterior,0,Diseased,Point Estimate,0.000029,0.003845,0.003845,,0.000000,,0.000029
HCM,Multi-territory MI (μ=1.7),85,All Regions,-1,Anterior,0,Diseased,MCMC,0.001206,,0.071503,1.043482,1.043482,1.000000,0.001206
HCM,Multi-territory MI (μ=1.7),85,All Regions,-1,Inferior,1,Diseased,Point Estimate,0.180285,0.419232,0.419232,,0.000000,,0.180285
HCM,Multi-territory MI (μ=1.7),85,All Regions,-1,Inferior,1,Diseased,MCMC,0.015371,,0.125347,1.811012,1.811012,1.000000,0.015371
HCM,Multi-territory MI (μ=1.7),85,All Regions,-1,Lateral,2,Diseased,Point Estimate,0.000175,0.009795,0.009795,,0.000000,,0.000175
HCM,Multi-territory MI (μ=1.7),85,All Regions,-1,Lateral,2,Diseased,MCMC,0.001147,,0.039982,0.647040,0.647040,1.000000,0.001147
HCM,Multi-territory MI (μ=1.7),85,All Regions,-1,Septal,3,Diseased,Point Estimate,0.012794,0.110389,0.110389,,0.000000,,0.012794
HCM,Multi-territory MI (μ=1.7),85,All Regions,-1,Septal,3,Diseased,MCMC,0.041043,,0.135723,1.583306,1.583306,1.000000,0.041043
HCM,Multi-territory MI (μ=1.7),85,All Regions,-1,Apical,4,Diseased,Point Estimate,0.001140,0.031201,0.031201,,0.000000,,0.001140
HCM,Multi-territory MI (μ=1.7),85,All Regions,-1,Apical,4,Diseased,MCMC,0.000015,,0.048991,0.802245,0.802245,1.000000,0.000015
HCM,Multi-territory MI (μ=1.7),86,All Regions,-1,Anterior,0,Diseased,Point Estimate,0.001653,0.039185,0.039185,,0.000000,,0.001653
HCM,Multi-territory MI (μ=1.7),86,All Regions,-1,Anterior,0,Diseased,MCMC,0.001871,,0.062970,1.008781,1.008781,1.000000,0.001871
HCM,Multi-territory MI (μ=1.7),86,All Regions,-1,Inferior,1,Diseased,Point Estimate,0.181853,0.417954,0.417954,,0.000000,,0.181853
HCM,Multi-territory MI (μ=1.7),86,All Regions,-1,Inferior,1,Diseased,MCMC,0.000758,,0.104017,1.865022,1.865022,1.000000,0.000758
HCM,Multi-territory MI (μ=1.7),86,All Regions,-1,Lateral,2,Diseased,Point Estimate,0.005857,0.076211,0.076211,,0.000000,,0.005857
HCM,Multi-territory MI (μ=1.7),86,All Regions,-1,Lateral,2,Diseased,MCMC,0.006316,,0.062505,0.859659,0.859659,1.000000,0.006316
HCM,Multi-territory MI (μ=1.7),86,All Regions,-1,Septal,3,Diseased,Point Estimate,0.004754,0.067976,0.067976,,0.000000,,0.004754
HCM,Multi-territory MI (μ=1.7),86,All Regions,-1,Septal,3,Diseased,MCMC,0.035238,,0.120802,1.435265,1.435265,1.000000,0.035238
HCM,Multi-territory MI (μ=1.7),86,All Regions,-1,Apical,4,Diseased,Point Estimate,0.000349,0.017690,0.017690,,0.000000,,0.000349
HCM,Multi-territory MI (μ=1.7),86,All Regions,-1,Apical,4,Diseased,MCMC,0.000022,,0.037871,0.618227,0.618227,1.000000,0.000022
HCM,Multi-territory MI (μ=1.7),87,All Regions,-1,Anterior,0,Diseased,Point Estimate,0.005141,0.068869,0.068869,,0.000000,,0.005141
HCM,Multi-territory MI (μ=1.7),87,All Regions,-1,Anterior,0,Diseased,MCMC,0.000058,,0.044805,0.784568,0.784568,1.000000,0.000058
HCM,Multi-territory MI (μ=1.7),87,All Regions,-1,Inferior,1,Diseased,Point Estimate,0.121493,0.332855,0.332855,,0.000000,,0.121493
HCM,Multi-territory MI (μ=1.7),87,All Regions,-1,Inferior,1,Diseased,MCMC,0.000235,,0.110125,2.023533,2.023533,1.000000,0.000235
HCM,Multi-territory MI (μ=1.7),87,All Regions,-1,Lateral,2,Diseased,Point Estimate,0.000104,0.009715,0.009715,,0.000000,,0.000104
HCM,Multi-territory MI (μ=1.7),87,All Regions,-1,Lateral,2,Diseased,MCMC,0.003399,,0.065107,0.959961,0.959961,1.000000,0.003399
HCM,Multi-territory MI (μ=1.7),87,All Regions,-1,Septal,3,Diseased,Point Estimate,0.010568,0.101650,0.101650,,0.000000,,0.010568
HCM,Multi-territory MI (μ=1.7),87,All Regions,-1,Septal,3,Diseased,MCMC,0.047438,,0.146772,1.733364,1.733364,1.000000,0.047438
HCM,Multi-territory MI (μ=1.7),87,All Regions,-1,Apical,4,Diseased,Point Estimate,0.001525,0.038052,0.038052,,0.000000,,0.001525
HCM,Multi-territory MI (μ=1.7),87,All Regions,-1,Apical,4,Diseased,MCMC,0.000241,,0.043291,0.717708,0.717708,1.000000,0.000241
HCM,Multi-territory MI (μ=1.7),88,All Regions,-1,Anterior,0,Diseased,Point Estimate,0.004364,0.066001,0.066001,,0.000000,,0.004364
HCM,Multi-territory MI (μ=1.7),88,All Regions,-1,Anterior,0,Diseased,MCMC,0.000037,,0.075097,1.132983,1.132983,1.000000,0.000037
HCM,Multi-territory MI (μ=1.7),88,All Regions,-1,Inferior,1,Diseased,Point Estimate,0.231617,0.469718,0.469718,,0.000000,,0.231617
HCM,Multi-territory MI (μ=1.7),88,All Regions,-1,Inferior,1,Diseased,MCMC,0.001938,,0.127978,2.269693,2.269693,1.000000,0.001938
HCM,Multi-territory MI (μ=1.7),88,All Regions,-1,Lateral,2,Diseased,Point Estimate,0.000374,0.016883,0.016883,,0.000000,,0.000374
HCM,Multi-territory MI (μ=1.7),88,All Regions,-1,Lateral,2,Diseased,MCMC,0.000625,,0.056189,0.918648,0.918648,1.000000,0.000625
HCM,Multi-territory MI (μ=1.7),88,All Regions,-1,Septal,3,Diseased,Point Estimate,0.034217,0.181255,0.181255,,0.000000,,0.034217
HCM,Multi-territory MI (μ=1.7),88,All Regions,-1,Septal,3,Diseased,MCMC,0.013918,,0.116039,1.608622,1.608622,1.000000,0.013918
HCM,Multi-territory MI (μ=1.7),88,All Regions,-1,Apical,4,Diseased,Point Estimate,0.003014,0.053215,0.053215,,0.000000,,0.003014
HCM,Multi-territory MI (μ=1.7),88,All Regions,-1,Apical,4,Diseased,MCMC,0.001063,,0.061540,0.912359,0.912359,1.000000,0.001063
HCM,Multi-territory MI (μ=1.7),89,All Regions,-1,Anterior,0,Diseased,Point Estimate,0.001255,0.035330,0.035330,,0.000000,,0.001255
HCM,Multi-territory MI (μ=1.7),89,All Regions,-1,Anterior,0,Diseased,MCMC,0.000673,,0.083200,1.294382,1.294382,1.000000,0.000673
HCM,Multi-territory MI (μ=1.7),89,All Regions,-1,Inferior,1,Diseased,Point Estimate,0.209128,0.449279,0.449279,,0.000000,,0.209128
HCM,Multi-territory MI (μ=1.7),89,All Regions,-1,Inferior,1,Diseased,MCMC,0.003057,,0.121980,2.001633,2.001633,1.000000,0.003057
HCM,Multi-territory MI (μ=1.7),89,All Regions,-1,Lateral,2,Diseased,Point Estimate,0.002104,0.045867,0.045867,,0.000000,,0.002104
HCM,Multi-territory MI (μ=1.7),89,All Regions,-1,Lateral,2,Diseased,MCMC,0.000889,,0.055705,0.857832,0.857832,1.000000,0.000889
HCM,Multi-territory MI (μ=1.7),89,All Regions,-1,Septal,3,Diseased,Point Estimate,0.004771,0.068770,0.068770,,0.000000,,0.004771
HCM,Multi-territory MI (μ=1.7),89,All Regions,-1,Septal,3,Diseased,MCMC,0.026573,,0.115722,1.521361,1.521361,1.000000,0.026573
HCM,Multi-territory MI (μ=1.7),89,All Regions,-1,Apical,4,Diseased,Point Estimate,0.000461,0.021233,0.021233,,0.000000,,0.000461
HCM,Multi-territory MI (μ=1.7),89,All Regions,-1,Apical,4,Diseased,MCMC,0.001706,,0.049996,0.770784,0.770784,1.000000,0.001706
HCM,Multi-territory MI (μ=1.7),90,All Regions,-1,Anterior,0,Diseased,Point Estimate,0.000171,0.010551,0.010551,,0.000000,,0.000171
HCM,Multi-territory MI (μ=1.7),90,All Regions,-1,Anterior,0,Diseased,MCMC,0.000122,,0.076762,1.173352,1.173352,1.000000,0.000122
HCM,Multi-territory MI (μ=1.7),90,All Regions,-1,Inferior,1,Diseased,Point Estimate,0.228864,0.465782,0.465782,,0.000000,,0.228864
HCM,Multi-territory MI (μ=1.7),90,All Regions,-1,Inferior,1,Diseased,MCMC,0.000476,,0.116467,2.011757,2.011757,1.000000,0.000476
HCM,Multi-territory MI (μ=1.7),90,All Regions,-1,Lateral,2,Diseased,Point Estimate,0.001984,0.043723,0.043723,,0.000000,,0.001984
HCM,Multi-territory MI (μ=1.7),90,All Regions,-1,Lateral,2,Diseased,MCMC,0.000493,,0.053909,0.873129,0.873129,1.000000,0.000493
HCM,Multi-territory MI (μ=1.7),90,All Regions,-1,Septal,3,Diseased,Point Estimate,0.016288,0.127472,0.127472,,0.000000,,0.016288
HCM,Multi-territory MI (μ=1.7),90,All Regions,-1,Septal,3,Diseased,MCMC,0.058678,,0.158276,1.773528,1.773528,1.000000,0.058678
HCM,Multi-territory MI (μ=1.7),90,All Regions,-1,Apical,4,Diseased,Point Estimate,0.000149,0.009323,0.009323,,0.000000,,0.000149
HCM,Multi-territory MI (μ=1.7),90,All Regions,-1,Apical,4,Diseased,MCMC,0.001470,,0.048846,0.749911,0.749911,1.000000,0.001470
HCM,Multi-territory MI (μ=1.7),91,All Regions,-1,Anterior,0,Diseased,Point Estimate,0.004437,0.066300,0.066300,,0.000000,,0.004437
HCM,Multi-territory MI (μ=1.7),91,All Regions,-1,Anterior,0,Diseased,MCMC,0.001106,,0.075019,1.168091,1.168091,1.000000,0.001106
HCM,Multi-territory MI (μ=1.7),91,All Regions,-1,Inferior,1,Diseased,Point Estimate,0.210811,0.450353,0.450353,,0.000000,,0.210811
HCM,Multi-territory MI (μ=1.7),91,All Regions,-1,Inferior,1,Diseased,MCMC,0.007903,,0.116573,2.001762,2.001762,1.000000,0.007903
HCM,Multi-territory MI (μ=1.7),91,All Regions,-1,Lateral,2,Diseased,Point Estimate,0.001834,0.042503,0.042503,,0.000000,,0.001834
HCM,Multi-territory MI (μ=1.7),91,All Regions,-1,Lateral,2,Diseased,MCMC,0.000573,,0.056239,0.934073,0.934073,1.000000,0.000573
HCM,Multi-territory MI (μ=1.7),91,All Regions,-1,Septal,3,Diseased,Point Estimate,0.043928,0.205029,0.205029,,0.000000,,0.043928
HCM,Multi-territory MI (μ=1.7),91,All Regions,-1,Septal,3,Diseased,MCMC,0.024206,,0.127020,1.723046,1.723046,1.000000,0.024206
HCM,Multi-territory MI (μ=1.7),91,All Regions,-1,Apical,4,Diseased,Point Estimate,0.001232,0.033185,0.033185,,0.000000,,0.001232
HCM,Multi-territory MI (μ=1.7),91,All Regions,-1,Apical,4,Diseased,MCMC,0.000157,,0.047353,0.775504,0.775504,1.000000,0.000157
HCM,Multi-territory MI (μ=1.7),92,All Regions,-1,Anterior,0,Diseased,Point Estimate,0.009667,0.098051,0.098051,,0.000000,,0.009667
HCM,Multi-territory MI (μ=1.7),92,All Regions,-1,Anterior,0,Diseased,MCMC,0.000680,,0.083642,1.273415,1.273415,1.000000,0.000680
HCM,Multi-territory MI (μ=1.7),92,All Regions,-1,Inferior,1,Diseased,Point Estimate,0.124040,0.342653,0.342653,,0.000000,,0.124040
HCM,Multi-territory MI (μ=1.7),92,All Regions,-1,Inferior,1,Diseased,MCMC,0.005389,,0.131367,2.239670,2.239670,1.000000,0.005389
HCM,Multi-territory MI (μ=1.7),92,All Regions,-1,Lateral,2,Diseased,Point Estimate,0.000223,0.014710,0.014710,,0.000000,,0.000223
HCM,Multi-territory MI (μ=1.7),92,All Regions,-1,Lateral,2,Diseased,MCMC,0.004628,,0.066622,0.940911,0.940911,1.000000,0.004628
HCM,Multi-territory MI (μ=1.7),92,All Regions,-1,Septal,3,Diseased,Point Estimate,0.001006,0.030108,0.030108,,0.000000,,0.001006
HCM,Multi-territory MI (μ=1.7),92,All Regions,-1,Septal,3,Diseased,MCMC,0.022305,,0.111161,1.496145,1.496145,1.000000,0.022305
HCM,Multi-territory MI (μ=1.7),92,All Regions,-1,Apical,4,Diseased,Point Estimate,0.000197,0.013157,0.013157,,0.000000,,0.000197
HCM,Multi-territory MI (μ=1.7),92,All Regions,-1,Apical,4,Diseased,MCMC,0.000580,,0.053641,0.895856,0.895856,1.000000,0.000580
HCM,Multi-territory MI (μ=1.7),93,All Regions,-1,Anterior,0,Diseased,Point Estimate,0.000864,0.029390,0.029390,,0.000000,,0.000864
HCM,Multi-territory MI (μ=1.7),93,All Regions,-1,Anterior,0,Diseased,MCMC,0.003461,,0.085765,1.256046,1.256046,1.000000,0.003461
HCM,Multi-territory MI (μ=1.7),93,All Regions,-1,Inferior,1,Diseased,Point Estimate,0.145610,0.372433,0.372433,,0.000000,,0.145610
HCM,Multi-territory MI (μ=1.7),93,All Regions,-1,Inferior,1,Diseased,MCMC,0.019023,,0.149329,2.365455,2.365455,1.000000,0.019023
HCM,Multi-territory MI (μ=1.7),93,All Regions,-1,Lateral,2,Diseased,Point Estimate,0.000472,0.021684,0.021684,,0.000000,,0.000472
HCM,Multi-territory MI (μ=1.7),93,All Regions,-1,Lateral,2,Diseased,MCMC,0.005313,,0.062910,0.879077,0.879077,1.000000,0.005313
HCM,Multi-territory MI (μ=1.7),93,All Regions,-1,Septal,3,Diseased,Point Estimate,0.005293,0.071450,0.071450,,0.000000,,0.005293
HCM,Multi-territory MI (μ=1.7),93,All Regions,-1,Septal,3,Diseased,MCMC,0.017820,,0.112022,1.551140,1.551140,1.000000,0.017820
HCM,Multi-territory MI (μ=1.7),93,All Regions,-1,Apical,4,Diseased,Point Estimate,0.000222,0.014393,0.014393,,0.000000,,0.000222
HCM,Multi-territory MI (μ=1.7),93,All Regions,-1,Apical,4,Diseased,MCMC,0.000846,,0.045581,0.742498,0.742498,1.000000,0.000846
HCM,Multi-territory MI (μ=1.7),94,All Regions,-1,Anterior,0,Diseased,Point Estimate,0.002166,0.046405,0.046405,,0.000000,,0.002166
HCM,Multi-territory MI (μ=1.7),94,All Regions,-1,Anterior,0,Diseased,MCMC,0.004124,,0.075599,1.065601,1.065601,1.000000,0.004124
HCM,Multi-territory MI (μ=1.7),94,All Regions,-1,Inferior,1,Diseased,Point Estimate,0.184131,0.416720,0.416720,,0.000000,,0.184131
HCM,Multi-territory MI (μ=1.7),94,All Regions,-1,Inferior,1,Diseased,MCMC,0.000146,,0.120085,2.085850,2.085850,1.000000,0.000146
HCM,Multi-territory MI (μ=1.7),94,All Regions,-1,Lateral,2,Diseased,Point Estimate,0.000712,0.025044,0.025044,,0.000000,,0.000712
HCM,Multi-territory MI (μ=1.7),94,All Regions,-1,Lateral,2,Diseased,MCMC,0.000651,,0.049445,0.791229,0.791229,1.000000,0.000651
HCM,Multi-territory MI (μ=1.7),94,All Regions,-1,Septal,3,Diseased,Point Estimate,0.013844,0.117315,0.117315,,0.000000,,0.013844
HCM,Multi-territory MI (μ=1.7),94,All Regions,-1,Septal,3,Diseased,MCMC,0.030714,,0.143714,1.936675,1.936675,1.000000,0.030714
HCM,Multi-territory MI (μ=1.7),94,All Regions,-1,Apical,4,Diseased,Point Estimate,0.001368,0.034733,0.034733,,0.000000,,0.001368
HCM,Multi-territory MI (μ=1.7),94,All Regions,-1,Apical,4,Diseased,MCMC,0.000023,,0.046930,0.811915,0.811915,1.000000,0.000023
HCM,Multi-territory MI (μ=1.7),95,All Regions,-1,Anterior,0,Diseased,Point Estimate,0.001901,0.043522,0.043522,,0.000000,,0.001901
HCM,Multi-territory MI (μ=1.7),95,All Regions,-1,Anterior,0,Diseased,MCMC,0.000194,,0.074479,1.120171,1.120171,1.000000,0.000194
HCM,Multi-territory MI (μ=1.7),95,All Regions,-1,Inferior,1,Diseased,Point Estimate,0.152919,0.378717,0.378717,,0.000000,,0.152919
HCM,Multi-territory MI (μ=1.7),95,All Regions,-1,Inferior,1,Diseased,MCMC,0.000529,,0.118641,2.057049,2.057049,1.000000,0.000529
HCM,Multi-territory MI (μ=1.7),95,All Regions,-1,Lateral,2,Diseased,Point Estimate,0.000088,0.009374,0.009374,,0.000000,,0.000088
HCM,Multi-territory MI (μ=1.7),95,All Regions,-1,Lateral,2,Diseased,MCMC,0.000594,,0.049153,0.810107,0.810107,1.000000,0.000594
HCM,Multi-territory MI (μ=1.7),95,All Regions,-1,Septal,3,Diseased,Point Estimate,0.031693,0.173899,0.173899,,0.000000,,0.031693
HCM,Multi-territory MI (μ=1.7),95,All Regions,-1,Septal,3,Diseased,MCMC,0.014147,,0.127284,1.785284,1.785284,1.000000,0.014147
HCM,Multi-territory MI (μ=1.7),95,All Regions,-1,Apical,4,Diseased,Point Estimate,0.001122,0.031562,0.031562,,0.000000,,0.001122
HCM,Multi-territory MI (μ=1.7),95,All Regions,-1,Apical,4,Diseased,MCMC,0.001067,,0.050786,0.799129,0.799129,1.000000,0.001067
HCM,Multi-territory MI (μ=1.7),96,All Regions,-1,Anterior,0,Diseased,Point Estimate,0.000417,0.020355,0.020355,,0.000000,,0.000417
HCM,Multi-territory MI (μ=1.7),96,All Regions,-1,Anterior,0,Diseased,MCMC,0.001021,,0.070050,1.140826,1.140826,1.000000,0.001021
HCM,Multi-territory MI (μ=1.7),96,All Regions,-1,Inferior,1,Diseased,Point Estimate,0.174521,0.405706,0.405706,,0.000000,,0.174521
HCM,Multi-territory MI (μ=1.7),96,All Regions,-1,Inferior,1,Diseased,MCMC,0.021946,,0.142329,2.162893,2.162893,1.000000,0.021946
HCM,Multi-territory MI (μ=1.7),96,All Regions,-1,Lateral,2,Diseased,Point Estimate,0.001760,0.039533,0.039533,,0.000000,,0.001760
HCM,Multi-territory MI (μ=1.7),96,All Regions,-1,Lateral,2,Diseased,MCMC,0.000359,,0.047743,0.820315,0.820315,1.000000,0.000359
HCM,Multi-territory MI (μ=1.7),96,All Regions,-1,Septal,3,Diseased,Point Estimate,0.042435,0.204224,0.204224,,0.000000,,0.042435
HCM,Multi-territory MI (μ=1.7),96,All Regions,-1,Septal,3,Diseased,MCMC,0.008725,,0.144394,2.332488,2.332488,1.000000,0.008725
HCM,Multi-territory MI (μ=1.7),96,All Regions,-1,Apical,4,Diseased,Point Estimate,0.002308,0.047445,0.047445,,0.000000,,0.002308
HCM,Multi-territory MI (μ=1.7),96,All Regions,-1,Apical,4,Diseased,MCMC,0.000594,,0.047722,0.773527,0.773527,1.000000,0.000594
HCM,Multi-territory MI (μ=1.7),97,All Regions,-1,Anterior,0,Diseased,Point Estimate,0.005891,0.076396,0.076396,,0.000000,,0.005891
HCM,Multi-territory MI (μ=1.7),97,All Regions,-1,Anterior,0,Diseased,MCMC,0.001360,,0.078932,1.153436,1.153436,1.000000,0.001360
HCM,Multi-territory MI (μ=1.7),97,All Regions,-1,Inferior,1,Diseased,Point Estimate,0.172780,0.405488,0.405488,,0.000000,,0.172780
HCM,Multi-territory MI (μ=1.7),97,All Regions,-1,Inferior,1,Diseased,MCMC,0.000015,,0.116469,2.102471,2.102471,1.000000,0.000015
HCM,Multi-territory MI (μ=1.7),97,All Regions,-1,Lateral,2,Diseased,Point Estimate,0.000174,0.010693,0.010693,,0.000000,,0.000174
HCM,Multi-territory MI (μ=1.7),97,All Regions,-1,Lateral,2,Diseased,MCMC,0.000829,,0.053718,0.823746,0.823746,1.000000,0.000829
HCM,Multi-territory MI (μ=1.7),97,All Regions,-1,Septal,3,Diseased,Point Estimate,0.000122,0.008946,0.008946,,0.000000,,0.000122
HCM,Multi-territory MI (μ=1.7),97,All Regions,-1,Septal,3,Diseased,MCMC,0.019844,,0.103816,1.477948,1.477948,1.000000,0.019844
HCM,Multi-territory MI (μ=1.7),97,All Regions,-1,Apical,4,Diseased,Point Estimate,0.000390,0.017585,0.017585,,0.000000,,0.000390
HCM,Multi-territory MI (μ=1.7),97,All Regions,-1,Apical,4,Diseased,MCMC,0.002486,,0.060146,0.899131,0.899131,1.000000,0.002486
HCM,Multi-territory MI (μ=1.7),98,All Regions,-1,Anterior,0,Diseased,Point Estimate,0.000078,0.007231,0.007231,,0.000000,,0.000078
HCM,Multi-territory MI (μ=1.7),98,All Regions,-1,Anterior,0,Diseased,MCMC,0.000031,,0.061023,0.997517,0.997517,1.000000,0.000031
HCM,Multi-territory MI (μ=1.7),98,All Regions,-1,Inferior,1,Diseased,Point Estimate,0.189753,0.421084,0.421084,,0.000000,,0.189753
HCM,Multi-territory MI (μ=1.7),98,All Regions,-1,Inferior,1,Diseased,MCMC,0.009083,,0.117260,1.912434,1.912434,1.000000,0.009083
HCM,Multi-territory MI (μ=1.7),98,All Regions,-1,Lateral,2,Diseased,Point Estimate,0.000750,0.026904,0.026904,,0.000000,,0.000750
HCM,Multi-territory MI (μ=1.7),98,All Regions,-1,Lateral,2,Diseased,MCMC,0.002899,,0.058589,0.903647,0.903647,1.000000,0.002899
HCM,Multi-territory MI (μ=1.7),98,All Regions,-1,Septal,3,Diseased,Point Estimate,0.025161,0.157572,0.157572,,0.000000,,0.025161
HCM,Multi-territory MI (μ=1.7),98,All Regions,-1,Septal,3,Diseased,MCMC,0.035668,,0.145359,1.923278,1.923278,1.000000,0.035668
HCM,Multi-territory MI (μ=1.7),98,All Regions,-1,Apical,4,Diseased,Point Estimate,0.002173,0.044831,0.044831,,0.000000,,0.002173
HCM,Multi-territory MI (μ=1.7),98,All Regions,-1,Apical,4,Diseased,MCMC,0.000056,,0.046593,0.730823,0.730823,1.000000,0.000056
HCM,Multi-territory MI (μ=1.7),99,All Regions,-1,Anterior,0,Diseased,Point Estimate,0.000250,0.014917,0.014917,,0.000000,,0.000250
HCM,Multi-territory MI (μ=1.7),99,All Regions,-1,Anterior,0,Diseased,MCMC,0.000844,,0.082309,1.209695,1.209695,1.000000,0.000844
HCM,Multi-territory MI (μ=1.7),99,All Regions,-1,Inferior,1,Diseased,Point Estimate,0.207816,0.447434,0.447434,,0.000000,,0.207816
HCM,Multi-territory MI (μ=1.7),99,All Regions,-1,Inferior,1,Diseased,MCMC,0.001359,,0.122478,2.086322,2.086322,1.000000,0.001359
HCM,Multi-territory MI (μ=1.7),99,All Regions,-1,Lateral,2,Diseased,Point Estimate,0.001053,0.031715,0.031715,,0.000000,,0.001053
HCM,Multi-territory MI (μ=1.7),99,All Regions,-1,Lateral,2,Diseased,MCMC,0.000066,,0.047079,0.787631,0.787631,1.000000,0.000066
HCM,Multi-territory MI (μ=1.7),99,All Regions,-1,Septal,3,Diseased,Point Estimate,0.004911,0.069796,0.069796,,0.000000,,0.004911
HCM,Multi-territory MI (μ=1.7),99,All Regions,-1,Septal,3,Diseased,MCMC,0.024507,,0.111909,1.483455,1.483455,1.000000,0.024507
HCM,Multi-territory MI (μ=1.7),99,All Regions,-1,Apical,4,Diseased,Point Estimate,0.000902,0.028720,0.028720,,0.000000,,0.000902
HCM,Multi-territory MI (μ=1.7),99,All Regions,-1,Apical,4,Diseased,MCMC,0.001172,,0.054298,0.839798,0.839798,1.000000,0.001172
MI_1,MI Mild (μ=1.5),0,Anterior,0,Anterior,0,Diseased,Point Estimate,0.029497,0.167314,0.167314,,0.000000,,0.029497
MI_1,MI Mild (μ=1.5),0,Anterior,0,Anterior,0,Diseased,MCMC,0.003128,,0.114484,1.621961,1.621961,1.000000,0.003128
MI_1,MI Mild (μ=1.5),0,Anterior,0,Inferior,1,Non-diseased,Point Estimate,0.091503,0.301710,0.301710,,0.000000,,0.091503
MI_1,MI Mild (μ=1.5),0,Anterior,0,Inferior,1,Non-diseased,MCMC,0.292535,,0.382584,1.446842,0.951657,0.000000,0.292535
MI_1,MI Mild (μ=1.5),0,Anterior,0,Lateral,2,Non-diseased,Point Estimate,0.001448,0.038059,0.038059,,0.000000,,0.001448
MI_1,MI Mild (μ=1.5),0,Anterior,0,Lateral,2,Non-diseased,MCMC,0.000737,,0.033427,0.571581,0.571581,1.000000,0.000737
MI_1,MI Mild (μ=1.5),0,Anterior,0,Septal,3,Non-diseased,Point Estimate,0.003453,0.058759,0.058759,,0.000000,,0.003453
MI_1,MI Mild (μ=1.5),0,Anterior,0,Septal,3,Non-diseased,MCMC,0.019310,,0.100762,1.104890,1.104890,1.000000,0.019310
MI_1,MI Mild (μ=1.5),0,Anterior,0,Apical,4,Non-diseased,Point Estimate,0.003044,0.055069,0.055069,,0.000000,,0.003044
MI_1,MI Mild (μ=1.5),0,Anterior,0,Apical,4,Non-diseased,MCMC,0.010291,,0.061843,0.407707,0.407707,1.000000,0.010291
MI_1,MI Mild (μ=1.5),1,Anterior,0,Anterior,0,Diseased,Point Estimate,0.004707,0.066561,0.066561,,0.000000,,0.004707
MI_1,MI Mild (μ=1.5),1,Anterior,0,Anterior,0,Diseased,MCMC,0.008093,,0.053549,0.551476,0.551476,1.000000,0.008093
MI_1,MI Mild (μ=1.5),1,Anterior,0,Inferior,1,Non-diseased,Point Estimate,0.120549,0.345957,0.345957,,0.000000,,0.120549
MI_1,MI Mild (μ=1.5),1,Anterior,0,Inferior,1,Non-diseased,MCMC,0.131526,,0.209448,1.346962,1.346962,1.000000,0.131526
MI_1,MI Mild (μ=1.5),1,Anterior,0,Lateral,2,Non-diseased,Point Estimate,0.030275,0.173567,0.173567,,0.000000,,0.030275
MI_1,MI Mild (μ=1.5),1,Anterior,0,Lateral,2,Non-diseased,MCMC,0.015277,,0.076213,0.514582,0.514582,1.000000,0.015277
MI_1,MI Mild (μ=1.5),1,Anterior,0,Septal,3,Non-diseased,Point Estimate,0.018362,0.133907,0.133907,,0.000000,,0.018362
MI_1,MI Mild (μ=1.5),1,Anterior,0,Septal,3,Non-diseased,MCMC,0.056289,,0.142443,0.927456,0.927456,1.000000,0.056289
MI_1,MI Mild (μ=1.5),1,Anterior,0,Apical,4,Non-diseased,Point Estimate,0.000211,0.014519,0.014519,,0.000000,,0.000211
MI_1,MI Mild (μ=1.5),1,Anterior,0,Apical,4,Non-diseased,MCMC,0.000250,,0.029213,0.528699,0.528699,1.000000,0.000250
MI_1,MI Mild (μ=1.5),2,Anterior,0,Anterior,0,Diseased,Point Estimate,0.010133,0.099971,0.099971,,0.000000,,0.010133
MI_1,MI Mild (μ=1.5),2,Anterior,0,Anterior,0,Diseased,MCMC,0.001582,,0.034936,0.471415,0.471415,1.000000,0.001582
MI_1,MI Mild (μ=1.5),2,Anterior,0,Inferior,1,Non-diseased,Point Estimate,0.343350,0.585631,0.585631,,0.000000,,0.343350
MI_1,MI Mild (μ=1.5),2,Anterior,0,Inferior,1,Non-diseased,MCMC,0.271728,,0.341833,1.176113,1.176113,1.000000,0.271728
MI_1,MI Mild (μ=1.5),2,Anterior,0,Lateral,2,Non-diseased,Point Estimate,0.047734,0.217926,0.217926,,0.000000,,0.047734
MI_1,MI Mild (μ=1.5),2,Anterior,0,Lateral,2,Non-diseased,MCMC,0.033067,,0.120750,0.519692,0.519692,1.000000,0.033067
MI_1,MI Mild (μ=1.5),2,Anterior,0,Septal,3,Non-diseased,Point Estimate,0.131336,0.357069,0.357069,,0.000000,,0.131336
MI_1,MI Mild (μ=1.5),2,Anterior,0,Septal,3,Non-diseased,MCMC,0.032051,,0.103795,0.824234,0.824234,1.000000,0.032051
MI_1,MI Mild (μ=1.5),2,Anterior,0,Apical,4,Non-diseased,Point Estimate,0.001290,0.034775,0.034775,,0.000000,,0.001290
MI_1,MI Mild (μ=1.5),2,Anterior,0,Apical,4,Non-diseased,MCMC,0.006975,,0.051073,0.392047,0.392047,1.000000,0.006975
MI_1,MI Mild (μ=1.5),3,Anterior,0,Anterior,0,Diseased,Point Estimate,0.000203,0.013143,0.013143,,0.000000,,0.000203
MI_1,MI Mild (μ=1.5),3,Anterior,0,Anterior,0,Diseased,MCMC,0.012126,,0.070331,0.743946,0.743946,1.000000,0.012126
MI_1,MI Mild (μ=1.5),3,Anterior,0,Inferior,1,Non-diseased,Point Estimate,0.148023,0.384318,0.384318,,0.000000,,0.148023
MI_1,MI Mild (μ=1.5),3,Anterior,0,Inferior,1,Non-diseased,MCMC,0.223930,,0.312725,1.027818,1.027818,1.000000,0.223930
MI_1,MI Mild (μ=1.5),3,Anterior,0,Lateral,2,Non-diseased,Point Estimate,0.012306,0.110771,0.110771,,0.000000,,0.012306
MI_1,MI Mild (μ=1.5),3,Anterior,0,Lateral,2,Non-diseased,MCMC,0.009876,,0.061041,0.511185,0.511185,1.000000,0.009876
MI_1,MI Mild (μ=1.5),3,Anterior,0,Septal,3,Non-diseased,Point Estimate,0.000483,0.018738,0.018738,,0.000000,,0.000483
MI_1,MI Mild (μ=1.5),3,Anterior,0,Septal,3,Non-diseased,MCMC,0.044546,,0.128487,1.022987,1.022987,1.000000,0.044546
MI_1,MI Mild (μ=1.5),3,Anterior,0,Apical,4,Non-diseased,Point Estimate,0.000965,0.031047,0.031047,,0.000000,,0.000965
MI_1,MI Mild (μ=1.5),3,Anterior,0,Apical,4,Non-diseased,MCMC,0.002650,,0.034120,0.373418,0.373418,1.000000,0.002650
MI_1,MI Mild (μ=1.5),4,Anterior,0,Anterior,0,Diseased,Point Estimate,0.003173,0.056323,0.056323,,0.000000,,0.003173
MI_1,MI Mild (μ=1.5),4,Anterior,0,Anterior,0,Diseased,MCMC,0.007266,,0.066353,0.878998,0.878998,1.000000,0.007266
MI_1,MI Mild (μ=1.5),4,Anterior,0,Inferior,1,Non-diseased,Point Estimate,0.003356,0.051118,0.051118,,0.000000,,0.003356
MI_1,MI Mild (μ=1.5),4,Anterior,0,Inferior,1,Non-diseased,MCMC,0.187005,,0.256925,1.241243,1.241243,1.000000,0.187005
MI_1,MI Mild (μ=1.5),4,Anterior,0,Lateral,2,Non-diseased,Point Estimate,0.000273,0.013656,0.013656,,0.000000,,0.000273
MI_1,MI Mild (μ=1.5),4,Anterior,0,Lateral,2,Non-diseased,MCMC,0.002493,,0.037880,0.510075,0.510075,1.000000,0.002493
MI_1,MI Mild (μ=1.5),4,Anterior,0,Septal,3,Non-diseased,Point Estimate,0.012483,0.111251,0.111251,,0.000000,,0.012483
MI_1,MI Mild (μ=1.5),4,Anterior,0,Septal,3,Non-diseased,MCMC,0.051239,,0.135851,0.992333,0.992333,1.000000,0.051239
MI_1,MI Mild (μ=1.5),4,Anterior,0,Apical,4,Non-diseased,Point Estimate,0.000018,0.003358,0.003358,,0.000000,,0.000018
MI_1,MI Mild (μ=1.5),4,Anterior,0,Apical,4,Non-diseased,MCMC,0.001139,,0.030446,0.478228,0.478228,1.000000,0.001139
MI_1,MI Mild (μ=1.5),5,Anterior,0,Anterior,0,Diseased,Point Estimate,0.004049,0.063438,0.063438,,0.000000,,0.004049
MI_1,MI Mild (μ=1.5),5,Anterior,0,Anterior,0,Diseased,MCMC,0.006477,,0.069508,1.052226,1.052226,1.000000,0.006477
MI_1,MI Mild (μ=1.5),5,Anterior,0,Inferior,1,Non-diseased,Point Estimate,0.002836,0.044192,0.044192,,0.000000,,0.002836
MI_1,MI Mild (μ=1.5),5,Anterior,0,Inferior,1,Non-diseased,MCMC,0.222307,,0.293897,1.232816,1.232816,1.000000,0.222307
MI_1,MI Mild (μ=1.5),5,Anterior,0,Lateral,2,Non-diseased,Point Estimate,0.000088,0.007168,0.007168,,0.000000,,0.000088
MI_1,MI Mild (μ=1.5),5,Anterior,0,Lateral,2,Non-diseased,MCMC,0.001042,,0.036832,0.556759,0.556759,1.000000,0.001042
MI_1,MI Mild (μ=1.5),5,Anterior,0,Septal,3,Non-diseased,Point Estimate,0.000842,0.028341,0.028341,,0.000000,,0.000842
MI_1,MI Mild (μ=1.5),5,Anterior,0,Septal,3,Non-diseased,MCMC,0.058731,,0.147322,0.993265,0.993265,1.000000,0.058731
MI_1,MI Mild (μ=1.5),5,Anterior,0,Apical,4,Non-diseased,Point Estimate,0.000099,0.009275,0.009275,,0.000000,,0.000099
MI_1,MI Mild (μ=1.5),5,Anterior,0,Apical,4,Non-diseased,MCMC,0.003885,,0.040415,0.496316,0.496316,1.000000,0.003885
MI_1,MI Mild (μ=1.5),6,Anterior,0,Anterior,0,Diseased,Point Estimate,0.002626,0.051060,0.051060,,0.000000,,0.002626
MI_1,MI Mild (μ=1.5),6,Anterior,0,Anterior,0,Diseased,MCMC,0.006931,,0.089376,1.250188,1.250188,1.000000,0.006931
MI_1,MI Mild (μ=1.5),6,Anterior,0,Inferior,1,Non-diseased,Point Estimate,0.004429,0.061726,0.061726,,0.000000,,0.004429
MI_1,MI Mild (μ=1.5),6,Anterior,0,Inferior,1,Non-diseased,MCMC,0.196041,,0.265109,1.295491,1.295491,1.000000,0.196041
MI_1,MI Mild (μ=1.5),6,Anterior,0,Lateral,2,Non-diseased,Point Estimate,0.000404,0.019047,0.019047,,0.000000,,0.000404
MI_1,MI Mild (μ=1.5),6,Anterior,0,Lateral,2,Non-diseased,MCMC,0.000385,,0.037150,0.602257,0.602257,1.000000,0.000385
MI_1,MI Mild (μ=1.5),6,Anterior,0,Septal,3,Non-diseased,Point Estimate,0.000002,0.001067,0.001067,,0.000000,,0.000002
MI_1,MI Mild (μ=1.5),6,Anterior,0,Septal,3,Non-diseased,MCMC,0.044218,,0.124892,1.106279,1.106279,1.000000,0.044218
MI_1,MI Mild (μ=1.5),6,Anterior,0,Apical,4,Non-diseased,Point Estimate,0.000176,0.013220,0.013220,,0.000000,,0.000176
MI_1,MI Mild (μ=1.5),6,Anterior,0,Apical,4,Non-diseased,MCMC,0.001699,,0.030429,0.428968,0.428968,1.000000,0.001699
MI_1,MI Mild (μ=1.5),7,Anterior,0,Anterior,0,Diseased,Point Estimate,0.014770,0.121032,0.121032,,0.000000,,0.014770
MI_1,MI Mild (μ=1.5),7,Anterior,0,Anterior,0,Diseased,MCMC,0.010997,,0.074620,0.969953,0.969953,1.000000,0.010997
MI_1,MI Mild (μ=1.5),7,Anterior,0,Inferior,1,Non-diseased,Point Estimate,0.106200,0.324471,0.324471,,0.000000,,0.106200
MI_1,MI Mild (μ=1.5),7,Anterior,0,Inferior,1,Non-diseased,MCMC,0.295748,,0.356819,1.141506,1.141506,1.000000,0.295748
MI_1,MI Mild (μ=1.5),7,Anterior,0,Lateral,2,Non-diseased,Point Estimate,0.007295,0.085276,0.085276,,0.000000,,0.007295
MI_1,MI Mild (μ=1.5),7,Anterior,0,Lateral,2,Non-diseased,MCMC,0.002004,,0.038952,0.547875,0.547875,1.000000,0.002004
MI_1,MI Mild (μ=1.5),7,Anterior,0,Septal,3,Non-diseased,Point Estimate,0.000576,0.023261,0.023261,,0.000000,,0.000576
MI_1,MI Mild (μ=1.5),7,Anterior,0,Septal,3,Non-diseased,MCMC,0.090837,,0.185980,1.047958,1.047958,1.000000,0.090837
MI_1,MI Mild (μ=1.5),7,Anterior,0,Apical,4,Non-diseased,Point Estimate,0.000973,0.031023,0.031023,,0.000000,,0.000973
MI_1,MI Mild (μ=1.5),7,Anterior,0,Apical,4,Non-diseased,MCMC,0.005764,,0.045485,0.462754,0.462754,1.000000,0.005764
MI_1,MI Mild (μ=1.5),8,Anterior,0,Anterior,0,Diseased,Point Estimate,0.016135,0.123947,0.123947,,0.000000,,0.016135
MI_1,MI Mild (μ=1.5),8,Anterior,0,Anterior,0,Diseased,MCMC,0.012734,,0.064379,0.529720,0.529720,1.000000,0.012734
MI_1,MI Mild (μ=1.5),8,Anterior,0,Inferior,1,Non-diseased,Point Estimate,0.317978,0.563726,0.563726,,0.000000,,0.317978
MI_1,MI Mild (μ=1.5),8,Anterior,0,Inferior,1,Non-diseased,MCMC,0.345508,,0.368437,1.275108,1.275108,1.000000,0.345508
MI_1,MI Mild (μ=1.5),8,Anterior,0,Lateral,2,Non-diseased,Point Estimate,0.066282,0.256606,0.256606,,0.000000,,0.066282
MI_1,MI Mild (μ=1.5),8,Anterior,0,Lateral,2,Non-diseased,MCMC,0.040095,,0.141036,0.454511,0.454511,1.000000,0.040095
MI_1,MI Mild (μ=1.5),8,Anterior,0,Septal,3,Non-diseased,Point Estimate,0.078433,0.273308,0.273308,,0.000000,,0.078433
MI_1,MI Mild (μ=1.5),8,Anterior,0,Septal,3,Non-diseased,MCMC,0.073213,,0.171715,0.864998,0.864998,1.000000,0.073213
MI_1,MI Mild (μ=1.5),8,Anterior,0,Apical,4,Non-diseased,Point Estimate,0.000721,0.026298,0.026298,,0.000000,,0.000721
MI_1,MI Mild (μ=1.5),8,Anterior,0,Apical,4,Non-diseased,MCMC,0.001796,,0.036327,0.567129,0.567129,1.000000,0.001796
MI_1,MI Mild (μ=1.5),9,Anterior,0,Anterior,0,Diseased,Point Estimate,0.007625,0.087289,0.087289,,0.000000,,0.007625
MI_1,MI Mild (μ=1.5),9,Anterior,0,Anterior,0,Diseased,MCMC,0.001697,,0.034064,0.468857,0.468857,1.000000,0.001697
MI_1,MI Mild (μ=1.5),9,Anterior,0,Inferior,1,Non-diseased,Point Estimate,0.306285,0.553378,0.553378,,0.000000,,0.306285
MI_1,MI Mild (μ=1.5),9,Anterior,0,Inferior,1,Non-diseased,MCMC,0.257426,,0.326026,1.117416,1.117416,1.000000,0.257426
MI_1,MI Mild (μ=1.5),9,Anterior,0,Lateral,2,Non-diseased,Point Estimate,0.045646,0.213181,0.213181,,0.000000,,0.045646
MI_1,MI Mild (μ=1.5),9,Anterior,0,Lateral,2,Non-diseased,MCMC,0.032725,,0.123560,0.453318,0.453318,1.000000,0.032725
MI_1,MI Mild (μ=1.5),9,Anterior,0,Septal,3,Non-diseased,Point Estimate,0.117492,0.334798,0.334798,,0.000000,,0.117492
MI_1,MI Mild (μ=1.5),9,Anterior,0,Septal,3,Non-diseased,MCMC,0.029502,,0.101395,0.843543,0.843543,1.000000,0.029502
MI_1,MI Mild (μ=1.5),9,Anterior,0,Apical,4,Non-diseased,Point Estimate,0.000072,0.008089,0.008089,,0.000000,,0.000072
MI_1,MI Mild (μ=1.5),9,Anterior,0,Apical,4,Non-diseased,MCMC,0.002645,,0.036258,0.455078,0.455078,1.000000,0.002645
MI_1,MI Mild (μ=1.5),10,Anterior,0,Anterior,0,Diseased,Point Estimate,0.000982,0.030949,0.030949,,0.000000,,0.000982
MI_1,MI Mild (μ=1.5),10,Anterior,0,Anterior,0,Diseased,MCMC,0.000641,,0.062634,0.974605,0.974605,1.000000,0.000641
MI_1,MI Mild (μ=1.5),10,Anterior,0,Inferior,1,Non-diseased,Point Estimate,0.006136,0.073584,0.073584,,0.000000,,0.006136
MI_1,MI Mild (μ=1.5),10,Anterior,0,Inferior,1,Non-diseased,MCMC,0.272063,,0.324020,1.220839,1.220839,1.000000,0.272063
MI_1,MI Mild (μ=1.5),10,Anterior,0,Lateral,2,Non-diseased,Point Estimate,0.000199,0.010606,0.010606,,0.000000,,0.000199
MI_1,MI Mild (μ=1.5),10,Anterior,0,Lateral,2,Non-diseased,MCMC,0.003462,,0.042163,0.539152,0.539152,1.000000,0.003462
MI_1,MI Mild (μ=1.5),10,Anterior,0,Septal,3,Non-diseased,Point Estimate,0.010670,0.102825,0.102825,,0.000000,,0.010670
MI_1,MI Mild (μ=1.5),10,Anterior,0,Septal,3,Non-diseased,MCMC,0.016577,,0.082646,0.903986,0.903986,1.000000,0.016577
MI_1,MI Mild (μ=1.5),10,Anterior,0,Apical,4,Non-diseased,Point Estimate,0.000065,0.006650,0.006650,,0.000000,,0.000065
MI_1,MI Mild (μ=1.5),10,Anterior,0,Apical,4,Non-diseased,MCMC,0.010220,,0.061667,0.455562,0.455562,1.000000,0.010220
MI_1,MI Mild (μ=1.5),11,Anterior,0,Anterior,0,Diseased,Point Estimate,0.007770,0.069692,0.069692,,0.000000,,0.007770
MI_1,MI Mild (μ=1.5),11,Anterior,0,Anterior,0,Diseased,MCMC,0.003240,,0.102184,1.720593,1.720593,1.000000,0.003240
MI_1,MI Mild (μ=1.5),11,Anterior,0,Inferior,1,Non-diseased,Point Estimate,0.055864,0.236302,0.236302,,0.000000,,0.055864
MI_1,MI Mild (μ=1.5),11,Anterior,0,Inferior,1,Non-diseased,MCMC,0.268558,,0.346662,1.047822,1.047822,1.000000,0.268558
MI_1,MI Mild (μ=1.5),11,Anterior,0,Lateral,2,Non-diseased,Point Estimate,0.009302,0.096438,0.096438,,0.000000,,0.009302
MI_1,MI Mild (μ=1.5),11,Anterior,0,Lateral,2,Non-diseased,MCMC,0.001576,,0.036371,0.537153,0.537153,1.000000,0.001576
MI_1,MI Mild (μ=1.5),11,Anterior,0,Septal,3,Non-diseased,Point Estimate,0.010093,0.095645,0.095645,,0.000000,,0.010093
MI_1,MI Mild (μ=1.5),11,Anterior,0,Septal,3,Non-diseased,MCMC,0.010952,,0.077021,0.983183,0.983183,1.000000,0.010952
MI_1,MI Mild (μ=1.5),11,Anterior,0,Apical,4,Non-diseased,Point Estimate,0.001934,0.043827,0.043827,,0.000000,,0.001934
MI_1,MI Mild (μ=1.5),11,Anterior,0,Apical,4,Non-diseased,MCMC,0.008552,,0.053820,0.445506,0.445506,1.000000,0.008552
MI_1,MI Mild (μ=1.5),12,Anterior,0,Anterior,0,Diseased,Point Estimate,0.004531,0.065982,0.065982,,0.000000,,0.004531
MI_1,MI Mild (μ=1.5),12,Anterior,0,Anterior,0,Diseased,MCMC,0.007878,,0.065466,0.812143,0.812143,1.000000,0.007878
MI_1,MI Mild (μ=1.5),12,Anterior,0,Inferior,1,Non-diseased,Point Estimate,0.086934,0.293840,0.293840,,0.000000,,0.086934
MI_1,MI Mild (μ=1.5),12,Anterior,0,Inferior,1,Non-diseased,MCMC,0.185987,,0.264371,1.217828,1.217828,1.000000,0.185987
MI_1,MI Mild (μ=1.5),12,Anterior,0,Lateral,2,Non-diseased,Point Estimate,0.006428,0.080121,0.080121,,0.000000,,0.006428
MI_1,MI Mild (μ=1.5),12,Anterior,0,Lateral,2,Non-diseased,MCMC,0.002882,,0.040646,0.551829,0.551829,1.000000,0.002882
MI_1,MI Mild (μ=1.5),12,Anterior,0,Septal,3,Non-diseased,Point Estimate,0.000838,0.026411,0.026411,,0.000000,,0.000838
MI_1,MI Mild (μ=1.5),12,Anterior,0,Septal,3,Non-diseased,MCMC,0.042208,,0.124991,1.065897,1.065897,1.000000,0.042208
MI_1,MI Mild (μ=1.5),12,Anterior,0,Apical,4,Non-diseased,Point Estimate,0.000785,0.027819,0.027819,,0.000000,,0.000785
MI_1,MI Mild (μ=1.5),12,Anterior,0,Apical,4,Non-diseased,MCMC,0.001491,,0.030593,0.432841,0.432841,1.000000,0.001491
MI_1,MI Mild (μ=1.5),13,Anterior,0,Anterior,0,Diseased,Point Estimate,0.000293,0.017109,0.017109,,0.000000,,0.000293
MI_1,MI Mild (μ=1.5),13,Anterior,0,Anterior,0,Diseased,MCMC,0.005059,,0.085247,1.203342,1.203342,1.000000,0.005059
MI_1,MI Mild (μ=1.5),13,Anterior,0,Inferior,1,Non-diseased,Point Estimate,0.001050,0.024562,0.024562,,0.000000,,0.001050
MI_1,MI Mild (μ=1.5),13,Anterior,0,Inferior,1,Non-diseased,MCMC,0.200278,,0.280521,1.040725,1.040725,1.000000,0.200278
MI_1,MI Mild (μ=1.5),13,Anterior,0,Lateral,2,Non-diseased,Point Estimate,0.000067,0.008177,0.008177,,0.000000,,0.000067
MI_1,MI Mild (μ=1.5),13,Anterior,0,Lateral,2,Non-diseased,MCMC,0.000507,,0.034343,0.548613,0.548613,1.000000,0.000507
MI_1,MI Mild (μ=1.5),13,Anterior,0,Septal,3,Non-diseased,Point Estimate,0.000101,0.009631,0.009631,,0.000000,,0.000101
MI_1,MI Mild (μ=1.5),13,Anterior,0,Septal,3,Non-diseased,MCMC,0.031174,,0.115053,1.099890,1.099890,1.000000,0.031174
MI_1,MI Mild (μ=1.5),13,Anterior,0,Apical,4,Non-diseased,Point Estimate,0.000451,0.021152,0.021152,,0.000000,,0.000451
MI_1,MI Mild (μ=1.5),13,Anterior,0,Apical,4,Non-diseased,MCMC,0.001003,,0.031908,0.496952,0.496952,1.000000,0.001003
MI_1,MI Mild (μ=1.5),14,Anterior,0,Anterior,0,Diseased,Point Estimate,0.014825,0.121357,0.121357,,0.000000,,0.014825
MI_1,MI Mild (μ=1.5),14,Anterior,0,Anterior,0,Diseased,MCMC,0.005075,,0.072116,1.090166,1.090166,1.000000,0.005075
MI_1,MI Mild (μ=1.5),14,Anterior,0,Inferior,1,Non-diseased,Point Estimate,0.113545,0.335881,0.335881,,0.000000,,0.113545
MI_1,MI Mild (μ=1.5),14,Anterior,0,Inferior,1,Non-diseased,MCMC,0.281638,,0.345029,1.129159,1.129159,1.000000,0.281638
MI_1,MI Mild (μ=1.5),14,Anterior,0,Lateral,2,Non-diseased,Point Estimate,0.006187,0.078598,0.078598,,0.000000,,0.006187
MI_1,MI Mild (μ=1.5),14,Anterior,0,Lateral,2,Non-diseased,MCMC,0.001596,,0.040274,0.622695,0.622695,1.000000,0.001596
MI_1,MI Mild (μ=1.5),14,Anterior,0,Septal,3,Non-diseased,Point Estimate,0.000634,0.024694,0.024694,,0.000000,,0.000634
MI_1,MI Mild (μ=1.5),14,Anterior,0,Septal,3,Non-diseased,MCMC,0.039783,,0.125916,0.971721,0.971721,1.000000,0.039783
MI_1,MI Mild (μ=1.5),14,Anterior,0,Apical,4,Non-diseased,Point Estimate,0.001828,0.042712,0.042712,,0.000000,,0.001828
MI_1,MI Mild (μ=1.5),14,Anterior,0,Apical,4,Non-diseased,MCMC,0.007648,,0.052031,0.482819,0.482819,1.000000,0.007648
MI_1,MI Mild (μ=1.5),15,Anterior,0,Anterior,0,Diseased,Point Estimate,0.004384,0.066173,0.066173,,0.000000,,0.004384
MI_1,MI Mild (μ=1.5),15,Anterior,0,Anterior,0,Diseased,MCMC,0.007454,,0.084836,1.260243,1.260243,1.000000,0.007454
MI_1,MI Mild (μ=1.5),15,Anterior,0,Inferior,1,Non-diseased,Point Estimate,0.027490,0.165401,0.165401,,0.000000,,0.027490
MI_1,MI Mild (μ=1.5),15,Anterior,0,Inferior,1,Non-diseased,MCMC,0.278890,,0.341121,1.226188,1.226188,1.000000,0.278890
MI_1,MI Mild (μ=1.5),15,Anterior,0,Lateral,2,Non-diseased,Point Estimate,0.001354,0.036033,0.036033,,0.000000,,0.001354
MI_1,MI Mild (μ=1.5),15,Anterior,0,Lateral,2,Non-diseased,MCMC,0.001637,,0.037651,0.554150,0.554150,1.000000,0.001637
MI_1,MI Mild (μ=1.5),15,Anterior,0,Septal,3,Non-diseased,Point Estimate,0.001855,0.041286,0.041286,,0.000000,,0.001855
MI_1,MI Mild (μ=1.5),15,Anterior,0,Septal,3,Non-diseased,MCMC,0.042155,,0.125363,1.077134,1.077134,1.000000,0.042155
MI_1,MI Mild (μ=1.5),15,Anterior,0,Apical,4,Non-diseased,Point Estimate,0.000264,0.016165,0.016165,,0.000000,,0.000264
MI_1,MI Mild (μ=1.5),15,Anterior,0,Apical,4,Non-diseased,MCMC,0.007429,,0.051204,0.490662,0.490662,1.000000,0.007429
MI_1,MI Mild (μ=1.5),16,Anterior,0,Anterior,0,Diseased,Point Estimate,0.013951,0.118009,0.118009,,0.000000,,0.013951
MI_1,MI Mild (μ=1.5),16,Anterior,0,Anterior,0,Diseased,MCMC,0.001625,,0.055304,0.820538,0.820538,1.000000,0.001625
MI_1,MI Mild (μ=1.5),16,Anterior,0,Inferior,1,Non-diseased,Point Estimate,0.166543,0.407536,0.407536,,0.000000,,0.166543
MI_1,MI Mild (μ=1.5),16,Anterior,0,Inferior,1,Non-diseased,MCMC,0.328519,,0.387218,1.133943,1.133943,1.000000,0.328519
MI_1,MI Mild (μ=1.5),16,Anterior,0,Lateral,2,Non-diseased,Point Estimate,0.015468,0.124035,0.124035,,0.000000,,0.015468
MI_1,MI Mild (μ=1.5),16,Anterior,0,Lateral,2,Non-diseased,MCMC,0.006841,,0.050418,0.517816,0.517816,1.000000,0.006841
MI_1,MI Mild (μ=1.5),16,Anterior,0,Septal,3,Non-diseased,Point Estimate,0.039248,0.195435,0.195435,,0.000000,,0.039248
MI_1,MI Mild (μ=1.5),16,Anterior,0,Septal,3,Non-diseased,MCMC,0.029573,,0.105122,0.908711,0.908711,1.000000,0.029573
MI_1,MI Mild (μ=1.5),16,Anterior,0,Apical,4,Non-diseased,Point Estimate,0.000739,0.026968,0.026968,,0.000000,,0.000739
MI_1,MI Mild (μ=1.5),16,Anterior,0,Apical,4,Non-diseased,MCMC,0.004425,,0.041064,0.416864,0.416864,1.000000,0.004425
MI_1,MI Mild (μ=1.5),17,Anterior,0,Anterior,0,Diseased,Point Estimate,0.000541,0.023151,0.023151,,0.000000,,0.000541
MI_1,MI Mild (μ=1.5),17,Anterior,0,Anterior,0,Diseased,MCMC,0.006849,,0.062504,0.786869,0.786869,1.000000,0.006849
MI_1,MI Mild (μ=1.5),17,Anterior,0,Inferior,1,Non-diseased,Point Estimate,0.099609,0.313244,0.313244,,0.000000,,0.099609
MI_1,MI Mild (μ=1.5),17,Anterior,0,Inferior,1,Non-diseased,MCMC,0.254505,,0.313042,1.237392,1.237392,1.000000,0.254505
MI_1,MI Mild (μ=1.5),17,Anterior,0,Lateral,2,Non-diseased,Point Estimate,0.009753,0.098527,0.098527,,0.000000,,0.009753
MI_1,MI Mild (μ=1.5),17,Anterior,0,Lateral,2,Non-diseased,MCMC,0.007681,,0.052124,0.502288,0.502288,1.000000,0.007681
MI_1,MI Mild (μ=1.5),17,Anterior,0,Septal,3,Non-diseased,Point Estimate,0.001203,0.033305,0.033305,,0.000000,,0.001203
MI_1,MI Mild (μ=1.5),17,Anterior,0,Septal,3,Non-diseased,MCMC,0.026515,,0.105040,1.020532,1.020532,1.000000,0.026515
MI_1,MI Mild (μ=1.5),17,Anterior,0,Apical,4,Non-diseased,Point Estimate,0.000913,0.029975,0.029975,,0.000000,,0.000913
MI_1,MI Mild (μ=1.5),17,Anterior,0,Apical,4,Non-diseased,MCMC,0.004681,,0.042674,0.437797,0.437797,1.000000,0.004681
MI_1,MI Mild (μ=1.5),18,Anterior,0,Anterior,0,Diseased,Point Estimate,0.007178,0.084599,0.084599,,0.000000,,0.007178
MI_1,MI Mild (μ=1.5),18,Anterior,0,Anterior,0,Diseased,MCMC,0.005913,,0.059628,0.764713,0.764713,1.000000,0.005913
MI_1,MI Mild (μ=1.5),18,Anterior,0,Inferior,1,Non-diseased,Point Estimate,0.001061,0.031905,0.031905,,0.000000,,0.001061
MI_1,MI Mild (μ=1.5),18,Anterior,0,Inferior,1,Non-diseased,MCMC,0.181552,,0.265907,1.199473,1.199473,1.000000,0.181552
MI_1,MI Mild (μ=1.5),18,Anterior,0,Lateral,2,Non-diseased,Point Estimate,0.000757,0.026527,0.026527,,0.000000,,0.000757
MI_1,MI Mild (μ=1.5),18,Anterior,0,Lateral,2,Non-diseased,MCMC,0.003479,,0.041919,0.562576,0.562576,1.000000,0.003479
MI_1,MI Mild (μ=1.5),18,Anterior,0,Septal,3,Non-diseased,Point Estimate,0.007763,0.088032,0.088032,,0.000000,,0.007763
MI_1,MI Mild (μ=1.5),18,Anterior,0,Septal,3,Non-diseased,MCMC,0.055793,,0.146652,1.018582,1.018582,1.000000,0.055793
MI_1,MI Mild (μ=1.5),18,Anterior,0,Apical,4,Non-diseased,Point Estimate,0.000085,0.008664,0.008664,,0.000000,,0.000085
MI_1,MI Mild (μ=1.5),18,Anterior,0,Apical,4,Non-diseased,MCMC,0.004532,,0.040995,0.384777,0.384777,1.000000,0.004532
MI_1,MI Mild (μ=1.5),19,Anterior,0,Anterior,0,Diseased,Point Estimate,0.007067,0.083700,0.083700,,0.000000,,0.007067
MI_1,MI Mild (μ=1.5),19,Anterior,0,Anterior,0,Diseased,MCMC,0.002663,,0.091437,1.392075,1.392075,1.000000,0.002663
MI_1,MI Mild (μ=1.5),19,Anterior,0,Inferior,1,Non-diseased,Point Estimate,0.034025,0.184228,0.184228,,0.000000,,0.034025
MI_1,MI Mild (μ=1.5),19,Anterior,0,Inferior,1,Non-diseased,MCMC,0.249716,,0.316130,1.224069,1.224069,1.000000,0.249716
MI_1,MI Mild (μ=1.5),19,Anterior,0,Lateral,2,Non-diseased,Point Estimate,0.002760,0.052426,0.052426,,0.000000,,0.002760
MI_1,MI Mild (μ=1.5),19,Anterior,0,Lateral,2,Non-diseased,MCMC,0.000882,,0.033432,0.508482,0.508482,1.000000,0.000882
MI_1,MI Mild (μ=1.5),19,Anterior,0,Septal,3,Non-diseased,Point Estimate,0.005322,0.070385,0.070385,,0.000000,,0.005322
MI_1,MI Mild (μ=1.5),19,Anterior,0,Septal,3,Non-diseased,MCMC,0.030805,,0.114655,1.064213,1.064213,1.000000,0.030805
MI_1,MI Mild (μ=1.5),19,Anterior,0,Apical,4,Non-diseased,Point Estimate,0.000042,0.004787,0.004787,,0.000000,,0.000042
MI_1,MI Mild (μ=1.5),19,Anterior,0,Apical,4,Non-diseased,MCMC,0.006023,,0.046948,0.446118,0.446118,1.000000,0.006023
MI_1,MI Mild (μ=1.5),20,Inferior,1,Anterior,0,Non-diseased,Point Estimate,0.017795,0.132801,0.132801,,0.000000,,0.017795
MI_1,MI Mild (μ=1.5),20,Inferior,1,Anterior,0,Non-diseased,MCMC,0.014671,,0.073918,0.770453,0.770453,1.000000,0.014671
MI_1,MI Mild (μ=1.5),20,Inferior,1,Inferior,1,Diseased,Point Estimate,0.068884,0.258805,0.258805,,0.000000,,0.068884
MI_1,MI Mild (μ=1.5),20,Inferior,1,Inferior,1,Diseased,MCMC,0.254933,,0.388925,4.922329,0.835519,0.000000,0.254933
MI_1,MI Mild (μ=1.5),20,Inferior,1,Lateral,2,Non-diseased,Point Estimate,0.009425,0.096712,0.096712,,0.000000,,0.009425
MI_1,MI Mild (μ=1.5),20,Inferior,1,Lateral,2,Non-diseased,MCMC,0.012417,,0.067332,0.545139,0.545139,1.000000,0.012417
MI_1,MI Mild (μ=1.5),20,Inferior,1,Septal,3,Non-diseased,Point Estimate,0.023395,0.152266,0.152266,,0.000000,,0.023395
MI_1,MI Mild (μ=1.5),20,Inferior,1,Septal,3,Non-diseased,MCMC,0.051055,,0.139312,0.987284,0.987284,1.000000,0.051055
MI_1,MI Mild (μ=1.5),20,Inferior,1,Apical,4,Non-diseased,Point Estimate,0.000050,0.005225,0.005225,,0.000000,,0.000050
MI_1,MI Mild (μ=1.5),20,Inferior,1,Apical,4,Non-diseased,MCMC,0.001904,,0.032023,0.473998,0.473998,1.000000,0.001904
MI_1,MI Mild (μ=1.5),21,Inferior,1,Anterior,0,Non-diseased,Point Estimate,0.043628,0.207949,0.207949,,0.000000,,0.043628
MI_1,MI Mild (μ=1.5),21,Inferior,1,Anterior,0,Non-diseased,MCMC,0.000791,,0.046331,0.737652,0.737652,1.000000,0.000791
MI_1,MI Mild (μ=1.5),21,Inferior,1,Inferior,1,Diseased,Point Estimate,0.010534,0.101003,0.101003,,0.000000,,0.010534
MI_1,MI Mild (μ=1.5),21,Inferior,1,Inferior,1,Diseased,MCMC,0.071519,,0.170777,1.740446,1.740446,1.000000,0.071519
MI_1,MI Mild (μ=1.5),21,Inferior,1,Lateral,2,Non-diseased,Point Estimate,0.001231,0.030951,0.030951,,0.000000,,0.001231
MI_1,MI Mild (μ=1.5),21,Inferior,1,Lateral,2,Non-diseased,MCMC,0.003732,,0.040858,0.495313,0.495313,1.000000,0.003732
MI_1,MI Mild (μ=1.5),21,Inferior,1,Septal,3,Non-diseased,Point Estimate,0.020001,0.141241,0.141241,,0.000000,,0.020001
MI_1,MI Mild (μ=1.5),21,Inferior,1,Septal,3,Non-diseased,MCMC,0.013615,,0.075345,0.869292,0.869292,1.000000,0.013615
MI_1,MI Mild (μ=1.5),21,Inferior,1,Apical,4,Non-diseased,Point Estimate,0.000038,0.004961,0.004961,,0.000000,,0.000038
MI_1,MI Mild (μ=1.5),21,Inferior,1,Apical,4,Non-diseased,MCMC,0.003569,,0.038020,0.419474,0.419474,1.000000,0.003569
MI_1,MI Mild (μ=1.5),22,Inferior,1,Anterior,0,Non-diseased,Point Estimate,0.043072,0.205788,0.205788,,0.000000,,0.043072
MI_1,MI Mild (μ=1.5),22,Inferior,1,Anterior,0,Non-diseased,MCMC,0.001846,,0.050910,0.748467,0.748467,1.000000,0.001846
MI_1,MI Mild (μ=1.5),22,Inferior,1,Inferior,1,Diseased,Point Estimate,0.052365,0.228709,0.228709,,0.000000,,0.052365
MI_1,MI Mild (μ=1.5),22,Inferior,1,Inferior,1,Diseased,MCMC,0.070651,,0.171164,1.800906,1.800906,1.000000,0.070651
MI_1,MI Mild (μ=1.5),22,Inferior,1,Lateral,2,Non-diseased,Point Estimate,0.000211,0.013492,0.013492,,0.000000,,0.000211
MI_1,MI Mild (μ=1.5),22,Inferior,1,Lateral,2,Non-diseased,MCMC,0.003774,,0.040073,0.480667,0.480667,1.000000,0.003774
MI_1,MI Mild (μ=1.5),22,Inferior,1,Septal,3,Non-diseased,Point Estimate,0.013548,0.116271,0.116271,,0.000000,,0.013548
MI_1,MI Mild (μ=1.5),22,Inferior,1,Septal,3,Non-diseased,MCMC,0.018377,,0.083496,0.917476,0.917476,1.000000,0.018377
MI_1,MI Mild (μ=1.5),22,Inferior,1,Apical,4,Non-diseased,Point Estimate,0.000308,0.017190,0.017190,,0.000000,,0.000308
MI_1,MI Mild (μ=1.5),22,Inferior,1,Apical,4,Non-diseased,MCMC,0.011927,,0.065196,0.543106,0.543106,1.000000,0.011927
MI_1,MI Mild (μ=1.5),23,Inferior,1,Anterior,0,Non-diseased,Point Estimate,0.044935,0.210665,0.210665,,0.000000,,0.044935
MI_1,MI Mild (μ=1.5),23,Inferior,1,Anterior,0,Non-diseased,MCMC,0.002836,,0.049493,0.697888,0.697888,1.000000,0.002836
MI_1,MI Mild (μ=1.5),23,Inferior,1,Inferior,1,Diseased,Point Estimate,0.020287,0.142117,0.142117,,0.000000,,0.020287
MI_1,MI Mild (μ=1.5),23,Inferior,1,Inferior,1,Diseased,MCMC,0.034557,,0.136890,1.562330,1.562330,1.000000,0.034557
MI_1,MI Mild (μ=1.5),23,Inferior,1,Lateral,2,Non-diseased,Point Estimate,0.001161,0.030121,0.030121,,0.000000,,0.001161
MI_1,MI Mild (μ=1.5),23,Inferior,1,Lateral,2,Non-diseased,MCMC,0.003865,,0.041077,0.482579,0.482579,1.000000,0.003865
MI_1,MI Mild (μ=1.5),23,Inferior,1,Septal,3,Non-diseased,Point Estimate,0.014978,0.122307,0.122307,,0.000000,,0.014978
MI_1,MI Mild (μ=1.5),23,Inferior,1,Septal,3,Non-diseased,MCMC,0.020948,,0.089523,0.881266,0.881266,1.000000,0.020948
MI_1,MI Mild (μ=1.5),23,Inferior,1,Apical,4,Non-diseased,Point Estimate,0.000077,0.008350,0.008350,,0.000000,,0.000077
MI_1,MI Mild (μ=1.5),23,Inferior,1,Apical,4,Non-diseased,MCMC,0.001986,,0.033114,0.422311,0.422311,1.000000,0.001986
MI_1,MI Mild (μ=1.5),24,Inferior,1,Anterior,0,Non-diseased,Point Estimate,0.043048,0.206785,0.206785,,0.000000,,0.043048
MI_1,MI Mild (μ=1.5),24,Inferior,1,Anterior,0,Non-diseased,MCMC,0.000906,,0.048414,0.754709,0.754709,1.000000,0.000906
MI_1,MI Mild (μ=1.5),24,Inferior,1,Inferior,1,Diseased,Point Estimate,0.062423,0.249732,0.249732,,0.000000,,0.062423
MI_1,MI Mild (μ=1.5),24,Inferior,1,Inferior,1,Diseased,MCMC,0.057647,,0.163810,1.888609,1.888609,1.000000,0.057647
MI_1,MI Mild (μ=1.5),24,Inferior,1,Lateral,2,Non-diseased,Point Estimate,0.000257,0.015714,0.015714,,0.000000,,0.000257
MI_1,MI Mild (μ=1.5),24,Inferior,1,Lateral,2,Non-diseased,MCMC,0.004545,,0.043379,0.457711,0.457711,1.000000,0.004545
MI_1,MI Mild (μ=1.5),24,Inferior,1,Septal,3,Non-diseased,Point Estimate,0.017059,0.130112,0.130112,,0.000000,,0.017059
MI_1,MI Mild (μ=1.5),24,Inferior,1,Septal,3,Non-diseased,MCMC,0.014999,,0.077874,0.906659,0.906659,1.000000,0.014999
MI_1,MI Mild (μ=1.5),24,Inferior,1,Apical,4,Non-diseased,Point Estimate,0.000042,0.006486,0.006486,,0.000000,,0.000042
MI_1,MI Mild (μ=1.5),24,Inferior,1,Apical,4,Non-diseased,MCMC,0.007643,,0.052188,0.426273,0.426273,1.000000,0.007643
MI_1,MI Mild (μ=1.5),25,Inferior,1,Anterior,0,Non-diseased,Point Estimate,0.009197,0.095439,0.095439,,0.000000,,0.009197
MI_1,MI Mild (μ=1.5),25,Inferior,1,Anterior,0,Non-diseased,MCMC,0.004943,,0.052219,0.709800,0.709800,1.000000,0.004943
MI_1,MI Mild (μ=1.5),25,Inferior,1,Inferior,1,Diseased,Point Estimate,0.007239,0.082768,0.082768,,0.000000,,0.007239
MI_1,MI Mild (μ=1.5),25,Inferior,1,Inferior,1,Diseased,MCMC,0.056815,,0.152259,1.643810,1.643810,1.000000,0.056815
MI_1,MI Mild (μ=1.5),25,Inferior,1,Lateral,2,Non-diseased,Point Estimate,0.002448,0.047255,0.047255,,0.000000,,0.002448
MI_1,MI Mild (μ=1.5),25,Inferior,1,Lateral,2,Non-diseased,MCMC,0.005862,,0.047388,0.500402,0.500402,1.000000,0.005862
MI_1,MI Mild (μ=1.5),25,Inferior,1,Septal,3,Non-diseased,Point Estimate,0.000174,0.010145,0.010145,,0.000000,,0.000174
MI_1,MI Mild (μ=1.5),25,Inferior,1,Septal,3,Non-diseased,MCMC,0.018629,,0.088736,0.960764,0.960764,1.000000,0.018629
MI_1,MI Mild (μ=1.5),25,Inferior,1,Apical,4,Non-diseased,Point Estimate,0.000273,0.016474,0.016474,,0.000000,,0.000273
MI_1,MI Mild (μ=1.5),25,Inferior,1,Apical,4,Non-diseased,MCMC,0.005968,,0.047933,0.468587,0.468587,1.000000,0.005968
MI_1,MI Mild (μ=1.5),26,Inferior,1,Anterior,0,Non-diseased,Point Estimate,0.000091,0.007886,0.007886,,0.000000,,0.000091
MI_1,MI Mild (μ=1.5),26,Inferior,1,Anterior,0,Non-diseased,MCMC,0.009339,,0.062873,0.760458,0.760458,1.000000,0.009339
MI_1,MI Mild (μ=1.5),26,Inferior,1,Inferior,1,Diseased,Point Estimate,0.093260,0.305073,0.305073,,0.000000,,0.093260
MI_1,MI Mild (μ=1.5),26,Inferior,1,Inferior,1,Diseased,MCMC,0.207249,,0.294078,1.054422,1.054422,1.000000,0.207249
MI_1,MI Mild (μ=1.5),26,Inferior,1,Lateral,2,Non-diseased,Point Estimate,0.006695,0.081266,0.081266,,0.000000,,0.006695
MI_1,MI Mild (μ=1.5),26,Inferior,1,Lateral,2,Non-diseased,MCMC,0.003658,,0.040792,0.501592,0.501592,1.000000,0.003658
MI_1,MI Mild (μ=1.5),26,Inferior,1,Septal,3,Non-diseased,Point Estimate,0.000402,0.019468,0.019468,,0.000000,,0.000402
MI_1,MI Mild (μ=1.5),26,Inferior,1,Septal,3,Non-diseased,MCMC,0.051540,,0.136199,1.083472,1.083472,1.000000,0.051540
MI_1,MI Mild (μ=1.5),26,Inferior,1,Apical,4,Non-diseased,Point Estimate,0.001877,0.043292,0.043292,,0.000000,,0.001877
MI_1,MI Mild (μ=1.5),26,Inferior,1,Apical,4,Non-diseased,MCMC,0.005158,,0.043267,0.453559,0.453559,1.000000,0.005158
MI_1,MI Mild (μ=1.5),27,Inferior,1,Anterior,0,Non-diseased,Point Estimate,0.021492,0.145242,0.145242,,0.000000,,0.021492
MI_1,MI Mild (μ=1.5),27,Inferior,1,Anterior,0,Non-diseased,MCMC,0.009138,,0.061687,0.685566,0.685566,1.000000,0.009138
MI_1,MI Mild (μ=1.5),27,Inferior,1,Inferior,1,Diseased,Point Estimate,0.000768,0.025146,0.025146,,0.000000,,0.000768
MI_1,MI Mild (μ=1.5),27,Inferior,1,Inferior,1,Diseased,MCMC,0.177343,,0.259908,1.265441,1.265441,1.000000,0.177343
MI_1,MI Mild (μ=1.5),27,Inferior,1,Lateral,2,Non-diseased,Point Estimate,0.003769,0.059549,0.059549,,0.000000,,0.003769
MI_1,MI Mild (μ=1.5),27,Inferior,1,Lateral,2,Non-diseased,MCMC,0.008598,,0.054961,0.454072,0.454072,1.000000,0.008598
MI_1,MI Mild (μ=1.5),27,Inferior,1,Septal,3,Non-diseased,Point Estimate,0.007352,0.085667,0.085667,,0.000000,,0.007352
MI_1,MI Mild (μ=1.5),27,Inferior,1,Septal,3,Non-diseased,MCMC,0.047146,,0.128610,0.993940,0.993940,1.000000,0.047146
MI_1,MI Mild (μ=1.5),27,Inferior,1,Apical,4,Non-diseased,Point Estimate,0.000032,0.005053,0.005053,,0.000000,,0.000032
MI_1,MI Mild (μ=1.5),27,Inferior,1,Apical,4,Non-diseased,MCMC,0.002330,,0.033039,0.474353,0.474353,1.000000,0.002330
MI_1,MI Mild (μ=1.5),28,Inferior,1,Anterior,0,Non-diseased,Point Estimate,0.001264,0.035544,0.035544,,0.000000,,0.001264
MI_1,MI Mild (μ=1.5),28,Inferior,1,Anterior,0,Non-diseased,MCMC,0.007127,,0.055756,0.684600,0.684600,1.000000,0.007127
MI_1,MI Mild (μ=1.5),28,Inferior,1,Inferior,1,Diseased,Point Estimate,0.115478,0.339140,0.339140,,0.000000,,0.115478
MI_1,MI Mild (μ=1.5),28,Inferior,1,Inferior,1,Diseased,MCMC,0.199172,,0.301100,1.002046,1.002046,1.000000,0.199172
MI_1,MI Mild (μ=1.5),28,Inferior,1,Lateral,2,Non-diseased,Point Estimate,0.013012,0.113497,0.113497,,0.000000,,0.013012
MI_1,MI Mild (μ=1.5),28,Inferior,1,Lateral,2,Non-diseased,MCMC,0.006780,,0.051382,0.460950,0.460950,1.000000,0.006780
MI_1,MI Mild (μ=1.5),28,Inferior,1,Septal,3,Non-diseased,Point Estimate,0.000138,0.011259,0.011259,,0.000000,,0.000138
MI_1,MI Mild (μ=1.5),28,Inferior,1,Septal,3,Non-diseased,MCMC,0.053150,,0.139458,1.055012,1.055012,1.000000,0.053150
MI_1,MI Mild (μ=1.5),28,Inferior,1,Apical,4,Non-diseased,Point Estimate,0.000598,0.024449,0.024449,,0.000000,,0.000598
MI_1,MI Mild (μ=1.5),28,Inferior,1,Apical,4,Non-diseased,MCMC,0.003508,,0.037333,0.420363,0.420363,1.000000,0.003508
MI_1,MI Mild (μ=1.5),29,Inferior,1,Anterior,0,Non-diseased,Point Estimate,0.002161,0.046376,0.046376,,0.000000,,0.002161
MI_1,MI Mild (μ=1.5),29,Inferior,1,Anterior,0,Non-diseased,MCMC,0.006558,,0.059136,0.797383,0.797383,1.000000,0.006558
MI_1,MI Mild (μ=1.5),29,Inferior,1,Inferior,1,Diseased,Point Estimate,0.001628,0.031240,0.031240,,0.000000,,0.001628
MI_1,MI Mild (μ=1.5),29,Inferior,1,Inferior,1,Diseased,MCMC,0.135028,,0.225957,1.276413,1.276413,1.000000,0.135028
MI_1,MI Mild (μ=1.5),29,Inferior,1,Lateral,2,Non-diseased,Point Estimate,0.003074,0.053843,0.053843,,0.000000,,0.003074
MI_1,MI Mild (μ=1.5),29,Inferior,1,Lateral,2,Non-diseased,MCMC,0.003724,,0.042462,0.534725,0.534725,1.000000,0.003724
MI_1,MI Mild (μ=1.5),29,Inferior,1,Septal,3,Non-diseased,Point Estimate,0.001247,0.035317,0.035317,,0.000000,,0.001247
MI_1,MI Mild (μ=1.5),29,Inferior,1,Septal,3,Non-diseased,MCMC,0.034431,,0.118486,1.135015,1.135015,1.000000,0.034431
MI_1,MI Mild (μ=1.5),29,Inferior,1,Apical,4,Non-diseased,Point Estimate,0.000318,0.017341,0.017341,,0.000000,,0.000318
MI_1,MI Mild (μ=1.5),29,Inferior,1,Apical,4,Non-diseased,MCMC,0.007635,,0.052347,0.476416,0.476416,1.000000,0.007635
MI_1,MI Mild (μ=1.5),30,Inferior,1,Anterior,0,Non-diseased,Point Estimate,0.006586,0.079893,0.079893,,0.000000,,0.006586
MI_1,MI Mild (μ=1.5),30,Inferior,1,Anterior,0,Non-diseased,MCMC,0.009370,,0.067420,0.782041,0.782041,1.000000,0.009370
MI_1,MI Mild (μ=1.5),30,Inferior,1,Inferior,1,Diseased,Point Estimate,0.173277,0.416030,0.416030,,0.000000,,0.173277
MI_1,MI Mild (μ=1.5),30,Inferior,1,Inferior,1,Diseased,MCMC,0.292297,,0.382609,3.372423,0.848701,0.000000,0.292297
MI_1,MI Mild (μ=1.5),30,Inferior,1,Lateral,2,Non-diseased,Point Estimate,0.019413,0.139302,0.139302,,0.000000,,0.019413
MI_1,MI Mild (μ=1.5),30,Inferior,1,Lateral,2,Non-diseased,MCMC,0.016586,,0.076507,0.577503,0.577503,1.000000,0.016586
MI_1,MI Mild (μ=1.5),30,Inferior,1,Septal,3,Non-diseased,Point Estimate,0.012967,0.112859,0.112859,,0.000000,,0.012967
MI_1,MI Mild (μ=1.5),30,Inferior,1,Septal,3,Non-diseased,MCMC,0.045660,,0.130890,1.003020,1.003020,1.000000,0.045660
MI_1,MI Mild (μ=1.5),30,Inferior,1,Apical,4,Non-diseased,Point Estimate,0.001673,0.040899,0.040899,,0.000000,,0.001673
MI_1,MI Mild (μ=1.5),30,Inferior,1,Apical,4,Non-diseased,MCMC,0.005475,,0.044630,0.461125,0.461125,1.000000,0.005475
MI_1,MI Mild (μ=1.5),31,Inferior,1,Anterior,0,Non-diseased,Point Estimate,0.006964,0.083121,0.083121,,0.000000,,0.006964
MI_1,MI Mild (μ=1.5),31,Inferior,1,Anterior,0,Non-diseased,MCMC,0.005793,,0.057063,0.721773,0.721773,1.000000,0.005793
MI_1,MI Mild (μ=1.5),31,Inferior,1,Inferior,1,Diseased,Point Estimate,0.001483,0.033247,0.033247,,0.000000,,0.001483
MI_1,MI Mild (μ=1.5),31,Inferior,1,Inferior,1,Diseased,MCMC,0.196577,,0.267040,1.438874,1.438874,1.000000,0.196577
MI_1,MI Mild (μ=1.5),31,Inferior,1,Lateral,2,Non-diseased,Point Estimate,0.001474,0.036515,0.036515,,0.000000,,0.001474
MI_1,MI Mild (μ=1.5),31,Inferior,1,Lateral,2,Non-diseased,MCMC,0.005618,,0.048189,0.512387,0.512387,1.000000,0.005618
MI_1,MI Mild (μ=1.5),31,Inferior,1,Septal,3,Non-diseased,Point Estimate,0.002623,0.051181,0.051181,,0.000000,,0.002623
MI_1,MI Mild (μ=1.5),31,Inferior,1,Septal,3,Non-diseased,MCMC,0.034798,,0.108842,0.901939,0.901939,1.000000,0.034798
MI_1,MI Mild (μ=1.5),31,Inferior,1,Apical,4,Non-diseased,Point Estimate,0.000041,0.005668,0.005668,,0.000000,,0.000041
MI_1,MI Mild (μ=1.5),31,Inferior,1,Apical,4,Non-diseased,MCMC,0.006117,,0.046197,0.414493,0.414493,1.000000,0.006117
MI_1,MI Mild (μ=1.5),32,Inferior,1,Anterior,0,Non-diseased,Point Estimate,0.001876,0.043309,0.043309,,0.000000,,0.001876
MI_1,MI Mild (μ=1.5),32,Inferior,1,Anterior,0,Non-diseased,MCMC,0.001354,,0.045754,0.699157,0.699157,1.000000,0.001354
MI_1,MI Mild (μ=1.5),32,Inferior,1,Inferior,1,Diseased,Point Estimate,0.029781,0.172545,0.172545,,0.000000,,0.029781
MI_1,MI Mild (μ=1.5),32,Inferior,1,Inferior,1,Diseased,MCMC,0.031658,,0.129958,1.680512,1.680512,1.000000,0.031658
MI_1,MI Mild (μ=1.5),32,Inferior,1,Lateral,2,Non-diseased,Point Estimate,0.002669,0.049095,0.049095,,0.000000,,0.002669
MI_1,MI Mild (μ=1.5),32,Inferior,1,Lateral,2,Non-diseased,MCMC,0.003443,,0.040253,0.510221,0.510221,1.000000,0.003443
MI_1,MI Mild (μ=1.5),32,Inferior,1,Septal,3,Non-diseased,Point Estimate,0.000112,0.010445,0.010445,,0.000000,,0.000112
MI_1,MI Mild (μ=1.5),32,Inferior,1,Septal,3,Non-diseased,MCMC,0.011125,,0.073625,0.956453,0.956453,1.000000,0.011125
MI_1,MI Mild (μ=1.5),32,Inferior,1,Apical,4,Non-diseased,Point Estimate,0.000218,0.014779,0.014779,,0.000000,,0.000218
MI_1,MI Mild (μ=1.5),32,Inferior,1,Apical,4,Non-diseased,MCMC,0.002393,,0.034786,0.481788,0.481788,1.000000,0.002393
MI_1,MI Mild (μ=1.5),33,Inferior,1,Anterior,0,Non-diseased,Point Estimate,0.042363,0.204276,0.204276,,0.000000,,0.042363
MI_1,MI Mild (μ=1.5),33,Inferior,1,Anterior,0,Non-diseased,MCMC,0.001243,,0.048692,0.746066,0.746066,1.000000,0.001243
MI_1,MI Mild (μ=1.5),33,Inferior,1,Inferior,1,Diseased,Point Estimate,0.044909,0.211814,0.211814,,0.000000,,0.044909
MI_1,MI Mild (μ=1.5),33,Inferior,1,Inferior,1,Diseased,MCMC,0.014768,,0.129468,1.744506,1.744506,1.000000,0.014768
MI_1,MI Mild (μ=1.5),33,Inferior,1,Lateral,2,Non-diseased,Point Estimate,0.000165,0.012368,0.012368,,0.000000,,0.000165
MI_1,MI Mild (μ=1.5),33,Inferior,1,Lateral,2,Non-diseased,MCMC,0.002205,,0.036577,0.509697,0.509697,1.000000,0.002205
MI_1,MI Mild (μ=1.5),33,Inferior,1,Septal,3,Non-diseased,Point Estimate,0.019293,0.138721,0.138721,,0.000000,,0.019293
MI_1,MI Mild (μ=1.5),33,Inferior,1,Septal,3,Non-diseased,MCMC,0.014803,,0.074584,0.813240,0.813240,1.000000,0.014803
MI_1,MI Mild (μ=1.5),33,Inferior,1,Apical,4,Non-diseased,Point Estimate,0.000256,0.015969,0.015969,,0.000000,,0.000256
MI_1,MI Mild (μ=1.5),33,Inferior,1,Apical,4,Non-diseased,MCMC,0.004690,,0.043437,0.499716,0.499716,1.000000,0.004690
MI_1,MI Mild (μ=1.5),34,Inferior,1,Anterior,0,Non-diseased,Point Estimate,0.001903,0.043493,0.043493,,0.000000,,0.001903
MI_1,MI Mild (μ=1.5),34,Inferior,1,Anterior,0,Non-diseased,MCMC,0.004311,,0.052502,0.683665,0.683665,1.000000,0.004311
MI_1,MI Mild (μ=1.5),34,Inferior,1,Inferior,1,Diseased,Point Estimate,0.042582,0.206176,0.206176,,0.000000,,0.042582
MI_1,MI Mild (μ=1.5),34,Inferior,1,Inferior,1,Diseased,MCMC,0.000905,,0.111995,1.910613,1.910613,1.000000,0.000905
MI_1,MI Mild (μ=1.5),34,Inferior,1,Lateral,2,Non-diseased,Point Estimate,0.001395,0.035334,0.035334,,0.000000,,0.001395
MI_1,MI Mild (μ=1.5),34,Inferior,1,Lateral,2,Non-diseased,MCMC,0.000107,,0.029789,0.493530,0.493530,1.000000,0.000107
MI_1,MI Mild (μ=1.5),34,Inferior,1,Septal,3,Non-diseased,Point Estimate,0.000362,0.019015,0.019015,,0.000000,,0.000362
MI_1,MI Mild (μ=1.5),34,Inferior,1,Septal,3,Non-diseased,MCMC,0.009305,,0.066010,0.828431,0.828431,1.000000,0.009305
MI_1,MI Mild (μ=1.5),34,Inferior,1,Apical,4,Non-diseased,Point Estimate,0.000015,0.003773,0.003773,,0.000000,,0.000015
MI_1,MI Mild (μ=1.5),34,Inferior,1,Apical,4,Non-diseased,MCMC,0.001133,,0.030861,0.458177,0.458177,1.000000,0.001133
MI_1,MI Mild (μ=1.5),35,Inferior,1,Anterior,0,Non-diseased,Point Estimate,0.000047,0.006621,0.006621,,0.000000,,0.000047
MI_1,MI Mild (μ=1.5),35,Inferior,1,Anterior,0,Non-diseased,MCMC,0.015352,,0.074863,0.780178,0.780178,1.000000,0.015352
MI_1,MI Mild (μ=1.5),35,Inferior,1,Inferior,1,Diseased,Point Estimate,0.172307,0.412913,0.412913,,0.000000,,0.172307
MI_1,MI Mild (μ=1.5),35,Inferior,1,Inferior,1,Diseased,MCMC,0.261292,,0.378543,4.640628,0.730202,0.000000,0.261292
MI_1,MI Mild (μ=1.5),35,Inferior,1,Lateral,2,Non-diseased,Point Estimate,0.018249,0.134808,0.134808,,0.000000,,0.018249
MI_1,MI Mild (μ=1.5),35,Inferior,1,Lateral,2,Non-diseased,MCMC,0.011734,,0.064572,0.519057,0.519057,1.000000,0.011734
MI_1,MI Mild (μ=1.5),35,Inferior,1,Septal,3,Non-diseased,Point Estimate,0.000055,0.006685,0.006685,,0.000000,,0.000055
MI_1,MI Mild (μ=1.5),35,Inferior,1,Septal,3,Non-diseased,MCMC,0.067277,,0.150113,1.089709,1.089709,1.000000,0.067277
MI_1,MI Mild (μ=1.5),35,Inferior,1,Apical,4,Non-diseased,Point Estimate,0.002043,0.045201,0.045201,,0.000000,,0.002043
MI_1,MI Mild (μ=1.5),35,Inferior,1,Apical,4,Non-diseased,MCMC,0.004456,,0.040092,0.426589,0.426589,1.000000,0.004456
MI_1,MI Mild (μ=1.5),36,Inferior,1,Anterior,0,Non-diseased,Point Estimate,0.000195,0.013057,0.013057,,0.000000,,0.000195
MI_1,MI Mild (μ=1.5),36,Inferior,1,Anterior,0,Non-diseased,MCMC,0.004158,,0.057398,0.738384,0.738384,1.000000,0.004158
MI_1,MI Mild (μ=1.5),36,Inferior,1,Inferior,1,Diseased,Point Estimate,0.207606,0.455630,0.455630,,0.000000,,0.207606
MI_1,MI Mild (μ=1.5),36,Inferior,1,Inferior,1,Diseased,MCMC,0.264209,,0.313605,1.440016,1.440016,1.000000,0.264209
MI_1,MI Mild (μ=1.5),36,Inferior,1,Lateral,2,Non-diseased,Point Estimate,0.016082,0.125776,0.125776,,0.000000,,0.016082
MI_1,MI Mild (μ=1.5),36,Inferior,1,Lateral,2,Non-diseased,MCMC,0.009234,,0.057875,0.480633,0.480633,1.000000,0.009234
MI_1,MI Mild (μ=1.5),36,Inferior,1,Septal,3,Non-diseased,Point Estimate,0.003611,0.059275,0.059275,,0.000000,,0.003611
MI_1,MI Mild (μ=1.5),36,Inferior,1,Septal,3,Non-diseased,MCMC,0.018120,,0.085014,0.887786,0.887786,1.000000,0.018120
MI_1,MI Mild (μ=1.5),36,Inferior,1,Apical,4,Non-diseased,Point Estimate,0.001875,0.042923,0.042923,,0.000000,,0.001875
MI_1,MI Mild (μ=1.5),36,Inferior,1,Apical,4,Non-diseased,MCMC,0.011727,,0.067495,0.394136,0.394136,1.000000,0.011727
MI_1,MI Mild (μ=1.5),37,Inferior,1,Anterior,0,Non-diseased,Point Estimate,0.004997,0.070261,0.070261,,0.000000,,0.004997
MI_1,MI Mild (μ=1.5),37,Inferior,1,Anterior,0,Non-diseased,MCMC,0.005158,,0.053239,0.701836,0.701836,1.000000,0.005158
MI_1,MI Mild (μ=1.5),37,Inferior,1,Inferior,1,Diseased,Point Estimate,0.002511,0.037934,0.037934,,0.000000,,0.002511
MI_1,MI Mild (μ=1.5),37,Inferior,1,Inferior,1,Diseased,MCMC,0.169323,,0.245994,1.303456,1.303456,1.000000,0.169323
MI_1,MI Mild (μ=1.5),37,Inferior,1,Lateral,2,Non-diseased,Point Estimate,0.007199,0.083437,0.083437,,0.000000,,0.007199
MI_1,MI Mild (μ=1.5),37,Inferior,1,Lateral,2,Non-diseased,MCMC,0.010193,,0.058841,0.436039,0.436039,1.000000,0.010193
MI_1,MI Mild (μ=1.5),37,Inferior,1,Septal,3,Non-diseased,Point Estimate,0.001693,0.040869,0.040869,,0.000000,,0.001693
MI_1,MI Mild (μ=1.5),37,Inferior,1,Septal,3,Non-diseased,MCMC,0.036559,,0.113731,1.078026,1.078026,1.000000,0.036559
MI_1,MI Mild (μ=1.5),37,Inferior,1,Apical,4,Non-diseased,Point Estimate,0.000026,0.005134,0.005134,,0.000000,,0.000026
MI_1,MI Mild (μ=1.5),37,Inferior,1,Apical,4,Non-diseased,MCMC,0.008793,,0.055876,0.450932,0.450932,1.000000,0.008793
MI_1,MI Mild (μ=1.5),38,Inferior,1,Anterior,0,Non-diseased,Point Estimate,0.000078,0.007518,0.007518,,0.000000,,0.000078
MI_1,MI Mild (μ=1.5),38,Inferior,1,Anterior,0,Non-diseased,MCMC,0.012187,,0.068261,0.722126,0.722126,1.000000,0.012187
MI_1,MI Mild (μ=1.5),38,Inferior,1,Inferior,1,Diseased,Point Estimate,0.099730,0.315746,0.315746,,0.000000,,0.099730
MI_1,MI Mild (μ=1.5),38,Inferior,1,Inferior,1,Diseased,MCMC,0.222341,,0.285308,1.335396,1.335396,1.000000,0.222341
MI_1,MI Mild (μ=1.5),38,Inferior,1,Lateral,2,Non-diseased,Point Estimate,0.010957,0.104181,0.104181,,0.000000,,0.010957
MI_1,MI Mild (μ=1.5),38,Inferior,1,Lateral,2,Non-diseased,MCMC,0.010789,,0.061322,0.525852,0.525852,1.000000,0.010789
MI_1,MI Mild (μ=1.5),38,Inferior,1,Septal,3,Non-diseased,Point Estimate,0.001932,0.042569,0.042569,,0.000000,,0.001932
MI_1,MI Mild (μ=1.5),38,Inferior,1,Septal,3,Non-diseased,MCMC,0.056959,,0.141477,0.990228,0.990228,1.000000,0.056959
MI_1,MI Mild (μ=1.5),38,Inferior,1,Apical,4,Non-diseased,Point Estimate,0.001594,0.039903,0.039903,,0.000000,,0.001594
MI_1,MI Mild (μ=1.5),38,Inferior,1,Apical,4,Non-diseased,MCMC,0.005678,,0.045922,0.519189,0.519189,1.000000,0.005678
MI_1,MI Mild (μ=1.5),39,Inferior,1,Anterior,0,Non-diseased,Point Estimate,0.029867,0.172005,0.172005,,0.000000,,0.029867
MI_1,MI Mild (μ=1.5),39,Inferior,1,Anterior,0,Non-diseased,MCMC,0.002457,,0.050884,0.744389,0.744389,1.000000,0.002457
MI_1,MI Mild (μ=1.5),39,Inferior,1,Inferior,1,Diseased,Point Estimate,0.007275,0.084231,0.084231,,0.000000,,0.007275
MI_1,MI Mild (μ=1.5),39,Inferior,1,Inferior,1,Diseased,MCMC,0.083189,,0.174802,1.491965,1.491965,1.000000,0.083189
MI_1,MI Mild (μ=1.5),39,Inferior,1,Lateral,2,Non-diseased,Point Estimate,0.000868,0.025830,0.025830,,0.000000,,0.000868
MI_1,MI Mild (μ=1.5),39,Inferior,1,Lateral,2,Non-diseased,MCMC,0.004530,,0.044135,0.498799,0.498799,1.000000,0.004530
MI_1,MI Mild (μ=1.5),39,Inferior,1,Septal,3,Non-diseased,Point Estimate,0.019878,0.140850,0.140850,,0.000000,,0.019878
MI_1,MI Mild (μ=1.5),39,Inferior,1,Septal,3,Non-diseased,MCMC,0.020123,,0.086409,0.924700,0.924700,1.000000,0.020123
MI_1,MI Mild (μ=1.5),39,Inferior,1,Apical,4,Non-diseased,Point Estimate,0.000370,0.018717,0.018717,,0.000000,,0.000370
MI_1,MI Mild (μ=1.5),39,Inferior,1,Apical,4,Non-diseased,MCMC,0.007751,,0.053455,0.525293,0.525293,1.000000,0.007751
MI_1,MI Mild (μ=1.5),40,Lateral,2,Anterior,0,Non-diseased,Point Estimate,0.005260,0.071987,0.071987,,0.000000,,0.005260
MI_1,MI Mild (μ=1.5),40,Lateral,2,Anterior,0,Non-diseased,MCMC,0.014689,,0.072271,0.680412,0.680412,1.000000,0.014689
MI_1,MI Mild (μ=1.5),40,Lateral,2,Inferior,1,Non-diseased,Point Estimate,0.003756,0.053887,0.053887,,0.000000,,0.003756
MI_1,MI Mild (μ=1.5),40,Lateral,2,Inferior,1,Non-diseased,MCMC,0.130813,,0.222248,1.184169,1.184169,1.000000,0.130813
MI_1,MI Mild (μ=1.5),40,Lateral,2,Lateral,2,Diseased,Point Estimate,0.003910,0.061414,0.061414,,0.000000,,0.003910
MI_1,MI Mild (μ=1.5),40,Lateral,2,Lateral,2,Diseased,MCMC,0.010883,,0.062729,0.599020,0.599020,1.000000,0.010883
MI_1,MI Mild (μ=1.5),40,Lateral,2,Septal,3,Non-diseased,Point Estimate,0.005014,0.070779,0.070779,,0.000000,,0.005014
MI_1,MI Mild (μ=1.5),40,Lateral,2,Septal,3,Non-diseased,MCMC,0.060187,,0.145179,1.043237,1.043237,1.000000,0.060187
MI_1,MI Mild (μ=1.5),40,Lateral,2,Apical,4,Non-diseased,Point Estimate,0.000302,0.017320,0.017320,,0.000000,,0.000302
MI_1,MI Mild (μ=1.5),40,Lateral,2,Apical,4,Non-diseased,MCMC,0.000056,,0.027856,0.488157,0.488157,1.000000,0.000056
MI_1,MI Mild (μ=1.5),41,Lateral,2,Anterior,0,Non-diseased,Point Estimate,0.000086,0.007366,0.007366,,0.000000,,0.000086
MI_1,MI Mild (μ=1.5),41,Lateral,2,Anterior,0,Non-diseased,MCMC,0.010660,,0.066659,0.728518,0.728518,1.000000,0.010660
MI_1,MI Mild (μ=1.5),41,Lateral,2,Inferior,1,Non-diseased,Point Estimate,0.030746,0.172735,0.172735,,0.000000,,0.030746
MI_1,MI Mild (μ=1.5),41,Lateral,2,Inferior,1,Non-diseased,MCMC,0.001255,,0.079824,1.291073,1.291073,1.000000,0.001255
MI_1,MI Mild (μ=1.5),41,Lateral,2,Lateral,2,Diseased,Point Estimate,0.002522,0.047149,0.047149,,0.000000,,0.002522
MI_1,MI Mild (μ=1.5),41,Lateral,2,Lateral,2,Diseased,MCMC,0.004199,,0.069031,1.019965,1.019965,1.000000,0.004199
MI_1,MI Mild (μ=1.5),41,Lateral,2,Septal,3,Non-diseased,Point Estimate,0.000001,0.000901,0.000901,,0.000000,,0.000001
MI_1,MI Mild (μ=1.5),41,Lateral,2,Septal,3,Non-diseased,MCMC,0.030407,,0.104697,0.969703,0.969703,1.000000,0.030407
MI_1,MI Mild (μ=1.5),41,Lateral,2,Apical,4,Non-diseased,Point Estimate,0.002637,0.051243,0.051243,,0.000000,,0.002637
MI_1,MI Mild (μ=1.5),41,Lateral,2,Apical,4,Non-diseased,MCMC,0.000850,,0.029613,0.453005,0.453005,1.000000,0.000850
MI_1,MI Mild (μ=1.5),42,Lateral,2,Anterior,0,Non-diseased,Point Estimate,0.005891,0.073989,0.073989,,0.000000,,0.005891
MI_1,MI Mild (μ=1.5),42,Lateral,2,Anterior,0,Non-diseased,MCMC,0.011872,,0.065834,0.724933,0.724933,1.000000,0.011872
MI_1,MI Mild (μ=1.5),42,Lateral,2,Inferior,1,Non-diseased,Point Estimate,0.025758,0.159068,0.159068,,0.000000,,0.025758
MI_1,MI Mild (μ=1.5),42,Lateral,2,Inferior,1,Non-diseased,MCMC,0.001048,,0.069849,1.128189,1.128189,1.000000,0.001048
MI_1,MI Mild (μ=1.5),42,Lateral,2,Lateral,2,Diseased,Point Estimate,0.002650,0.051200,0.051200,,0.000000,,0.002650
MI_1,MI Mild (μ=1.5),42,Lateral,2,Lateral,2,Diseased,MCMC,0.000478,,0.052327,0.873820,0.873820,1.000000,0.000478
MI_1,MI Mild (μ=1.5),42,Lateral,2,Septal,3,Non-diseased,Point Estimate,0.000531,0.022961,0.022961,,0.000000,,0.000531
MI_1,MI Mild (μ=1.5),42,Lateral,2,Septal,3,Non-diseased,MCMC,0.031753,,0.109632,0.935066,0.935066,1.000000,0.031753
MI_1,MI Mild (μ=1.5),42,Lateral,2,Apical,4,Non-diseased,Point Estimate,0.002962,0.054379,0.054379,,0.000000,,0.002962
MI_1,MI Mild (μ=1.5),42,Lateral,2,Apical,4,Non-diseased,MCMC,0.000875,,0.033135,0.514885,0.514885,1.000000,0.000875
MI_1,MI Mild (μ=1.5),43,Lateral,2,Anterior,0,Non-diseased,Point Estimate,0.057684,0.237355,0.237355,,0.000000,,0.057684
MI_1,MI Mild (μ=1.5),43,Lateral,2,Anterior,0,Non-diseased,MCMC,0.007970,,0.062038,0.778122,0.778122,1.000000,0.007970
MI_1,MI Mild (μ=1.5),43,Lateral,2,Inferior,1,Non-diseased,Point Estimate,0.006488,0.079508,0.079508,,0.000000,,0.006488
MI_1,MI Mild (μ=1.5),43,Lateral,2,Inferior,1,Non-diseased,MCMC,0.042927,,0.132222,1.343282,1.343282,1.000000,0.042927
MI_1,MI Mild (μ=1.5),43,Lateral,2,Lateral,2,Diseased,Point Estimate,0.001824,0.040697,0.040697,,0.000000,,0.001824
MI_1,MI Mild (μ=1.5),43,Lateral,2,Lateral,2,Diseased,MCMC,0.009159,,0.066638,0.816771,0.816771,1.000000,0.009159
MI_1,MI Mild (μ=1.5),43,Lateral,2,Septal,3,Non-diseased,Point Estimate,0.037734,0.193954,0.193954,,0.000000,,0.037734
MI_1,MI Mild (μ=1.5),43,Lateral,2,Septal,3,Non-diseased,MCMC,0.027827,,0.101792,0.980589,0.980589,1.000000,0.027827
MI_1,MI Mild (μ=1.5),43,Lateral,2,Apical,4,Non-diseased,Point Estimate,0.001376,0.036866,0.036866,,0.000000,,0.001376
MI_1,MI Mild (μ=1.5),43,Lateral,2,Apical,4,Non-diseased,MCMC,0.004005,,0.039811,0.491449,0.491449,1.000000,0.004005
MI_1,MI Mild (μ=1.5),44,Lateral,2,Anterior,0,Non-diseased,Point Estimate,0.023686,0.152154,0.152154,,0.000000,,0.023686
MI_1,MI Mild (μ=1.5),44,Lateral,2,Anterior,0,Non-diseased,MCMC,0.007199,,0.062373,0.765784,0.765784,1.000000,0.007199
MI_1,MI Mild (μ=1.5),44,Lateral,2,Inferior,1,Non-diseased,Point Estimate,0.002885,0.042965,0.042965,,0.000000,,0.002885
MI_1,MI Mild (μ=1.5),44,Lateral,2,Inferior,1,Non-diseased,MCMC,0.117911,,0.203807,1.317066,1.317066,1.000000,0.117911
MI_1,MI Mild (μ=1.5),44,Lateral,2,Lateral,2,Diseased,Point Estimate,0.000368,0.019032,0.019032,,0.000000,,0.000368
MI_1,MI Mild (μ=1.5),44,Lateral,2,Lateral,2,Diseased,MCMC,0.006472,,0.052984,0.572651,0.572651,1.000000,0.006472
MI_1,MI Mild (μ=1.5),44,Lateral,2,Septal,3,Non-diseased,Point Estimate,0.022383,0.149386,0.149386,,0.000000,,0.022383
MI_1,MI Mild (μ=1.5),44,Lateral,2,Septal,3,Non-diseased,MCMC,0.031109,,0.109147,0.968305,0.968305,1.000000,0.031109
MI_1,MI Mild (μ=1.5),44,Lateral,2,Apical,4,Non-diseased,Point Estimate,0.000231,0.015134,0.015134,,0.000000,,0.000231
MI_1,MI Mild (μ=1.5),44,Lateral,2,Apical,4,Non-diseased,MCMC,0.007277,,0.051940,0.382623,0.382623,1.000000,0.007277
MI_1,MI Mild (μ=1.5),45,Lateral,2,Anterior,0,Non-diseased,Point Estimate,0.002487,0.049859,0.049859,,0.000000,,0.002487
MI_1,MI Mild (μ=1.5),45,Lateral,2,Anterior,0,Non-diseased,MCMC,0.008344,,0.061493,0.736329,0.736329,1.000000,0.008344
MI_1,MI Mild (μ=1.5),45,Lateral,2,Inferior,1,Non-diseased,Point Estimate,0.010036,0.100093,0.100093,,0.000000,,0.010036
MI_1,MI Mild (μ=1.5),45,Lateral,2,Inferior,1,Non-diseased,MCMC,0.009461,,0.092402,1.290544,1.290544,1.000000,0.009461
MI_1,MI Mild (μ=1.5),45,Lateral,2,Lateral,2,Diseased,Point Estimate,0.001775,0.041906,0.041906,,0.000000,,0.001775
MI_1,MI Mild (μ=1.5),45,Lateral,2,Lateral,2,Diseased,MCMC,0.000733,,0.054023,0.868043,0.868043,1.000000,0.000733
MI_1,MI Mild (μ=1.5),45,Lateral,2,Septal,3,Non-diseased,Point Estimate,0.005557,0.074531,0.074531,,0.000000,,0.005557
MI_1,MI Mild (μ=1.5),45,Lateral,2,Septal,3,Non-diseased,MCMC,0.030343,,0.108733,1.024384,1.024384,1.000000,0.030343
MI_1,MI Mild (μ=1.5),45,Lateral,2,Apical,4,Non-diseased,Point Estimate,0.001102,0.033191,0.033191,,0.000000,,0.001102
MI_1,MI Mild (μ=1.5),45,Lateral,2,Apical,4,Non-diseased,MCMC,0.000008,,0.028811,0.477451,0.477451,1.000000,0.000008
MI_1,MI Mild (μ=1.5),46,Lateral,2,Anterior,0,Non-diseased,Point Estimate,0.000977,0.029092,0.029092,,0.000000,,0.000977
MI_1,MI Mild (μ=1.5),46,Lateral,2,Anterior,0,Non-diseased,MCMC,0.005642,,0.062678,0.829969,0.829969,1.000000,0.005642
MI_1,MI Mild (μ=1.5),46,Lateral,2,Inferior,1,Non-diseased,Point Estimate,0.006675,0.078888,0.078888,,0.000000,,0.006675
MI_1,MI Mild (μ=1.5),46,Lateral,2,Inferior,1,Non-diseased,MCMC,0.004835,,0.083863,1.269370,1.269370,1.000000,0.004835
MI_1,MI Mild (μ=1.5),46,Lateral,2,Lateral,2,Diseased,Point Estimate,0.000453,0.020460,0.020460,,0.000000,,0.000453
MI_1,MI Mild (μ=1.5),46,Lateral,2,Lateral,2,Diseased,MCMC,0.000512,,0.057448,0.985405,0.985405,1.000000,0.000512
MI_1,MI Mild (μ=1.5),46,Lateral,2,Septal,3,Non-diseased,Point Estimate,0.000028,0.004528,0.004528,,0.000000,,0.000028
MI_1,MI Mild (μ=1.5),46,Lateral,2,Septal,3,Non-diseased,MCMC,0.027204,,0.098701,0.982439,0.982439,1.000000,0.027204
MI_1,MI Mild (μ=1.5),46,Lateral,2,Apical,4,Non-diseased,Point Estimate,0.001504,0.038669,0.038669,,0.000000,,0.001504
MI_1,MI Mild (μ=1.5),46,Lateral,2,Apical,4,Non-diseased,MCMC,0.002926,,0.035065,0.442162,0.442162,1.000000,0.002926
MI_1,MI Mild (μ=1.5),47,Lateral,2,Anterior,0,Non-diseased,Point Estimate,0.000747,0.026988,0.026988,,0.000000,,0.000747
MI_1,MI Mild (μ=1.5),47,Lateral,2,Anterior,0,Non-diseased,MCMC,0.009940,,0.062750,0.698855,0.698855,1.000000,0.009940
MI_1,MI Mild (μ=1.5),47,Lateral,2,Inferior,1,Non-diseased,Point Estimate,0.005402,0.073072,0.073072,,0.000000,,0.005402
MI_1,MI Mild (μ=1.5),47,Lateral,2,Inferior,1,Non-diseased,MCMC,0.000241,,0.078908,1.344290,1.344290,1.000000,0.000241
MI_1,MI Mild (μ=1.5),47,Lateral,2,Lateral,2,Diseased,Point Estimate,0.000770,0.025240,0.025240,,0.000000,,0.000770
MI_1,MI Mild (μ=1.5),47,Lateral,2,Lateral,2,Diseased,MCMC,0.000182,,0.055872,0.947542,0.947542,1.000000,0.000182
MI_1,MI Mild (μ=1.5),47,Lateral,2,Septal,3,Non-diseased,Point Estimate,0.000535,0.023044,0.023044,,0.000000,,0.000535
MI_1,MI Mild (μ=1.5),47,Lateral,2,Septal,3,Non-diseased,MCMC,0.029286,,0.104644,1.027113,1.027113,1.000000,0.029286
MI_1,MI Mild (μ=1.5),47,Lateral,2,Apical,4,Non-diseased,Point Estimate,0.001195,0.034193,0.034193,,0.000000,,0.001195
MI_1,MI Mild (μ=1.5),47,Lateral,2,Apical,4,Non-diseased,MCMC,0.000650,,0.028497,0.486155,0.486155,1.000000,0.000650
MI_1,MI Mild (μ=1.5),48,Lateral,2,Anterior,0,Non-diseased,Point Estimate,0.000085,0.008581,0.008581,,0.000000,,0.000085
MI_1,MI Mild (μ=1.5),48,Lateral,2,Anterior,0,Non-diseased,MCMC,0.012535,,0.068491,0.678543,0.678543,1.000000,0.012535
MI_1,MI Mild (μ=1.5),48,Lateral,2,Inferior,1,Non-diseased,Point Estimate,0.163752,0.404221,0.404221,,0.000000,,0.163752
MI_1,MI Mild (μ=1.5),48,Lateral,2,Inferior,1,Non-diseased,MCMC,0.225714,,0.304529,1.128450,1.128450,1.000000,0.225714
MI_1,MI Mild (μ=1.5),48,Lateral,2,Lateral,2,Diseased,Point Estimate,0.023561,0.153262,0.153262,,0.000000,,0.023561
MI_1,MI Mild (μ=1.5),48,Lateral,2,Lateral,2,Diseased,MCMC,0.011363,,0.064266,0.532717,0.532717,1.000000,0.011363
MI_1,MI Mild (μ=1.5),48,Lateral,2,Septal,3,Non-diseased,Point Estimate,0.000504,0.018279,0.018279,,0.000000,,0.000504
MI_1,MI Mild (μ=1.5),48,Lateral,2,Septal,3,Non-diseased,MCMC,0.068550,,0.154099,1.030724,1.030724,1.000000,0.068550
MI_1,MI Mild (μ=1.5),48,Lateral,2,Apical,4,Non-diseased,Point Estimate,0.001197,0.034590,0.034590,,0.000000,,0.001197
MI_1,MI Mild (μ=1.5),48,Lateral,2,Apical,4,Non-diseased,MCMC,0.000755,,0.031502,0.500393,0.500393,1.000000,0.000755
MI_1,MI Mild (μ=1.5),49,Lateral,2,Anterior,0,Non-diseased,Point Estimate,0.000083,0.008785,0.008785,,0.000000,,0.000083
MI_1,MI Mild (μ=1.5),49,Lateral,2,Anterior,0,Non-diseased,MCMC,0.016341,,0.078602,0.805718,0.805718,1.000000,0.016341
MI_1,MI Mild (μ=1.5),49,Lateral,2,Inferior,1,Non-diseased,Point Estimate,0.115660,0.339363,0.339363,,0.000000,,0.115660
MI_1,MI Mild (μ=1.5),49,Lateral,2,Inferior,1,Non-diseased,MCMC,0.086987,,0.178940,1.161421,1.161421,1.000000,0.086987
MI_1,MI Mild (μ=1.5),49,Lateral,2,Lateral,2,Diseased,Point Estimate,0.008259,0.090865,0.090865,,0.000000,,0.008259
MI_1,MI Mild (μ=1.5),49,Lateral,2,Lateral,2,Diseased,MCMC,0.004062,,0.052294,0.673616,0.673616,1.000000,0.004062
MI_1,MI Mild (μ=1.5),49,Lateral,2,Septal,3,Non-diseased,Point Estimate,0.000450,0.018772,0.018772,,0.000000,,0.000450
MI_1,MI Mild (μ=1.5),49,Lateral,2,Septal,3,Non-diseased,MCMC,0.053044,,0.138063,0.985186,0.985186,1.000000,0.053044
MI_1,MI Mild (μ=1.5),49,Lateral,2,Apical,4,Non-diseased,Point Estimate,0.001625,0.040271,0.040271,,0.000000,,0.001625
MI_1,MI Mild (μ=1.5),49,Lateral,2,Apical,4,Non-diseased,MCMC,0.003151,,0.035993,0.473732,0.473732,1.000000,0.003151
MI_1,MI Mild (μ=1.5),50,Lateral,2,Anterior,0,Non-diseased,Point Estimate,0.001825,0.042162,0.042162,,0.000000,,0.001825
MI_1,MI Mild (μ=1.5),50,Lateral,2,Anterior,0,Non-diseased,MCMC,0.012577,,0.071496,0.796150,0.796150,1.000000,0.012577
MI_1,MI Mild (μ=1.5),50,Lateral,2,Inferior,1,Non-diseased,Point Estimate,0.000552,0.021694,0.021694,,0.000000,,0.000552
MI_1,MI Mild (μ=1.5),50,Lateral,2,Inferior,1,Non-diseased,MCMC,0.006749,,0.075602,1.131743,1.131743,1.000000,0.006749
MI_1,MI Mild (μ=1.5),50,Lateral,2,Lateral,2,Diseased,Point Estimate,0.000626,0.023237,0.023237,,0.000000,,0.000626
MI_1,MI Mild (μ=1.5),50,Lateral,2,Lateral,2,Diseased,MCMC,0.000783,,0.054410,0.869228,0.869228,1.000000,0.000783
MI_1,MI Mild (μ=1.5),50,Lateral,2,Septal,3,Non-diseased,Point Estimate,0.001320,0.036322,0.036322,,0.000000,,0.001320
MI_1,MI Mild (μ=1.5),50,Lateral,2,Septal,3,Non-diseased,MCMC,0.030648,,0.106693,0.995702,0.995702,1.000000,0.030648
MI_1,MI Mild (μ=1.5),50,Lateral,2,Apical,4,Non-diseased,Point Estimate,0.001417,0.037637,0.037637,,0.000000,,0.001417
MI_1,MI Mild (μ=1.5),50,Lateral,2,Apical,4,Non-diseased,MCMC,0.002842,,0.036704,0.504008,0.504008,1.000000,0.002842
MI_1,MI Mild (μ=1.5),51,Lateral,2,Anterior,0,Non-diseased,Point Estimate,0.015180,0.121979,0.121979,,0.000000,,0.015180
MI_1,MI Mild (μ=1.5),51,Lateral,2,Anterior,0,Non-diseased,MCMC,0.008719,,0.065484,0.824623,0.824623,1.000000,0.008719
MI_1,MI Mild (μ=1.5),51,Lateral,2,Inferior,1,Non-diseased,Point Estimate,0.018167,0.134193,0.134193,,0.000000,,0.018167
MI_1,MI Mild (μ=1.5),51,Lateral,2,Inferior,1,Non-diseased,MCMC,0.032154,,0.117895,1.291716,1.291716,1.000000,0.032154
MI_1,MI Mild (μ=1.5),51,Lateral,2,Lateral,2,Diseased,Point Estimate,0.000821,0.028253,0.028253,,0.000000,,0.000821
MI_1,MI Mild (μ=1.5),51,Lateral,2,Lateral,2,Diseased,MCMC,0.001097,,0.044417,0.686434,0.686434,1.000000,0.001097
MI_1,MI Mild (μ=1.5),51,Lateral,2,Septal,3,Non-diseased,Point Estimate,0.010348,0.101655,0.101655,,0.000000,,0.010348
MI_1,MI Mild (μ=1.5),51,Lateral,2,Septal,3,Non-diseased,MCMC,0.026695,,0.100697,0.976605,0.976605,1.000000,0.026695
MI_1,MI Mild (μ=1.5),51,Lateral,2,Apical,4,Non-diseased,Point Estimate,0.000353,0.018478,0.018478,,0.000000,,0.000353
MI_1,MI Mild (μ=1.5),51,Lateral,2,Apical,4,Non-diseased,MCMC,0.000270,,0.033494,0.527528,0.527528,1.000000,0.000270
MI_1,MI Mild (μ=1.5),52,Lateral,2,Anterior,0,Non-diseased,Point Estimate,0.000213,0.012994,0.012994,,0.000000,,0.000213
MI_1,MI Mild (μ=1.5),52,Lateral,2,Anterior,0,Non-diseased,MCMC,0.015662,,0.076427,0.781813,0.781813,1.000000,0.015662
MI_1,MI Mild (μ=1.5),52,Lateral,2,Inferior,1,Non-diseased,Point Estimate,0.000169,0.010629,0.010629,,0.000000,,0.000169
MI_1,MI Mild (μ=1.5),52,Lateral,2,Inferior,1,Non-diseased,MCMC,0.015265,,0.091717,1.369911,1.369911,1.000000,0.015265
MI_1,MI Mild (μ=1.5),52,Lateral,2,Lateral,2,Diseased,Point Estimate,0.000789,0.022689,0.022689,,0.000000,,0.000789
MI_1,MI Mild (μ=1.5),52,Lateral,2,Lateral,2,Diseased,MCMC,0.000621,,0.083033,1.289943,1.289943,1.000000,0.000621
MI_1,MI Mild (μ=1.5),52,Lateral,2,Septal,3,Non-diseased,Point Estimate,0.002546,0.049085,0.049085,,0.000000,,0.002546
MI_1,MI Mild (μ=1.5),52,Lateral,2,Septal,3,Non-diseased,MCMC,0.025466,,0.096711,0.858415,0.858415,1.000000,0.025466
MI_1,MI Mild (μ=1.5),52,Lateral,2,Apical,4,Non-diseased,Point Estimate,0.002609,0.050313,0.050313,,0.000000,,0.002609
MI_1,MI Mild (μ=1.5),52,Lateral,2,Apical,4,Non-diseased,MCMC,0.000019,,0.026672,0.465792,0.465792,1.000000,0.000019
MI_1,MI Mild (μ=1.5),53,Lateral,2,Anterior,0,Non-diseased,Point Estimate,0.005925,0.075984,0.075984,,0.000000,,0.005925
MI_1,MI Mild (μ=1.5),53,Lateral,2,Anterior,0,Non-diseased,MCMC,0.010990,,0.067792,0.777200,0.777200,1.000000,0.010990
MI_1,MI Mild (μ=1.5),53,Lateral,2,Inferior,1,Non-diseased,Point Estimate,0.001813,0.039646,0.039646,,0.000000,,0.001813
MI_1,MI Mild (μ=1.5),53,Lateral,2,Inferior,1,Non-diseased,MCMC,0.008490,,0.089090,1.238722,1.238722,1.000000,0.008490
MI_1,MI Mild (μ=1.5),53,Lateral,2,Lateral,2,Diseased,Point Estimate,0.000514,0.022652,0.022652,,0.000000,,0.000514
MI_1,MI Mild (μ=1.5),53,Lateral,2,Lateral,2,Diseased,MCMC,0.002001,,0.052510,0.805852,0.805852,1.000000,0.002001
MI_1,MI Mild (μ=1.5),53,Lateral,2,Septal,3,Non-diseased,Point Estimate,0.004830,0.069494,0.069494,,0.000000,,0.004830
MI_1,MI Mild (μ=1.5),53,Lateral,2,Septal,3,Non-diseased,MCMC,0.027187,,0.100971,0.986123,0.986123,1.000000,0.027187
MI_1,MI Mild (μ=1.5),53,Lateral,2,Apical,4,Non-diseased,Point Estimate,0.001934,0.043971,0.043971,,0.000000,,0.001934
MI_1,MI Mild (μ=1.5),53,Lateral,2,Apical,4,Non-diseased,MCMC,0.001530,,0.034921,0.485246,0.485246,1.000000,0.001530
MI_1,MI Mild (μ=1.5),54,Lateral,2,Anterior,0,Non-diseased,Point Estimate,0.004887,0.069879,0.069879,,0.000000,,0.004887
MI_1,MI Mild (μ=1.5),54,Lateral,2,Anterior,0,Non-diseased,MCMC,0.007805,,0.063713,0.802723,0.802723,1.000000,0.007805
MI_1,MI Mild (μ=1.5),54,Lateral,2,Inferior,1,Non-diseased,Point Estimate,0.006092,0.075975,0.075975,,0.000000,,0.006092
MI_1,MI Mild (μ=1.5),54,Lateral,2,Inferior,1,Non-diseased,MCMC,0.199140,,0.263546,1.417925,1.417925,1.000000,0.199140
MI_1,MI Mild (μ=1.5),54,Lateral,2,Lateral,2,Diseased,Point Estimate,0.000415,0.015317,0.015317,,0.000000,,0.000415
MI_1,MI Mild (μ=1.5),54,Lateral,2,Lateral,2,Diseased,MCMC,0.008015,,0.058409,0.662685,0.662685,1.000000,0.008015
MI_1,MI Mild (μ=1.5),54,Lateral,2,Septal,3,Non-diseased,Point Estimate,0.003518,0.059245,0.059245,,0.000000,,0.003518
MI_1,MI Mild (μ=1.5),54,Lateral,2,Septal,3,Non-diseased,MCMC,0.051680,,0.131142,1.078664,1.078664,1.000000,0.051680
MI_1,MI Mild (μ=1.5),54,Lateral,2,Apical,4,Non-diseased,Point Estimate,0.000098,0.009689,0.009689,,0.000000,,0.000098
MI_1,MI Mild (μ=1.5),54,Lateral,2,Apical,4,Non-diseased,MCMC,0.001392,,0.028870,0.451291,0.451291,1.000000,0.001392
MI_1,MI Mild (μ=1.5),55,Lateral,2,Anterior,0,Non-diseased,Point Estimate,0.060732,0.244560,0.244560,,0.000000,,0.060732
MI_1,MI Mild (μ=1.5),55,Lateral,2,Anterior,0,Non-diseased,MCMC,0.010863,,0.063872,0.682336,0.682336,1.000000,0.010863
MI_1,MI Mild (μ=1.5),55,Lateral,2,Inferior,1,Non-diseased,Point Estimate,0.010585,0.102091,0.102091,,0.000000,,0.010585
MI_1,MI Mild (μ=1.5),55,Lateral,2,Inferior,1,Non-diseased,MCMC,0.275965,,0.326724,1.302905,1.302905,1.000000,0.275965
MI_1,MI Mild (μ=1.5),55,Lateral,2,Lateral,2,Diseased,Point Estimate,0.000914,0.022671,0.022671,,0.000000,,0.000914
MI_1,MI Mild (μ=1.5),55,Lateral,2,Lateral,2,Diseased,MCMC,0.019376,,0.082839,0.516255,0.516255,1.000000,0.019376
MI_1,MI Mild (μ=1.5),55,Lateral,2,Septal,3,Non-diseased,Point Estimate,0.053724,0.231652,0.231652,,0.000000,,0.053724
MI_1,MI Mild (μ=1.5),55,Lateral,2,Septal,3,Non-diseased,MCMC,0.038272,,0.117907,1.069040,1.069040,1.000000,0.038272
MI_1,MI Mild (μ=1.5),55,Lateral,2,Apical,4,Non-diseased,Point Estimate,0.000043,0.005543,0.005543,,0.000000,,0.000043
MI_1,MI Mild (μ=1.5),55,Lateral,2,Apical,4,Non-diseased,MCMC,0.002902,,0.036774,0.463224,0.463224,1.000000,0.002902
MI_1,MI Mild (μ=1.5),56,Lateral,2,Anterior,0,Non-diseased,Point Estimate,0.010716,0.102286,0.102286,,0.000000,,0.010716
MI_1,MI Mild (μ=1.5),56,Lateral,2,Anterior,0,Non-diseased,MCMC,0.005086,,0.056865,0.774745,0.774745,1.000000,0.005086
MI_1,MI Mild (μ=1.5),56,Lateral,2,Inferior,1,Non-diseased,Point Estimate,0.048172,0.218524,0.218524,,0.000000,,0.048172
MI_1,MI Mild (μ=1.5),56,Lateral,2,Inferior,1,Non-diseased,MCMC,0.167333,,0.247702,1.157713,1.157713,1.000000,0.167333
MI_1,MI Mild (μ=1.5),56,Lateral,2,Lateral,2,Diseased,Point Estimate,0.004713,0.067669,0.067669,,0.000000,,0.004713
MI_1,MI Mild (μ=1.5),56,Lateral,2,Lateral,2,Diseased,MCMC,0.003851,,0.044612,0.539909,0.539909,1.000000,0.003851
MI_1,MI Mild (μ=1.5),56,Lateral,2,Septal,3,Non-diseased,Point Estimate,0.007669,0.087090,0.087090,,0.000000,,0.007669
MI_1,MI Mild (μ=1.5),56,Lateral,2,Septal,3,Non-diseased,MCMC,0.031788,,0.112118,1.064236,1.064236,1.000000,0.031788
MI_1,MI Mild (μ=1.5),56,Lateral,2,Apical,4,Non-diseased,Point Estimate,0.000510,0.022492,0.022492,,0.000000,,0.000510
MI_1,MI Mild (μ=1.5),56,Lateral,2,Apical,4,Non-diseased,MCMC,0.011733,,0.064799,0.434575,0.434575,1.000000,0.011733
MI_1,MI Mild (μ=1.5),57,Lateral,2,Anterior,0,Non-diseased,Point Estimate,0.030556,0.173036,0.173036,,0.000000,,0.030556
MI_1,MI Mild (μ=1.5),57,Lateral,2,Anterior,0,Non-diseased,MCMC,0.001768,,0.054272,0.788283,0.788283,1.000000,0.001768
MI_1,MI Mild (μ=1.5),57,Lateral,2,Inferior,1,Non-diseased,Point Estimate,0.001032,0.027913,0.027913,,0.000000,,0.001032
MI_1,MI Mild (μ=1.5),57,Lateral,2,Inferior,1,Non-diseased,MCMC,0.007438,,0.078790,1.181147,1.181147,1.000000,0.007438
MI_1,MI Mild (μ=1.5),57,Lateral,2,Lateral,2,Diseased,Point Estimate,0.001185,0.033290,0.033290,,0.000000,,0.001185
MI_1,MI Mild (μ=1.5),57,Lateral,2,Lateral,2,Diseased,MCMC,0.003065,,0.059788,0.932160,0.932160,1.000000,0.003065
MI_1,MI Mild (μ=1.5),57,Lateral,2,Septal,3,Non-diseased,Point Estimate,0.016731,0.129001,0.129001,,0.000000,,0.016731
MI_1,MI Mild (μ=1.5),57,Lateral,2,Septal,3,Non-diseased,MCMC,0.020348,,0.085416,0.845910,0.845910,1.000000,0.020348
MI_1,MI Mild (μ=1.5),57,Lateral,2,Apical,4,Non-diseased,Point Estimate,0.001373,0.036987,0.036987,,0.000000,,0.001373
MI_1,MI Mild (μ=1.5),57,Lateral,2,Apical,4,Non-diseased,MCMC,0.002070,,0.033897,0.484540,0.484540,1.000000,0.002070
MI_1,MI Mild (μ=1.5),58,Lateral,2,Anterior,0,Non-diseased,Point Estimate,0.002495,0.049469,0.049469,,0.000000,,0.002495
MI_1,MI Mild (μ=1.5),58,Lateral,2,Anterior,0,Non-diseased,MCMC,0.009270,,0.062304,0.775355,0.775355,1.000000,0.009270
MI_1,MI Mild (μ=1.5),58,Lateral,2,Inferior,1,Non-diseased,Point Estimate,0.131493,0.362038,0.362038,,0.000000,,0.131493
MI_1,MI Mild (μ=1.5),58,Lateral,2,Inferior,1,Non-diseased,MCMC,0.246039,,0.315775,1.126366,1.126366,1.000000,0.246039
MI_1,MI Mild (μ=1.5),58,Lateral,2,Lateral,2,Diseased,Point Estimate,0.015527,0.124034,0.124034,,0.000000,,0.015527
MI_1,MI Mild (μ=1.5),58,Lateral,2,Lateral,2,Diseased,MCMC,0.007943,,0.055567,0.493474,0.493474,1.000000,0.007943
MI_1,MI Mild (μ=1.5),58,Lateral,2,Septal,3,Non-diseased,Point Estimate,0.003921,0.061313,0.061313,,0.000000,,0.003921
MI_1,MI Mild (μ=1.5),58,Lateral,2,Septal,3,Non-diseased,MCMC,0.038912,,0.120712,1.008987,1.008987,1.000000,0.038912
MI_1,MI Mild (μ=1.5),58,Lateral,2,Apical,4,Non-diseased,Point Estimate,0.000821,0.028652,0.028652,,0.000000,,0.000821
MI_1,MI Mild (μ=1.5),58,Lateral,2,Apical,4,Non-diseased,MCMC,0.003470,,0.037814,0.424489,0.424489,1.000000,0.003470
MI_1,MI Mild (μ=1.5),59,Lateral,2,Anterior,0,Non-diseased,Point Estimate,0.004792,0.068678,0.068678,,0.000000,,0.004792
MI_1,MI Mild (μ=1.5),59,Lateral,2,Anterior,0,Non-diseased,MCMC,0.012059,,0.068778,0.740119,0.740119,1.000000,0.012059
MI_1,MI Mild (μ=1.5),59,Lateral,2,Inferior,1,Non-diseased,Point Estimate,0.046645,0.213085,0.213085,,0.000000,,0.046645
MI_1,MI Mild (μ=1.5),59,Lateral,2,Inferior,1,Non-diseased,MCMC,0.103618,,0.195794,1.393927,1.393927,1.000000,0.103618
MI_1,MI Mild (μ=1.5),59,Lateral,2,Lateral,2,Diseased,Point Estimate,0.002049,0.045191,0.045191,,0.000000,,0.002049
MI_1,MI Mild (μ=1.5),59,Lateral,2,Lateral,2,Diseased,MCMC,0.012095,,0.071650,0.804555,0.804555,1.000000,0.012095
MI_1,MI Mild (μ=1.5),59,Lateral,2,Septal,3,Non-diseased,Point Estimate,0.005100,0.070786,0.070786,,0.000000,,0.005100
MI_1,MI Mild (μ=1.5),59,Lateral,2,Septal,3,Non-diseased,MCMC,0.040013,,0.120914,1.018362,1.018362,1.000000,0.040013
MI_1,MI Mild (μ=1.5),59,Lateral,2,Apical,4,Non-diseased,Point Estimate,0.001772,0.042019,0.042019,,0.000000,,0.001772
MI_1,MI Mild (μ=1.5),59,Lateral,2,Apical,4,Non-diseased,MCMC,0.002659,,0.037126,0.497606,0.497606,1.000000,0.002659
MI_1,MI Mild (μ=1.5),60,Septal,3,Anterior,0,Non-diseased,Point Estimate,0.000539,0.023198,0.023198,,0.000000,,0.000539
MI_1,MI Mild (μ=1.5),60,Septal,3,Anterior,0,Non-diseased,MCMC,0.004502,,0.052402,0.711534,0.711534,1.000000,0.004502
MI_1,MI Mild (μ=1.5),60,Septal,3,Inferior,1,Non-diseased,Point Estimate,0.193316,0.438973,0.438973,,0.000000,,0.193316
MI_1,MI Mild (μ=1.5),60,Septal,3,Inferior,1,Non-diseased,MCMC,0.660778,,0.715866,20.391328,0.590677,0.000000,0.660778
MI_1,MI Mild (μ=1.5),60,Septal,3,Lateral,2,Non-diseased,Point Estimate,0.034465,0.185498,0.185498,,0.000000,,0.034465
MI_1,MI Mild (μ=1.5),60,Septal,3,Lateral,2,Non-diseased,MCMC,0.020930,,0.088166,0.500242,0.500242,1.000000,0.020930
MI_1,MI Mild (μ=1.5),60,Septal,3,Septal,3,Diseased,Point Estimate,0.018229,0.121846,0.121846,,0.000000,,0.018229
MI_1,MI Mild (μ=1.5),60,Septal,3,Septal,3,Diseased,MCMC,0.010218,,0.059617,0.229212,0.229212,1.000000,0.010218
MI_1,MI Mild (μ=1.5),60,Septal,3,Apical,4,Non-diseased,Point Estimate,0.005404,0.072840,0.072840,,0.000000,,0.005404
MI_1,MI Mild (μ=1.5),60,Septal,3,Apical,4,Non-diseased,MCMC,0.022349,,0.091809,0.563584,0.563584,1.000000,0.022349
MI_1,MI Mild (μ=1.5),61,Septal,3,Anterior,0,Non-diseased,Point Estimate,0.000116,0.010189,0.010189,,0.000000,,0.000116
MI_1,MI Mild (μ=1.5),61,Septal,3,Anterior,0,Non-diseased,MCMC,0.000279,,0.044244,0.707796,0.707796,1.000000,0.000279
MI_1,MI Mild (μ=1.5),61,Septal,3,Inferior,1,Non-diseased,Point Estimate,0.053298,0.230115,0.230115,,0.000000,,0.053298
MI_1,MI Mild (μ=1.5),61,Septal,3,Inferior,1,Non-diseased,MCMC,0.085848,,0.166230,1.078210,1.078210,1.000000,0.085848
MI_1,MI Mild (μ=1.5),61,Septal,3,Lateral,2,Non-diseased,Point Estimate,0.000132,0.009838,0.009838,,0.000000,,0.000132
MI_1,MI Mild (μ=1.5),61,Septal,3,Lateral,2,Non-diseased,MCMC,0.002470,,0.037549,0.480092,0.480092,1.000000,0.002470
MI_1,MI Mild (μ=1.5),61,Septal,3,Septal,3,Diseased,Point Estimate,0.117797,0.337081,0.337081,,0.000000,,0.117797
MI_1,MI Mild (μ=1.5),61,Septal,3,Septal,3,Diseased,MCMC,0.080803,,0.174443,1.802001,1.802001,1.000000,0.080803
MI_1,MI Mild (μ=1.5),61,Septal,3,Apical,4,Non-diseased,Point Estimate,0.003730,0.060173,0.060173,,0.000000,,0.003730
MI_1,MI Mild (μ=1.5),61,Septal,3,Apical,4,Non-diseased,MCMC,0.000262,,0.026525,0.447696,0.447696,1.000000,0.000262
MI_1,MI Mild (μ=1.5),62,Septal,3,Anterior,0,Non-diseased,Point Estimate,0.000290,0.015660,0.015660,,0.000000,,0.000290
MI_1,MI Mild (μ=1.5),62,Septal,3,Anterior,0,Non-diseased,MCMC,0.000041,,0.045584,0.748487,0.748487,1.000000,0.000041
MI_1,MI Mild (μ=1.5),62,Septal,3,Inferior,1,Non-diseased,Point Estimate,0.034782,0.186432,0.186432,,0.000000,,0.034782
MI_1,MI Mild (μ=1.5),62,Septal,3,Inferior,1,Non-diseased,MCMC,0.105665,,0.191103,1.215459,1.215459,1.000000,0.105665
MI_1,MI Mild (μ=1.5),62,Septal,3,Lateral,2,Non-diseased,Point Estimate,0.000102,0.008239,0.008239,,0.000000,,0.000102
MI_1,MI Mild (μ=1.5),62,Septal,3,Lateral,2,Non-diseased,MCMC,0.001609,,0.033747,0.499553,0.499553,1.000000,0.001609
MI_1,MI Mild (μ=1.5),62,Septal,3,Septal,3,Diseased,Point Estimate,0.050717,0.222658,0.222658,,0.000000,,0.050717
MI_1,MI Mild (μ=1.5),62,Septal,3,Septal,3,Diseased,MCMC,0.096721,,0.191229,1.836581,1.836581,1.000000,0.096721
MI_1,MI Mild (μ=1.5),62,Septal,3,Apical,4,Non-diseased,Point Estimate,0.002347,0.048077,0.048077,,0.000000,,0.002347
MI_1,MI Mild (μ=1.5),62,Septal,3,Apical,4,Non-diseased,MCMC,0.000003,,0.023257,0.435229,0.435229,1.000000,0.000003
MI_1,MI Mild (μ=1.5),63,Septal,3,Anterior,0,Non-diseased,Point Estimate,0.002124,0.044184,0.044184,,0.000000,,0.002124
MI_1,MI Mild (μ=1.5),63,Septal,3,Anterior,0,Non-diseased,MCMC,0.011734,,0.068173,0.726917,0.726917,1.000000,0.011734
MI_1,MI Mild (μ=1.5),63,Septal,3,Inferior,1,Non-diseased,Point Estimate,0.000812,0.022959,0.022959,,0.000000,,0.000812
MI_1,MI Mild (μ=1.5),63,Septal,3,Inferior,1,Non-diseased,MCMC,0.111859,,0.195290,1.217222,1.217222,1.000000,0.111859
MI_1,MI Mild (μ=1.5),63,Septal,3,Lateral,2,Non-diseased,Point Estimate,0.001634,0.039352,0.039352,,0.000000,,0.001634
MI_1,MI Mild (μ=1.5),63,Septal,3,Lateral,2,Non-diseased,MCMC,0.001658,,0.035088,0.487486,0.487486,1.000000,0.001658
MI_1,MI Mild (μ=1.5),63,Septal,3,Septal,3,Diseased,Point Estimate,0.002795,0.052792,0.052792,,0.000000,,0.002795
MI_1,MI Mild (μ=1.5),63,Septal,3,Septal,3,Diseased,MCMC,0.107451,,0.198093,1.392388,1.392388,1.000000,0.107451
MI_1,MI Mild (μ=1.5),63,Septal,3,Apical,4,Non-diseased,Point Estimate,0.000070,0.007869,0.007869,,0.000000,,0.000070
MI_1,MI Mild (μ=1.5),63,Septal,3,Apical,4,Non-diseased,MCMC,0.000935,,0.029108,0.460393,0.460393,1.000000,0.000935
MI_1,MI Mild (μ=1.5),64,Septal,3,Anterior,0,Non-diseased,Point Estimate,0.003180,0.054775,0.054775,,0.000000,,0.003180
MI_1,MI Mild (μ=1.5),64,Septal,3,Anterior,0,Non-diseased,MCMC,0.009575,,0.064979,0.764282,0.764282,1.000000,0.009575
MI_1,MI Mild (μ=1.5),64,Septal,3,Inferior,1,Non-diseased,Point Estimate,0.054468,0.232042,0.232042,,0.000000,,0.054468
MI_1,MI Mild (μ=1.5),64,Septal,3,Inferior,1,Non-diseased,MCMC,0.153302,,0.244898,1.047959,1.047959,1.000000,0.153302
MI_1,MI Mild (μ=1.5),64,Septal,3,Lateral,2,Non-diseased,Point Estimate,0.007892,0.088228,0.088228,,0.000000,,0.007892
MI_1,MI Mild (μ=1.5),64,Septal,3,Lateral,2,Non-diseased,MCMC,0.002749,,0.036468,0.485717,0.485717,1.000000,0.002749
MI_1,MI Mild (μ=1.5),64,Septal,3,Septal,3,Diseased,Point Estimate,0.003802,0.061637,0.061637,,0.000000,,0.003802
MI_1,MI Mild (μ=1.5),64,Septal,3,Septal,3,Diseased,MCMC,0.126165,,0.219191,1.387100,1.387100,1.000000,0.126165
MI_1,MI Mild (μ=1.5),64,Septal,3,Apical,4,Non-diseased,Point Estimate,0.000220,0.014108,0.014108,,0.000000,,0.000220
MI_1,MI Mild (μ=1.5),64,Septal,3,Apical,4,Non-diseased,MCMC,0.001211,,0.030056,0.475227,0.475227,1.000000,0.001211
MI_1,MI Mild (μ=1.5),65,Septal,3,Anterior,0,Non-diseased,Point Estimate,0.002741,0.051434,0.051434,,0.000000,,0.002741
MI_1,MI Mild (μ=1.5),65,Septal,3,Anterior,0,Non-diseased,MCMC,0.004938,,0.051920,0.730726,0.730726,1.000000,0.004938
MI_1,MI Mild (μ=1.5),65,Septal,3,Inferior,1,Non-diseased,Point Estimate,0.008823,0.092809,0.092809,,0.000000,,0.008823
MI_1,MI Mild (μ=1.5),65,Septal,3,Inferior,1,Non-diseased,MCMC,0.140899,,0.224101,1.282694,1.282694,1.000000,0.140899
MI_1,MI Mild (μ=1.5),65,Septal,3,Lateral,2,Non-diseased,Point Estimate,0.003178,0.054770,0.054770,,0.000000,,0.003178
MI_1,MI Mild (μ=1.5),65,Septal,3,Lateral,2,Non-diseased,MCMC,0.007723,,0.052997,0.499449,0.499449,1.000000,0.007723
MI_1,MI Mild (μ=1.5),65,Septal,3,Septal,3,Diseased,Point Estimate,0.012614,0.108358,0.108358,,0.000000,,0.012614
MI_1,MI Mild (μ=1.5),65,Septal,3,Septal,3,Diseased,MCMC,0.063538,,0.149245,1.437203,1.437203,1.000000,0.063538
MI_1,MI Mild (μ=1.5),65,Septal,3,Apical,4,Non-diseased,Point Estimate,0.000671,0.025647,0.025647,,0.000000,,0.000671
MI_1,MI Mild (μ=1.5),65,Septal,3,Apical,4,Non-diseased,MCMC,0.000217,,0.030586,0.508968,0.508968,1.000000,0.000217
MI_1,MI Mild (μ=1.5),66,Septal,3,Anterior,0,Non-diseased,Point Estimate,0.003917,0.062299,0.062299,,0.000000,,0.003917
MI_1,MI Mild (μ=1.5),66,Septal,3,Anterior,0,Non-diseased,MCMC,0.000022,,0.052845,0.784434,0.784434,1.000000,0.000022
MI_1,MI Mild (μ=1.5),66,Septal,3,Inferior,1,Non-diseased,Point Estimate,0.175856,0.418777,0.418777,,0.000000,,0.175856
MI_1,MI Mild (μ=1.5),66,Septal,3,Inferior,1,Non-diseased,MCMC,0.365876,,0.399060,1.165084,1.165084,1.000000,0.365876
MI_1,MI Mild (μ=1.5),66,Septal,3,Lateral,2,Non-diseased,Point Estimate,0.017241,0.131128,0.131128,,0.000000,,0.017241
MI_1,MI Mild (μ=1.5),66,Septal,3,Lateral,2,Non-diseased,MCMC,0.009708,,0.061643,0.567001,0.567001,1.000000,0.009708
MI_1,MI Mild (μ=1.5),66,Septal,3,Septal,3,Diseased,Point Estimate,0.011532,0.103287,0.103287,,0.000000,,0.011532
MI_1,MI Mild (μ=1.5),66,Septal,3,Septal,3,Diseased,MCMC,0.000272,,0.042861,0.769153,0.769153,1.000000,0.000272
MI_1,MI Mild (μ=1.5),66,Septal,3,Apical,4,Non-diseased,Point Estimate,0.002200,0.046900,0.046900,,0.000000,,0.002200
MI_1,MI Mild (μ=1.5),66,Septal,3,Apical,4,Non-diseased,MCMC,0.006662,,0.049938,0.513251,0.513251,1.000000,0.006662
MI_1,MI Mild (μ=1.5),67,Septal,3,Anterior,0,Non-diseased,Point Estimate,0.122047,0.347183,0.347183,,0.000000,,0.122047
MI_1,MI Mild (μ=1.5),67,Septal,3,Anterior,0,Non-diseased,MCMC,0.002458,,0.046607,0.704992,0.704992,1.000000,0.002458
MI_1,MI Mild (μ=1.5),67,Septal,3,Inferior,1,Non-diseased,Point Estimate,0.001088,0.028551,0.028551,,0.000000,,0.001088
MI_1,MI Mild (μ=1.5),67,Septal,3,Inferior,1,Non-diseased,MCMC,0.227136,,0.289870,1.279948,1.279948,1.000000,0.227136
MI_1,MI Mild (μ=1.5),67,Septal,3,Lateral,2,Non-diseased,Point Estimate,0.000918,0.027533,0.027533,,0.000000,,0.000918
MI_1,MI Mild (μ=1.5),67,Septal,3,Lateral,2,Non-diseased,MCMC,0.008557,,0.056429,0.538883,0.538883,1.000000,0.008557
MI_1,MI Mild (μ=1.5),67,Septal,3,Septal,3,Diseased,Point Estimate,0.061637,0.245058,0.245058,,0.000000,,0.061637
MI_1,MI Mild (μ=1.5),67,Septal,3,Septal,3,Diseased,MCMC,0.002783,,0.051234,0.779337,0.779337,1.000000,0.002783
MI_1,MI Mild (μ=1.5),67,Septal,3,Apical,4,Non-diseased,Point Estimate,0.000344,0.018487,0.018487,,0.000000,,0.000344
MI_1,MI Mild (μ=1.5),67,Septal,3,Apical,4,Non-diseased,MCMC,0.003103,,0.038348,0.527002,0.527002,1.000000,0.003103
MI_1,MI Mild (μ=1.5),68,Septal,3,Anterior,0,Non-diseased,Point Estimate,0.001046,0.029953,0.029953,,0.000000,,0.001046
MI_1,MI Mild (μ=1.5),68,Septal,3,Anterior,0,Non-diseased,MCMC,0.002702,,0.048544,0.702533,0.702533,1.000000,0.002702
MI_1,MI Mild (μ=1.5),68,Septal,3,Inferior,1,Non-diseased,Point Estimate,0.022718,0.150610,0.150610,,0.000000,,0.022718
MI_1,MI Mild (μ=1.5),68,Septal,3,Inferior,1,Non-diseased,MCMC,0.095919,,0.177828,1.338812,1.338812,1.000000,0.095919
MI_1,MI Mild (μ=1.5),68,Septal,3,Lateral,2,Non-diseased,Point Estimate,0.000471,0.020250,0.020250,,0.000000,,0.000471
MI_1,MI Mild (μ=1.5),68,Septal,3,Lateral,2,Non-diseased,MCMC,0.002832,,0.039289,0.515878,0.515878,1.000000,0.002832
MI_1,MI Mild (μ=1.5),68,Septal,3,Septal,3,Diseased,Point Estimate,0.015833,0.120287,0.120287,,0.000000,,0.015833
MI_1,MI Mild (μ=1.5),68,Septal,3,Septal,3,Diseased,MCMC,0.034411,,0.121143,1.397871,1.397871,1.000000,0.034411
MI_1,MI Mild (μ=1.5),68,Septal,3,Apical,4,Non-diseased,Point Estimate,0.001360,0.036557,0.036557,,0.000000,,0.001360
MI_1,MI Mild (μ=1.5),68,Septal,3,Apical,4,Non-diseased,MCMC,0.000044,,0.022396,0.404845,0.404845,1.000000,0.000044
MI_1,MI Mild (μ=1.5),69,Septal,3,Anterior,0,Non-diseased,Point Estimate,0.000264,0.012397,0.012397,,0.000000,,0.000264
MI_1,MI Mild (μ=1.5),69,Septal,3,Anterior,0,Non-diseased,MCMC,0.000846,,0.046425,0.739344,0.739344,1.000000,0.000846
MI_1,MI Mild (μ=1.5),69,Septal,3,Inferior,1,Non-diseased,Point Estimate,0.019787,0.140637,0.140637,,0.000000,,0.019787
MI_1,MI Mild (μ=1.5),69,Septal,3,Inferior,1,Non-diseased,MCMC,0.120995,,0.208377,1.135271,1.135271,1.000000,0.120995
MI_1,MI Mild (μ=1.5),69,Septal,3,Lateral,2,Non-diseased,Point Estimate,0.000257,0.013635,0.013635,,0.000000,,0.000257
MI_1,MI Mild (μ=1.5),69,Septal,3,Lateral,2,Non-diseased,MCMC,0.003500,,0.040608,0.512404,0.512404,1.000000,0.003500
MI_1,MI Mild (μ=1.5),69,Septal,3,Septal,3,Diseased,Point Estimate,0.056716,0.228764,0.228764,,0.000000,,0.056716
MI_1,MI Mild (μ=1.5),69,Septal,3,Septal,3,Diseased,MCMC,0.075059,,0.165345,1.632189,1.632189,1.000000,0.075059
MI_1,MI Mild (μ=1.5),69,Septal,3,Apical,4,Non-diseased,Point Estimate,0.001389,0.037135,0.037135,,0.000000,,0.001389
MI_1,MI Mild (μ=1.5),69,Septal,3,Apical,4,Non-diseased,MCMC,0.001049,,0.031158,0.462217,0.462217,1.000000,0.001049
MI_1,MI Mild (μ=1.5),70,Septal,3,Anterior,0,Non-diseased,Point Estimate,0.000100,0.008360,0.008360,,0.000000,,0.000100
MI_1,MI Mild (μ=1.5),70,Septal,3,Anterior,0,Non-diseased,MCMC,0.000335,,0.043503,0.693041,0.693041,1.000000,0.000335
MI_1,MI Mild (μ=1.5),70,Septal,3,Inferior,1,Non-diseased,Point Estimate,0.037528,0.193522,0.193522,,0.000000,,0.037528
MI_1,MI Mild (μ=1.5),70,Septal,3,Inferior,1,Non-diseased,MCMC,0.079913,,0.168677,1.288234,1.288234,1.000000,0.079913
MI_1,MI Mild (μ=1.5),70,Septal,3,Lateral,2,Non-diseased,Point Estimate,0.000040,0.006214,0.006214,,0.000000,,0.000040
MI_1,MI Mild (μ=1.5),70,Septal,3,Lateral,2,Non-diseased,MCMC,0.000994,,0.033519,0.531692,0.531692,1.000000,0.000994
MI_1,MI Mild (μ=1.5),70,Septal,3,Septal,3,Diseased,Point Estimate,0.149991,0.380812,0.380812,,0.000000,,0.149991
MI_1,MI Mild (μ=1.5),70,Septal,3,Septal,3,Diseased,MCMC,0.059365,,0.172689,2.144531,2.144531,1.000000,0.059365
MI_1,MI Mild (μ=1.5),70,Septal,3,Apical,4,Non-diseased,Point Estimate,0.003287,0.057051,0.057051,,0.000000,,0.003287
MI_1,MI Mild (μ=1.5),70,Septal,3,Apical,4,Non-diseased,MCMC,0.000317,,0.023119,0.398798,0.398798,1.000000,0.000317
MI_1,MI Mild (μ=1.5),71,Septal,3,Anterior,0,Non-diseased,Point Estimate,0.035824,0.188008,0.188008,,0.000000,,0.035824
MI_1,MI Mild (μ=1.5),71,Septal,3,Anterior,0,Non-diseased,MCMC,0.010389,,0.062793,0.686374,0.686374,1.000000,0.010389
MI_1,MI Mild (μ=1.5),71,Septal,3,Inferior,1,Non-diseased,Point Estimate,0.001953,0.033290,0.033290,,0.000000,,0.001953
MI_1,MI Mild (μ=1.5),71,Septal,3,Inferior,1,Non-diseased,MCMC,0.151678,,0.223392,1.281921,1.281921,1.000000,0.151678
MI_1,MI Mild (μ=1.5),71,Septal,3,Lateral,2,Non-diseased,Point Estimate,0.001888,0.042119,0.042119,,0.000000,,0.001888
MI_1,MI Mild (μ=1.5),71,Septal,3,Lateral,2,Non-diseased,MCMC,0.005759,,0.048918,0.516824,0.516824,1.000000,0.005759
MI_1,MI Mild (μ=1.5),71,Septal,3,Septal,3,Diseased,Point Estimate,0.029541,0.169321,0.169321,,0.000000,,0.029541
MI_1,MI Mild (μ=1.5),71,Septal,3,Septal,3,Diseased,MCMC,0.050219,,0.135199,0.976106,0.976106,1.000000,0.050219
MI_1,MI Mild (μ=1.5),71,Septal,3,Apical,4,Non-diseased,Point Estimate,0.000082,0.008948,0.008948,,0.000000,,0.000082
MI_1,MI Mild (μ=1.5),71,Septal,3,Apical,4,Non-diseased,MCMC,0.003358,,0.037122,0.450307,0.450307,1.000000,0.003358
MI_1,MI Mild (μ=1.5),72,Septal,3,Anterior,0,Non-diseased,Point Estimate,0.001632,0.038908,0.038908,,0.000000,,0.001632
MI_1,MI Mild (μ=1.5),72,Septal,3,Anterior,0,Non-diseased,MCMC,0.009019,,0.059946,0.689866,0.689866,1.000000,0.009019
MI_1,MI Mild (μ=1.5),72,Septal,3,Inferior,1,Non-diseased,Point Estimate,0.000609,0.023457,0.023457,,0.000000,,0.000609
MI_1,MI Mild (μ=1.5),72,Septal,3,Inferior,1,Non-diseased,MCMC,0.137008,,0.235321,1.117887,1.117887,1.000000,0.137008
MI_1,MI Mild (μ=1.5),72,Septal,3,Lateral,2,Non-diseased,Point Estimate,0.002719,0.051475,0.051475,,0.000000,,0.002719
MI_1,MI Mild (μ=1.5),72,Septal,3,Lateral,2,Non-diseased,MCMC,0.006541,,0.050657,0.562252,0.562252,1.000000,0.006541
MI_1,MI Mild (μ=1.5),72,Septal,3,Septal,3,Diseased,Point Estimate,0.028919,0.170031,0.170031,,0.000000,,0.028919
MI_1,MI Mild (μ=1.5),72,Septal,3,Septal,3,Diseased,MCMC,0.150740,,0.232526,1.594635,1.594635,1.000000,0.150740
MI_1,MI Mild (μ=1.5),72,Septal,3,Apical,4,Non-diseased,Point Estimate,0.000149,0.011809,0.011809,,0.000000,,0.000149
MI_1,MI Mild (μ=1.5),72,Septal,3,Apical,4,Non-diseased,MCMC,0.001848,,0.029388,0.382726,0.382726,1.000000,0.001848
MI_1,MI Mild (μ=1.5),73,Septal,3,Anterior,0,Non-diseased,Point Estimate,0.003212,0.056470,0.056470,,0.000000,,0.003212
MI_1,MI Mild (μ=1.5),73,Septal,3,Anterior,0,Non-diseased,MCMC,0.011887,,0.066302,0.692269,0.692269,1.000000,0.011887
MI_1,MI Mild (μ=1.5),73,Septal,3,Inferior,1,Non-diseased,Point Estimate,0.084227,0.288626,0.288626,,0.000000,,0.084227
MI_1,MI Mild (μ=1.5),73,Septal,3,Inferior,1,Non-diseased,MCMC,0.192642,,0.284803,1.122067,1.122067,1.000000,0.192642
MI_1,MI Mild (μ=1.5),73,Septal,3,Lateral,2,Non-diseased,Point Estimate,0.010468,0.101547,0.101547,,0.000000,,0.010468
MI_1,MI Mild (μ=1.5),73,Septal,3,Lateral,2,Non-diseased,MCMC,0.007060,,0.052329,0.507589,0.507589,1.000000,0.007060
MI_1,MI Mild (μ=1.5),73,Septal,3,Septal,3,Diseased,Point Estimate,0.007396,0.080556,0.080556,,0.000000,,0.007396
MI_1,MI Mild (μ=1.5),73,Septal,3,Septal,3,Diseased,MCMC,0.076772,,0.161125,1.202660,1.202660,1.000000,0.076772
MI_1,MI Mild (μ=1.5),73,Septal,3,Apical,4,Non-diseased,Point Estimate,0.000012,0.002617,0.002617,,0.000000,,0.000012
MI_1,MI Mild (μ=1.5),73,Septal,3,Apical,4,Non-diseased,MCMC,0.003573,,0.038564,0.447082,0.447082,1.000000,0.003573
MI_1,MI Mild (μ=1.5),74,Septal,3,Anterior,0,Non-diseased,Point Estimate,0.001333,0.036372,0.036372,,0.000000,,0.001333
MI_1,MI Mild (μ=1.5),74,Septal,3,Anterior,0,Non-diseased,MCMC,0.000018,,0.043586,0.691995,0.691995,1.000000,0.000018
MI_1,MI Mild (μ=1.5),74,Septal,3,Inferior,1,Non-diseased,Point Estimate,0.043322,0.207853,0.207853,,0.000000,,0.043322
MI_1,MI Mild (μ=1.5),74,Septal,3,Inferior,1,Non-diseased,MCMC,0.080309,,0.168848,1.111999,1.111999,1.000000,0.080309
MI_1,MI Mild (μ=1.5),74,Septal,3,Lateral,2,Non-diseased,Point Estimate,0.000065,0.007424,0.007424,,0.000000,,0.000065
MI_1,MI Mild (μ=1.5),74,Septal,3,Lateral,2,Non-diseased,MCMC,0.000957,,0.029018,0.431073,0.431073,1.000000,0.000957
MI_1,MI Mild (μ=1.5),74,Septal,3,Septal,3,Diseased,Point Estimate,0.038712,0.195912,0.195912,,0.000000,,0.038712
MI_1,MI Mild (μ=1.5),74,Septal,3,Septal,3,Diseased,MCMC,0.117135,,0.200067,1.822056,1.822056,1.000000,0.117135
MI_1,MI Mild (μ=1.5),74,Septal,3,Apical,4,Non-diseased,Point Estimate,0.001261,0.034352,0.034352,,0.000000,,0.001261
MI_1,MI Mild (μ=1.5),74,Septal,3,Apical,4,Non-diseased,MCMC,0.000092,,0.028243,0.463891,0.463891,1.000000,0.000092
MI_1,MI Mild (μ=1.5),75,Septal,3,Anterior,0,Non-diseased,Point Estimate,0.001255,0.034981,0.034981,,0.000000,,0.001255
MI_1,MI Mild (μ=1.5),75,Septal,3,Anterior,0,Non-diseased,MCMC,0.000404,,0.044600,0.754872,0.754872,1.000000,0.000404
MI_1,MI Mild (μ=1.5),75,Septal,3,Inferior,1,Non-diseased,Point Estimate,0.022738,0.150741,0.150741,,0.000000,,0.022738
MI_1,MI Mild (μ=1.5),75,Septal,3,Inferior,1,Non-diseased,MCMC,0.113422,,0.208939,1.026605,1.026605,1.000000,0.113422
MI_1,MI Mild (μ=1.5),75,Septal,3,Lateral,2,Non-diseased,Point Estimate,0.000071,0.007865,0.007865,,0.000000,,0.000071
MI_1,MI Mild (μ=1.5),75,Septal,3,Lateral,2,Non-diseased,MCMC,0.002539,,0.038142,0.528232,0.528232,1.000000,0.002539
MI_1,MI Mild (μ=1.5),75,Septal,3,Septal,3,Diseased,Point Estimate,0.112867,0.328044,0.328044,,0.000000,,0.112867
MI_1,MI Mild (μ=1.5),75,Septal,3,Septal,3,Diseased,MCMC,0.096463,,0.184607,1.962710,1.962710,1.000000,0.096463
MI_1,MI Mild (μ=1.5),75,Septal,3,Apical,4,Non-diseased,Point Estimate,0.002462,0.048764,0.048764,,0.000000,,0.002462
MI_1,MI Mild (μ=1.5),75,Septal,3,Apical,4,Non-diseased,MCMC,0.000339,,0.027968,0.468999,0.468999,1.000000,0.000339
MI_1,MI Mild (μ=1.5),76,Septal,3,Anterior,0,Non-diseased,Point Estimate,0.000081,0.008524,0.008524,,0.000000,,0.000081
MI_1,MI Mild (μ=1.5),76,Septal,3,Anterior,0,Non-diseased,MCMC,0.003730,,0.051094,0.667711,0.667711,1.000000,0.003730
MI_1,MI Mild (μ=1.5),76,Septal,3,Inferior,1,Non-diseased,Point Estimate,0.020606,0.143546,0.143546,,0.000000,,0.020606
MI_1,MI Mild (μ=1.5),76,Septal,3,Inferior,1,Non-diseased,MCMC,0.169777,,0.263317,1.097359,1.097359,1.000000,0.169777
MI_1,MI Mild (μ=1.5),76,Septal,3,Lateral,2,Non-diseased,Point Estimate,0.000865,0.026541,0.026541,,0.000000,,0.000865
MI_1,MI Mild (μ=1.5),76,Septal,3,Lateral,2,Non-diseased,MCMC,0.005778,,0.047163,0.514265,0.514265,1.000000,0.005778
MI_1,MI Mild (μ=1.5),76,Septal,3,Septal,3,Diseased,Point Estimate,0.075256,0.263177,0.263177,,0.000000,,0.075256
MI_1,MI Mild (μ=1.5),76,Septal,3,Septal,3,Diseased,MCMC,0.040478,,0.130288,1.351470,1.351470,1.000000,0.040478
MI_1,MI Mild (μ=1.5),76,Septal,3,Apical,4,Non-diseased,Point Estimate,0.002122,0.045793,0.045793,,0.000000,,0.002122
MI_1,MI Mild (μ=1.5),76,Septal,3,Apical,4,Non-diseased,MCMC,0.000057,,0.028562,0.460894,0.460894,1.000000,0.000057
MI_1,MI Mild (μ=1.5),77,Septal,3,Anterior,0,Non-diseased,Point Estimate,0.001712,0.041363,0.041363,,0.000000,,0.001712
MI_1,MI Mild (μ=1.5),77,Septal,3,Anterior,0,Non-diseased,MCMC,0.000812,,0.043800,0.706717,0.706717,1.000000,0.000812
MI_1,MI Mild (μ=1.5),77,Septal,3,Inferior,1,Non-diseased,Point Estimate,0.032214,0.179417,0.179417,,0.000000,,0.032214
MI_1,MI Mild (μ=1.5),77,Septal,3,Inferior,1,Non-diseased,MCMC,0.042220,,0.124006,1.228347,1.228347,1.000000,0.042220
MI_1,MI Mild (μ=1.5),77,Septal,3,Lateral,2,Non-diseased,Point Estimate,0.000047,0.006133,0.006133,,0.000000,,0.000047
MI_1,MI Mild (μ=1.5),77,Septal,3,Lateral,2,Non-diseased,MCMC,0.000467,,0.029457,0.444572,0.444572,1.000000,0.000467
MI_1,MI Mild (μ=1.5),77,Septal,3,Septal,3,Diseased,Point Estimate,0.059707,0.241232,0.241232,,0.000000,,0.059707
MI_1,MI Mild (μ=1.5),77,Septal,3,Septal,3,Diseased,MCMC,0.032209,,0.170671,2.310833,2.310833,1.000000,0.032209
MI_1,MI Mild (μ=1.5),77,Septal,3,Apical,4,Non-diseased,Point Estimate,0.001965,0.043395,0.043395,,0.000000,,0.001965
MI_1,MI Mild (μ=1.5),77,Septal,3,Apical,4,Non-diseased,MCMC,0.000031,,0.023949,0.472473,0.472473,1.000000,0.000031
MI_1,MI Mild (μ=1.5),78,Septal,3,Anterior,0,Non-diseased,Point Estimate,0.004087,0.063425,0.063425,,0.000000,,0.004087
MI_1,MI Mild (μ=1.5),78,Septal,3,Anterior,0,Non-diseased,MCMC,0.008960,,0.061149,0.687374,0.687374,1.000000,0.008960
MI_1,MI Mild (μ=1.5),78,Septal,3,Inferior,1,Non-diseased,Point Estimate,0.102157,0.318887,0.318887,,0.000000,,0.102157
MI_1,MI Mild (μ=1.5),78,Septal,3,Inferior,1,Non-diseased,MCMC,0.229133,,0.301340,1.099906,1.099906,1.000000,0.229133
MI_1,MI Mild (μ=1.5),78,Septal,3,Lateral,2,Non-diseased,Point Estimate,0.013348,0.114726,0.114726,,0.000000,,0.013348
MI_1,MI Mild (μ=1.5),78,Septal,3,Lateral,2,Non-diseased,MCMC,0.007225,,0.052563,0.477053,0.477053,1.000000,0.007225
MI_1,MI Mild (μ=1.5),78,Septal,3,Septal,3,Diseased,Point Estimate,0.002089,0.045640,0.045640,,0.000000,,0.002089
MI_1,MI Mild (μ=1.5),78,Septal,3,Septal,3,Diseased,MCMC,0.054064,,0.139166,1.037726,1.037726,1.000000,0.054064
MI_1,MI Mild (μ=1.5),78,Septal,3,Apical,4,Non-diseased,Point Estimate,0.000320,0.017692,0.017692,,0.000000,,0.000320
MI_1,MI Mild (μ=1.5),78,Septal,3,Apical,4,Non-diseased,MCMC,0.001824,,0.032109,0.471560,0.471560,1.000000,0.001824
MI_1,MI Mild (μ=1.5),79,Septal,3,Anterior,0,Non-diseased,Point Estimate,0.005053,0.070951,0.070951,,0.000000,,0.005053
MI_1,MI Mild (μ=1.5),79,Septal,3,Anterior,0,Non-diseased,MCMC,0.010555,,0.065907,0.738423,0.738423,1.000000,0.010555
MI_1,MI Mild (μ=1.5),79,Septal,3,Inferior,1,Non-diseased,Point Estimate,0.003503,0.048758,0.048758,,0.000000,,0.003503
MI_1,MI Mild (μ=1.5),79,Septal,3,Inferior,1,Non-diseased,MCMC,0.185436,,0.266667,1.174928,1.174928,1.000000,0.185436
MI_1,MI Mild (μ=1.5),79,Septal,3,Lateral,2,Non-diseased,Point Estimate,0.004651,0.067434,0.067434,,0.000000,,0.004651
MI_1,MI Mild (μ=1.5),79,Septal,3,Lateral,2,Non-diseased,MCMC,0.009785,,0.059955,0.530837,0.530837,1.000000,0.009785
MI_1,MI Mild (μ=1.5),79,Septal,3,Septal,3,Diseased,Point Estimate,0.012561,0.109629,0.109629,,0.000000,,0.012561
MI_1,MI Mild (μ=1.5),79,Septal,3,Septal,3,Diseased,MCMC,0.061997,,0.139491,0.970671,0.970671,1.000000,0.061997
MI_1,MI Mild (μ=1.5),79,Septal,3,Apical,4,Non-diseased,Point Estimate,0.000028,0.004331,0.004331,,0.000000,,0.000028
MI_1,MI Mild (μ=1.5),79,Septal,3,Apical,4,Non-diseased,MCMC,0.007243,,0.051001,0.489265,0.489265,1.000000,0.007243
MI_1,MI Mild (μ=1.5),80,Apical,4,Anterior,0,Non-diseased,Point Estimate,0.056229,0.235310,0.235310,,0.000000,,0.056229
MI_1,MI Mild (μ=1.5),80,Apical,4,Anterior,0,Non-diseased,MCMC,0.011450,,0.065437,0.682529,0.682529,1.000000,0.011450
MI_1,MI Mild (μ=1.5),80,Apical,4,Inferior,1,Non-diseased,Point Estimate,0.006001,0.074775,0.074775,,0.000000,,0.006001
MI_1,MI Mild (μ=1.5),80,Apical,4,Inferior,1,Non-diseased,MCMC,0.150063,,0.225965,1.357786,1.357786,1.000000,0.150063
MI_1,MI Mild (μ=1.5),80,Apical,4,Lateral,2,Non-diseased,Point Estimate,0.002260,0.044553,0.044553,,0.000000,,0.002260
MI_1,MI Mild (μ=1.5),80,Apical,4,Lateral,2,Non-diseased,MCMC,0.009357,,0.057912,0.494894,0.494894,1.000000,0.009357
MI_1,MI Mild (μ=1.5),80,Apical,4,Septal,3,Non-diseased,Point Estimate,0.034932,0.186899,0.186899,,0.000000,,0.034932
MI_1,MI Mild (μ=1.5),80,Apical,4,Septal,3,Non-diseased,MCMC,0.032245,,0.110670,0.994926,0.994926,1.000000,0.032245
MI_1,MI Mild (μ=1.5),80,Apical,4,Apical,4,Diseased,Point Estimate,0.000319,0.017142,0.017142,,0.000000,,0.000319
MI_1,MI Mild (μ=1.5),80,Apical,4,Apical,4,Diseased,MCMC,0.000081,,0.030605,0.525967,0.525967,1.000000,0.000081
MI_1,MI Mild (μ=1.5),81,Apical,4,Anterior,0,Non-diseased,Point Estimate,0.025076,0.158143,0.158143,,0.000000,,0.025076
MI_1,MI Mild (μ=1.5),81,Apical,4,Anterior,0,Non-diseased,MCMC,0.006217,,0.058119,0.732425,0.732425,1.000000,0.006217
MI_1,MI Mild (μ=1.5),81,Apical,4,Inferior,1,Non-diseased,Point Estimate,0.013234,0.114884,0.114884,,0.000000,,0.013234
MI_1,MI Mild (μ=1.5),81,Apical,4,Inferior,1,Non-diseased,MCMC,0.085529,,0.170331,1.331774,1.331774,1.000000,0.085529
MI_1,MI Mild (μ=1.5),81,Apical,4,Lateral,2,Non-diseased,Point Estimate,0.006320,0.077084,0.077084,,0.000000,,0.006320
MI_1,MI Mild (μ=1.5),81,Apical,4,Lateral,2,Non-diseased,MCMC,0.002576,,0.037907,0.534078,0.534078,1.000000,0.002576
MI_1,MI Mild (μ=1.5),81,Apical,4,Septal,3,Non-diseased,Point Estimate,0.022498,0.149893,0.149893,,0.000000,,0.022498
MI_1,MI Mild (μ=1.5),81,Apical,4,Septal,3,Non-diseased,MCMC,0.031579,,0.113116,1.043176,1.043176,1.000000,0.031579
MI_1,MI Mild (μ=1.5),81,Apical,4,Apical,4,Diseased,Point Estimate,0.006405,0.079797,0.079797,,0.000000,,0.006405
MI_1,MI Mild (μ=1.5),81,Apical,4,Apical,4,Diseased,MCMC,0.002070,,0.067521,1.034556,1.034556,1.000000,0.002070
MI_1,MI Mild (μ=1.5),82,Apical,4,Anterior,0,Non-diseased,Point Estimate,0.000214,0.014496,0.014496,,0.000000,,0.000214
MI_1,MI Mild (μ=1.5),82,Apical,4,Anterior,0,Non-diseased,MCMC,0.013327,,0.071002,0.762022,0.762022,1.000000,0.013327
MI_1,MI Mild (μ=1.5),82,Apical,4,Inferior,1,Non-diseased,Point Estimate,0.163313,0.403778,0.403778,,0.000000,,0.163313
MI_1,MI Mild (μ=1.5),82,Apical,4,Inferior,1,Non-diseased,MCMC,0.214726,,0.287693,1.150751,1.150751,1.000000,0.214726
MI_1,MI Mild (μ=1.5),82,Apical,4,Lateral,2,Non-diseased,Point Estimate,0.009850,0.099008,0.099008,,0.000000,,0.009850
MI_1,MI Mild (μ=1.5),82,Apical,4,Lateral,2,Non-diseased,MCMC,0.002572,,0.039932,0.530125,0.530125,1.000000,0.002572
MI_1,MI Mild (μ=1.5),82,Apical,4,Septal,3,Non-diseased,Point Estimate,0.003588,0.057626,0.057626,,0.000000,,0.003588
MI_1,MI Mild (μ=1.5),82,Apical,4,Septal,3,Non-diseased,MCMC,0.043405,,0.129436,1.050492,1.050492,1.000000,0.043405
MI_1,MI Mild (μ=1.5),82,Apical,4,Apical,4,Diseased,Point Estimate,0.005034,0.067970,0.067970,,0.000000,,0.005034
MI_1,MI Mild (μ=1.5),82,Apical,4,Apical,4,Diseased,MCMC,0.000275,,0.026287,0.415680,0.415680,1.000000,0.000275
MI_1,MI Mild (μ=1.5),83,Apical,4,Anterior,0,Non-diseased,Point Estimate,0.022341,0.148672,0.148672,,0.000000,,0.022341
MI_1,MI Mild (μ=1.5),83,Apical,4,Anterior,0,Non-diseased,MCMC,0.009020,,0.066590,0.773025,0.773025,1.000000,0.009020
MI_1,MI Mild (μ=1.5),83,Apical,4,Inferior,1,Non-diseased,Point Estimate,0.140794,0.374943,0.374943,,0.000000,,0.140794
MI_1,MI Mild (μ=1.5),83,Apical,4,Inferior,1,Non-diseased,MCMC,0.330724,,0.409382,1.072049,1.072049,1.000000,0.330724
MI_1,MI Mild (μ=1.5),83,Apical,4,Lateral,2,Non-diseased,Point Estimate,0.011647,0.107685,0.107685,,0.000000,,0.011647
MI_1,MI Mild (μ=1.5),83,Apical,4,Lateral,2,Non-diseased,MCMC,0.014327,,0.073172,0.560354,0.560354,1.000000,0.014327
MI_1,MI Mild (μ=1.5),83,Apical,4,Septal,3,Non-diseased,Point Estimate,0.039091,0.196043,0.196043,,0.000000,,0.039091
MI_1,MI Mild (μ=1.5),83,Apical,4,Septal,3,Non-diseased,MCMC,0.034323,,0.111367,0.959839,0.959839,1.000000,0.034323
MI_1,MI Mild (μ=1.5),83,Apical,4,Apical,4,Diseased,Point Estimate,0.000377,0.019369,0.019369,,0.000000,,0.000377
MI_1,MI Mild (μ=1.5),83,Apical,4,Apical,4,Diseased,MCMC,0.012984,,0.066963,0.468879,0.468879,1.000000,0.012984
MI_1,MI Mild (μ=1.5),84,Apical,4,Anterior,0,Non-diseased,Point Estimate,0.032808,0.180097,0.180097,,0.000000,,0.032808
MI_1,MI Mild (μ=1.5),84,Apical,4,Anterior,0,Non-diseased,MCMC,0.007124,,0.059107,0.721148,0.721148,1.000000,0.007124
MI_1,MI Mild (μ=1.5),84,Apical,4,Inferior,1,Non-diseased,Point Estimate,0.000985,0.024817,0.024817,,0.000000,,0.000985
MI_1,MI Mild (μ=1.5),84,Apical,4,Inferior,1,Non-diseased,MCMC,0.151990,,0.217623,1.322697,1.322697,1.000000,0.151990
MI_1,MI Mild (μ=1.5),84,Apical,4,Lateral,2,Non-diseased,Point Estimate,0.003923,0.061159,0.061159,,0.000000,,0.003923
MI_1,MI Mild (μ=1.5),84,Apical,4,Lateral,2,Non-diseased,MCMC,0.008169,,0.056186,0.568601,0.568601,1.000000,0.008169
MI_1,MI Mild (μ=1.5),84,Apical,4,Septal,3,Non-diseased,Point Estimate,0.011749,0.108270,0.108270,,0.000000,,0.011749
MI_1,MI Mild (μ=1.5),84,Apical,4,Septal,3,Non-diseased,MCMC,0.037452,,0.117110,0.968282,0.968282,1.000000,0.037452
MI_1,MI Mild (μ=1.5),84,Apical,4,Apical,4,Diseased,Point Estimate,0.000398,0.015836,0.015836,,0.000000,,0.000398
MI_1,MI Mild (μ=1.5),84,Apical,4,Apical,4,Diseased,MCMC,0.000124,,0.032240,0.521178,0.521178,1.000000,0.000124
MI_1,MI Mild (μ=1.5),85,Apical,4,Anterior,0,Non-diseased,Point Estimate,0.001452,0.037493,0.037493,,0.000000,,0.001452
MI_1,MI Mild (μ=1.5),85,Apical,4,Anterior,0,Non-diseased,MCMC,0.008086,,0.062383,0.740858,0.740858,1.000000,0.008086
MI_1,MI Mild (μ=1.5),85,Apical,4,Inferior,1,Non-diseased,Point Estimate,0.145147,0.380840,0.380840,,0.000000,,0.145147
MI_1,MI Mild (μ=1.5),85,Apical,4,Inferior,1,Non-diseased,MCMC,0.150497,,0.218468,1.338807,1.338807,1.000000,0.150497
MI_1,MI Mild (μ=1.5),85,Apical,4,Lateral,2,Non-diseased,Point Estimate,0.024961,0.157545,0.157545,,0.000000,,0.024961
MI_1,MI Mild (μ=1.5),85,Apical,4,Lateral,2,Non-diseased,MCMC,0.003903,,0.044598,0.574889,0.574889,1.000000,0.003903
MI_1,MI Mild (μ=1.5),85,Apical,4,Septal,3,Non-diseased,Point Estimate,0.000931,0.029763,0.029763,,0.000000,,0.000931
MI_1,MI Mild (μ=1.5),85,Apical,4,Septal,3,Non-diseased,MCMC,0.033048,,0.117186,1.101366,1.101366,1.000000,0.033048
MI_1,MI Mild (μ=1.5),85,Apical,4,Apical,4,Diseased,Point Estimate,0.020149,0.140933,0.140933,,0.000000,,0.020149
MI_1,MI Mild (μ=1.5),85,Apical,4,Apical,4,Diseased,MCMC,0.000975,,0.057217,0.853877,0.853877,1.000000,0.000975
MI_1,MI Mild (μ=1.5),86,Apical,4,Anterior,0,Non-diseased,Point Estimate,0.008504,0.092037,0.092037,,0.000000,,0.008504
MI_1,MI Mild (μ=1.5),86,Apical,4,Anterior,0,Non-diseased,MCMC,0.005784,,0.057498,0.721549,0.721549,1.000000,0.005784
MI_1,MI Mild (μ=1.5),86,Apical,4,Inferior,1,Non-diseased,Point Estimate,0.024099,0.155237,0.155237,,0.000000,,0.024099
MI_1,MI Mild (μ=1.5),86,Apical,4,Inferior,1,Non-diseased,MCMC,0.097598,,0.184616,1.368985,1.368985,1.000000,0.097598
MI_1,MI Mild (μ=1.5),86,Apical,4,Lateral,2,Non-diseased,Point Estimate,0.003752,0.058555,0.058555,,0.000000,,0.003752
MI_1,MI Mild (μ=1.5),86,Apical,4,Lateral,2,Non-diseased,MCMC,0.003964,,0.040944,0.488634,0.488634,1.000000,0.003964
MI_1,MI Mild (μ=1.5),86,Apical,4,Septal,3,Non-diseased,Point Estimate,0.008159,0.090238,0.090238,,0.000000,,0.008159
MI_1,MI Mild (μ=1.5),86,Apical,4,Septal,3,Non-diseased,MCMC,0.028280,,0.108863,1.119926,1.119926,1.000000,0.028280
MI_1,MI Mild (μ=1.5),86,Apical,4,Apical,4,Diseased,Point Estimate,0.011365,0.106062,0.106062,,0.000000,,0.011365
MI_1,MI Mild (μ=1.5),86,Apical,4,Apical,4,Diseased,MCMC,0.000575,,0.061732,0.970455,0.970455,1.000000,0.000575
MI_1,MI Mild (μ=1.5),87,Apical,4,Anterior,0,Non-diseased,Point Estimate,0.016756,0.128515,0.128515,,0.000000,,0.016756
MI_1,MI Mild (μ=1.5),87,Apical,4,Anterior,0,Non-diseased,MCMC,0.005175,,0.057922,0.749144,0.749144,1.000000,0.005175
MI_1,MI Mild (μ=1.5),87,Apical,4,Inferior,1,Non-diseased,Point Estimate,0.005231,0.069747,0.069747,,0.000000,,0.005231
MI_1,MI Mild (μ=1.5),87,Apical,4,Inferior,1,Non-diseased,MCMC,0.086590,,0.170932,1.300904,1.300904,1.000000,0.086590
MI_1,MI Mild (μ=1.5),87,Apical,4,Lateral,2,Non-diseased,Point Estimate,0.004384,0.064637,0.064637,,0.000000,,0.004384
MI_1,MI Mild (μ=1.5),87,Apical,4,Lateral,2,Non-diseased,MCMC,0.002330,,0.036856,0.515633,0.515633,1.000000,0.002330
MI_1,MI Mild (μ=1.5),87,Apical,4,Septal,3,Non-diseased,Point Estimate,0.006577,0.081100,0.081100,,0.000000,,0.006577
MI_1,MI Mild (μ=1.5),87,Apical,4,Septal,3,Non-diseased,MCMC,0.028333,,0.108170,1.011580,1.011580,1.000000,0.028333
MI_1,MI Mild (μ=1.5),87,Apical,4,Apical,4,Diseased,Point Estimate,0.000289,0.016354,0.016354,,0.000000,,0.000289
MI_1,MI Mild (μ=1.5),87,Apical,4,Apical,4,Diseased,MCMC,0.003005,,0.051824,0.752209,0.752209,1.000000,0.003005
MI_1,MI Mild (μ=1.5),88,Apical,4,Anterior,0,Non-diseased,Point Estimate,0.001956,0.044133,0.044133,,0.000000,,0.001956
MI_1,MI Mild (μ=1.5),88,Apical,4,Anterior,0,Non-diseased,MCMC,0.005422,,0.058162,0.826012,0.826012,1.000000,0.005422
MI_1,MI Mild (μ=1.5),88,Apical,4,Inferior,1,Non-diseased,Point Estimate,0.009584,0.097236,0.097236,,0.000000,,0.009584
MI_1,MI Mild (μ=1.5),88,Apical,4,Inferior,1,Non-diseased,MCMC,0.072772,,0.170909,1.443263,1.443263,1.000000,0.072772
MI_1,MI Mild (μ=1.5),88,Apical,4,Lateral,2,Non-diseased,Point Estimate,0.006721,0.080683,0.080683,,0.000000,,0.006721
MI_1,MI Mild (μ=1.5),88,Apical,4,Lateral,2,Non-diseased,MCMC,0.001597,,0.038181,0.601163,0.601163,1.000000,0.001597
MI_1,MI Mild (μ=1.5),88,Apical,4,Septal,3,Non-diseased,Point Estimate,0.002234,0.047199,0.047199,,0.000000,,0.002234
MI_1,MI Mild (μ=1.5),88,Apical,4,Septal,3,Non-diseased,MCMC,0.027151,,0.109811,1.152272,1.152272,1.000000,0.027151
MI_1,MI Mild (μ=1.5),88,Apical,4,Apical,4,Diseased,Point Estimate,0.000148,0.010725,0.010725,,0.000000,,0.000148
MI_1,MI Mild (μ=1.5),88,Apical,4,Apical,4,Diseased,MCMC,0.004721,,0.066911,1.032768,1.032768,1.000000,0.004721
MI_1,MI Mild (μ=1.5),89,Apical,4,Anterior,0,Non-diseased,Point Estimate,0.009310,0.095468,0.095468,,0.000000,,0.009310
MI_1,MI Mild (μ=1.5),89,Apical,4,Anterior,0,Non-diseased,MCMC,0.007066,,0.058359,0.727030,0.727030,1.000000,0.007066
MI_1,MI Mild (μ=1.5),89,Apical,4,Inferior,1,Non-diseased,Point Estimate,0.050401,0.223279,0.223279,,0.000000,,0.050401
MI_1,MI Mild (μ=1.5),89,Apical,4,Inferior,1,Non-diseased,MCMC,0.181869,,0.246337,1.282645,1.282645,1.000000,0.181869
MI_1,MI Mild (μ=1.5),89,Apical,4,Lateral,2,Non-diseased,Point Estimate,0.008219,0.088965,0.088965,,0.000000,,0.008219
MI_1,MI Mild (μ=1.5),89,Apical,4,Lateral,2,Non-diseased,MCMC,0.003840,,0.042139,0.497649,0.497649,1.000000,0.003840
MI_1,MI Mild (μ=1.5),89,Apical,4,Septal,3,Non-diseased,Point Estimate,0.011002,0.103498,0.103498,,0.000000,,0.011002
MI_1,MI Mild (μ=1.5),89,Apical,4,Septal,3,Non-diseased,MCMC,0.041195,,0.119673,1.001266,1.001266,1.000000,0.041195
MI_1,MI Mild (μ=1.5),89,Apical,4,Apical,4,Diseased,Point Estimate,0.000249,0.014224,0.014224,,0.000000,,0.000249
MI_1,MI Mild (μ=1.5),89,Apical,4,Apical,4,Diseased,MCMC,0.000223,,0.033491,0.515320,0.515320,1.000000,0.000223
MI_1,MI Mild (μ=1.5),90,Apical,4,Anterior,0,Non-diseased,Point Estimate,0.024764,0.156646,0.156646,,0.000000,,0.024764
MI_1,MI Mild (μ=1.5),90,Apical,4,Anterior,0,Non-diseased,MCMC,0.008934,,0.062094,0.711198,0.711198,1.000000,0.008934
MI_1,MI Mild (μ=1.5),90,Apical,4,Inferior,1,Non-diseased,Point Estimate,0.090849,0.300934,0.300934,,0.000000,,0.090849
MI_1,MI Mild (μ=1.5),90,Apical,4,Inferior,1,Non-diseased,MCMC,0.218095,,0.280113,1.246356,1.246356,1.000000,0.218095
MI_1,MI Mild (μ=1.5),90,Apical,4,Lateral,2,Non-diseased,Point Estimate,0.012844,0.112618,0.112618,,0.000000,,0.012844
MI_1,MI Mild (μ=1.5),90,Apical,4,Lateral,2,Non-diseased,MCMC,0.007705,,0.053277,0.474722,0.474722,1.000000,0.007705
MI_1,MI Mild (μ=1.5),90,Apical,4,Septal,3,Non-diseased,Point Estimate,0.036862,0.191319,0.191319,,0.000000,,0.036862
MI_1,MI Mild (μ=1.5),90,Apical,4,Septal,3,Non-diseased,MCMC,0.038963,,0.120490,1.029274,1.029274,1.000000,0.038963
MI_1,MI Mild (μ=1.5),90,Apical,4,Apical,4,Diseased,Point Estimate,0.001288,0.035824,0.035824,,0.000000,,0.001288
MI_1,MI Mild (μ=1.5),90,Apical,4,Apical,4,Diseased,MCMC,0.000310,,0.037092,0.588186,0.588186,1.000000,0.000310
MI_1,MI Mild (μ=1.5),91,Apical,4,Anterior,0,Non-diseased,Point Estimate,0.005065,0.069079,0.069079,,0.000000,,0.005065
MI_1,MI Mild (μ=1.5),91,Apical,4,Anterior,0,Non-diseased,MCMC,0.009021,,0.062410,0.706816,0.706816,1.000000,0.009021
MI_1,MI Mild (μ=1.5),91,Apical,4,Inferior,1,Non-diseased,Point Estimate,0.146064,0.382170,0.382170,,0.000000,,0.146064
MI_1,MI Mild (μ=1.5),91,Apical,4,Inferior,1,Non-diseased,MCMC,0.144179,,0.222117,1.291998,1.291998,1.000000,0.144179
MI_1,MI Mild (μ=1.5),91,Apical,4,Lateral,2,Non-diseased,Point Estimate,0.027525,0.165304,0.165304,,0.000000,,0.027525
MI_1,MI Mild (μ=1.5),91,Apical,4,Lateral,2,Non-diseased,MCMC,0.005344,,0.045960,0.511481,0.511481,1.000000,0.005344
MI_1,MI Mild (μ=1.5),91,Apical,4,Septal,3,Non-diseased,Point Estimate,0.001667,0.040482,0.040482,,0.000000,,0.001667
MI_1,MI Mild (μ=1.5),91,Apical,4,Septal,3,Non-diseased,MCMC,0.023060,,0.097076,1.007498,1.007498,1.000000,0.023060
MI_1,MI Mild (μ=1.5),91,Apical,4,Apical,4,Diseased,Point Estimate,0.002290,0.047539,0.047539,,0.000000,,0.002290
MI_1,MI Mild (μ=1.5),91,Apical,4,Apical,4,Diseased,MCMC,0.001388,,0.052417,0.823297,0.823297,1.000000,0.001388
MI_1,MI Mild (μ=1.5),92,Apical,4,Anterior,0,Non-diseased,Point Estimate,0.002696,0.051901,0.051901,,0.000000,,0.002696
MI_1,MI Mild (μ=1.5),92,Apical,4,Anterior,0,Non-diseased,MCMC,0.011023,,0.069494,0.775802,0.775802,1.000000,0.011023
MI_1,MI Mild (μ=1.5),92,Apical,4,Inferior,1,Non-diseased,Point Estimate,0.003938,0.061828,0.061828,,0.000000,,0.003938
MI_1,MI Mild (μ=1.5),92,Apical,4,Inferior,1,Non-diseased,MCMC,0.037078,,0.134233,1.449139,1.449139,1.000000,0.037078
MI_1,MI Mild (μ=1.5),92,Apical,4,Lateral,2,Non-diseased,Point Estimate,0.005050,0.068313,0.068313,,0.000000,,0.005050
MI_1,MI Mild (μ=1.5),92,Apical,4,Lateral,2,Non-diseased,MCMC,0.001758,,0.040319,0.623419,0.623419,1.000000,0.001758
MI_1,MI Mild (μ=1.5),92,Apical,4,Septal,3,Non-diseased,Point Estimate,0.009110,0.095285,0.095285,,0.000000,,0.009110
MI_1,MI Mild (μ=1.5),92,Apical,4,Septal,3,Non-diseased,MCMC,0.030862,,0.110719,1.062066,1.062066,1.000000,0.030862
MI_1,MI Mild (μ=1.5),92,Apical,4,Apical,4,Diseased,Point Estimate,0.000063,0.006095,0.006095,,0.000000,,0.000063
MI_1,MI Mild (μ=1.5),92,Apical,4,Apical,4,Diseased,MCMC,0.005774,,0.067164,0.972501,0.972501,1.000000,0.005774
MI_1,MI Mild (μ=1.5),93,Apical,4,Anterior,0,Non-diseased,Point Estimate,0.001899,0.043563,0.043563,,0.000000,,0.001899
MI_1,MI Mild (μ=1.5),93,Apical,4,Anterior,0,Non-diseased,MCMC,0.005820,,0.062374,0.813889,0.813889,1.000000,0.005820
MI_1,MI Mild (μ=1.5),93,Apical,4,Inferior,1,Non-diseased,Point Estimate,0.008107,0.089870,0.089870,,0.000000,,0.008107
MI_1,MI Mild (μ=1.5),93,Apical,4,Inferior,1,Non-diseased,MCMC,0.052757,,0.141409,1.320423,1.320423,1.000000,0.052757
MI_1,MI Mild (μ=1.5),93,Apical,4,Lateral,2,Non-diseased,Point Estimate,0.004024,0.061998,0.061998,,0.000000,,0.004024
MI_1,MI Mild (μ=1.5),93,Apical,4,Lateral,2,Non-diseased,MCMC,0.000711,,0.038231,0.601337,0.601337,1.000000,0.000711
MI_1,MI Mild (μ=1.5),93,Apical,4,Septal,3,Non-diseased,Point Estimate,0.004497,0.066928,0.066928,,0.000000,,0.004497
MI_1,MI Mild (μ=1.5),93,Apical,4,Septal,3,Non-diseased,MCMC,0.030142,,0.112151,1.064183,1.064183,1.000000,0.030142
MI_1,MI Mild (μ=1.5),93,Apical,4,Apical,4,Diseased,Point Estimate,0.004576,0.066647,0.066647,,0.000000,,0.004576
MI_1,MI Mild (μ=1.5),93,Apical,4,Apical,4,Diseased,MCMC,0.005938,,0.073168,1.038096,1.038096,1.000000,0.005938
MI_1,MI Mild (μ=1.5),94,Apical,4,Anterior,0,Non-diseased,Point Estimate,0.001457,0.038173,0.038173,,0.000000,,0.001457
MI_1,MI Mild (μ=1.5),94,Apical,4,Anterior,0,Non-diseased,MCMC,0.009002,,0.063923,0.786817,0.786817,1.000000,0.009002
MI_1,MI Mild (μ=1.5),94,Apical,4,Inferior,1,Non-diseased,Point Estimate,0.098671,0.313588,0.313588,,0.000000,,0.098671
MI_1,MI Mild (μ=1.5),94,Apical,4,Inferior,1,Non-diseased,MCMC,0.210259,,0.273020,1.270363,1.270363,1.000000,0.210259
MI_1,MI Mild (μ=1.5),94,Apical,4,Lateral,2,Non-diseased,Point Estimate,0.018385,0.134975,0.134975,,0.000000,,0.018385
MI_1,MI Mild (μ=1.5),94,Apical,4,Lateral,2,Non-diseased,MCMC,0.004988,,0.046586,0.483640,0.483640,1.000000,0.004988
MI_1,MI Mild (μ=1.5),94,Apical,4,Septal,3,Non-diseased,Point Estimate,0.007424,0.084178,0.084178,,0.000000,,0.007424
MI_1,MI Mild (μ=1.5),94,Apical,4,Septal,3,Non-diseased,MCMC,0.037396,,0.121855,0.994456,0.994456,1.000000,0.037396
MI_1,MI Mild (μ=1.5),94,Apical,4,Apical,4,Diseased,Point Estimate,0.000071,0.007899,0.007899,,0.000000,,0.000071
MI_1,MI Mild (μ=1.5),94,Apical,4,Apical,4,Diseased,MCMC,0.000200,,0.043964,0.686379,0.686379,1.000000,0.000200
MI_1,MI Mild (μ=1.5),95,Apical,4,Anterior,0,Non-diseased,Point Estimate,0.000019,0.004090,0.004090,,0.000000,,0.000019
MI_1,MI Mild (μ=1.5),95,Apical,4,Anterior,0,Non-diseased,MCMC,0.011012,,0.066208,0.770415,0.770415,1.000000,0.011012
MI_1,MI Mild (μ=1.5),95,Apical,4,Inferior,1,Non-diseased,Point Estimate,0.182848,0.427388,0.427388,,0.000000,,0.182848
MI_1,MI Mild (μ=1.5),95,Apical,4,Inferior,1,Non-diseased,MCMC,0.210200,,0.303066,1.016833,1.016833,1.000000,0.210200
MI_1,MI Mild (μ=1.5),95,Apical,4,Lateral,2,Non-diseased,Point Estimate,0.025656,0.159791,0.159791,,0.000000,,0.025656
MI_1,MI Mild (μ=1.5),95,Apical,4,Lateral,2,Non-diseased,MCMC,0.010402,,0.061473,0.504418,0.504418,1.000000,0.010402
MI_1,MI Mild (μ=1.5),95,Apical,4,Septal,3,Non-diseased,Point Estimate,0.001643,0.036692,0.036692,,0.000000,,0.001643
MI_1,MI Mild (μ=1.5),95,Apical,4,Septal,3,Non-diseased,MCMC,0.069159,,0.150372,1.001361,1.001361,1.000000,0.069159
MI_1,MI Mild (μ=1.5),95,Apical,4,Apical,4,Diseased,Point Estimate,0.000586,0.023726,0.023726,,0.000000,,0.000586
MI_1,MI Mild (μ=1.5),95,Apical,4,Apical,4,Diseased,MCMC,0.000008,,0.028858,0.503924,0.503924,1.000000,0.000008
MI_1,MI Mild (μ=1.5),96,Apical,4,Anterior,0,Non-diseased,Point Estimate,0.000430,0.020032,0.020032,,0.000000,,0.000430
MI_1,MI Mild (μ=1.5),96,Apical,4,Anterior,0,Non-diseased,MCMC,0.012378,,0.067082,0.712913,0.712913,1.000000,0.012378
MI_1,MI Mild (μ=1.5),96,Apical,4,Inferior,1,Non-diseased,Point Estimate,0.005506,0.073015,0.073015,,0.000000,,0.005506
MI_1,MI Mild (μ=1.5),96,Apical,4,Inferior,1,Non-diseased,MCMC,0.116317,,0.199336,1.256052,1.256052,1.000000,0.116317
MI_1,MI Mild (μ=1.5),96,Apical,4,Lateral,2,Non-diseased,Point Estimate,0.005254,0.071097,0.071097,,0.000000,,0.005254
MI_1,MI Mild (μ=1.5),96,Apical,4,Lateral,2,Non-diseased,MCMC,0.001779,,0.034822,0.508979,0.508979,1.000000,0.001779
MI_1,MI Mild (μ=1.5),96,Apical,4,Septal,3,Non-diseased,Point Estimate,0.006900,0.082728,0.082728,,0.000000,,0.006900
MI_1,MI Mild (μ=1.5),96,Apical,4,Septal,3,Non-diseased,MCMC,0.088604,,0.173600,1.095604,1.095604,1.000000,0.088604
MI_1,MI Mild (μ=1.5),96,Apical,4,Apical,4,Diseased,Point Estimate,0.002832,0.053052,0.053052,,0.000000,,0.002832
MI_1,MI Mild (μ=1.5),96,Apical,4,Apical,4,Diseased,MCMC,0.000356,,0.045280,0.696950,0.696950,1.000000,0.000356
MI_1,MI Mild (μ=1.5),97,Apical,4,Anterior,0,Non-diseased,Point Estimate,0.000043,0.004868,0.004868,,0.000000,,0.000043
MI_1,MI Mild (μ=1.5),97,Apical,4,Anterior,0,Non-diseased,MCMC,0.005539,,0.058306,0.815828,0.815828,1.000000,0.005539
MI_1,MI Mild (μ=1.5),97,Apical,4,Inferior,1,Non-diseased,Point Estimate,0.004760,0.068314,0.068314,,0.000000,,0.004760
MI_1,MI Mild (μ=1.5),97,Apical,4,Inferior,1,Non-diseased,MCMC,0.045688,,0.138526,1.421184,1.421184,1.000000,0.045688
MI_1,MI Mild (μ=1.5),97,Apical,4,Lateral,2,Non-diseased,Point Estimate,0.006977,0.081463,0.081463,,0.000000,,0.006977
MI_1,MI Mild (μ=1.5),97,Apical,4,Lateral,2,Non-diseased,MCMC,0.001227,,0.037190,0.588894,0.588894,1.000000,0.001227
MI_1,MI Mild (μ=1.5),97,Apical,4,Septal,3,Non-diseased,Point Estimate,0.000379,0.019211,0.019211,,0.000000,,0.000379
MI_1,MI Mild (μ=1.5),97,Apical,4,Septal,3,Non-diseased,MCMC,0.033944,,0.116111,1.114134,1.114134,1.000000,0.033944
MI_1,MI Mild (μ=1.5),97,Apical,4,Apical,4,Diseased,Point Estimate,0.000456,0.021185,0.021185,,0.000000,,0.000456
MI_1,MI Mild (μ=1.5),97,Apical,4,Apical,4,Diseased,MCMC,0.011568,,0.082613,1.095211,1.095211,1.000000,0.011568
MI_1,MI Mild (μ=1.5),98,Apical,4,Anterior,0,Non-diseased,Point Estimate,0.030042,0.172024,0.172024,,0.000000,,0.030042
MI_1,MI Mild (μ=1.5),98,Apical,4,Anterior,0,Non-diseased,MCMC,0.005797,,0.060453,0.781782,0.781782,1.000000,0.005797
MI_1,MI Mild (μ=1.5),98,Apical,4,Inferior,1,Non-diseased,Point Estimate,0.000359,0.017743,0.017743,,0.000000,,0.000359
MI_1,MI Mild (μ=1.5),98,Apical,4,Inferior,1,Non-diseased,MCMC,0.203558,,0.274990,1.162378,1.162378,1.000000,0.203558
MI_1,MI Mild (μ=1.5),98,Apical,4,Lateral,2,Non-diseased,Point Estimate,0.007249,0.083921,0.083921,,0.000000,,0.007249
MI_1,MI Mild (μ=1.5),98,Apical,4,Lateral,2,Non-diseased,MCMC,0.005098,,0.046270,0.592089,0.592089,1.000000,0.005098
MI_1,MI Mild (μ=1.5),98,Apical,4,Septal,3,Non-diseased,Point Estimate,0.025272,0.158781,0.158781,,0.000000,,0.025272
MI_1,MI Mild (μ=1.5),98,Apical,4,Septal,3,Non-diseased,MCMC,0.022594,,0.100053,1.022481,1.022481,1.000000,0.022594
MI_1,MI Mild (μ=1.5),98,Apical,4,Apical,4,Diseased,Point Estimate,0.011297,0.105675,0.105675,,0.000000,,0.011297
MI_1,MI Mild (μ=1.5),98,Apical,4,Apical,4,Diseased,MCMC,0.000742,,0.054747,0.881983,0.881983,1.000000,0.000742
MI_1,MI Mild (μ=1.5),99,Apical,4,Anterior,0,Non-diseased,Point Estimate,0.002477,0.049675,0.049675,,0.000000,,0.002477
MI_1,MI Mild (μ=1.5),99,Apical,4,Anterior,0,Non-diseased,MCMC,0.006564,,0.056677,0.715542,0.715542,1.000000,0.006564
MI_1,MI Mild (μ=1.5),99,Apical,4,Inferior,1,Non-diseased,Point Estimate,0.001171,0.029554,0.029554,,0.000000,,0.001171
MI_1,MI Mild (μ=1.5),99,Apical,4,Inferior,1,Non-diseased,MCMC,0.123897,,0.200712,1.319850,1.319850,1.000000,0.123897
MI_1,MI Mild (μ=1.5),99,Apical,4,Lateral,2,Non-diseased,Point Estimate,0.008541,0.090138,0.090138,,0.000000,,0.008541
MI_1,MI Mild (μ=1.5),99,Apical,4,Lateral,2,Non-diseased,MCMC,0.001758,,0.036763,0.540357,0.540357,1.000000,0.001758
MI_1,MI Mild (μ=1.5),99,Apical,4,Septal,3,Non-diseased,Point Estimate,0.003823,0.061702,0.061702,,0.000000,,0.003823
MI_1,MI Mild (μ=1.5),99,Apical,4,Septal,3,Non-diseased,MCMC,0.043440,,0.126160,1.064695,1.064695,1.000000,0.043440
MI_1,MI Mild (μ=1.5),99,Apical,4,Apical,4,Diseased,Point Estimate,0.001874,0.043281,0.043281,,0.000000,,0.001874
MI_1,MI Mild (μ=1.5),99,Apical,4,Apical,4,Diseased,MCMC,0.000047,,0.048315,0.754794,0.754794,1.000000,0.000047
MI_2,MI Moderate (μ=2.0),0,Anterior,0,Anterior,0,Diseased,Point Estimate,0.000961,0.024980,0.024980,,0.000000,,0.000961
MI_2,MI Moderate (μ=2.0),0,Anterior,0,Anterior,0,Diseased,MCMC,0.001806,,0.070917,1.079946,1.079946,1.000000,0.001806
MI_2,MI Moderate (μ=2.0),0,Anterior,0,Inferior,1,Non-diseased,Point Estimate,0.011526,0.106013,0.106013,,0.000000,,0.011526
MI_2,MI Moderate (μ=2.0),0,Anterior,0,Inferior,1,Non-diseased,MCMC,0.164871,,0.237909,1.206548,1.206548,1.000000,0.164871
MI_2,MI Moderate (μ=2.0),0,Anterior,0,Lateral,2,Non-diseased,Point Estimate,0.000129,0.009943,0.009943,,0.000000,,0.000129
MI_2,MI Moderate (μ=2.0),0,Anterior,0,Lateral,2,Non-diseased,MCMC,0.001325,,0.037118,0.562066,0.562066,1.000000,0.001325
MI_2,MI Moderate (μ=2.0),0,Anterior,0,Septal,3,Non-diseased,Point Estimate,0.000068,0.007407,0.007407,,0.000000,,0.000068
MI_2,MI Moderate (μ=2.0),0,Anterior,0,Septal,3,Non-diseased,MCMC,0.012182,,0.079813,0.989420,0.989420,1.000000,0.012182
MI_2,MI Moderate (μ=2.0),0,Anterior,0,Apical,4,Non-diseased,Point Estimate,0.000269,0.016397,0.016397,,0.000000,,0.000269
MI_2,MI Moderate (μ=2.0),0,Anterior,0,Apical,4,Non-diseased,MCMC,0.005482,,0.045801,0.426989,0.426989,1.000000,0.005482
MI_2,MI Moderate (μ=2.0),1,Anterior,0,Anterior,0,Diseased,Point Estimate,0.029377,0.162591,0.162591,,0.000000,,0.029377
MI_2,MI Moderate (μ=2.0),1,Anterior,0,Anterior,0,Diseased,MCMC,0.008130,,0.119167,1.730426,1.730426,1.000000,0.008130
MI_2,MI Moderate (μ=2.0),1,Anterior,0,Inferior,1,Non-diseased,Point Estimate,0.066037,0.255783,0.255783,,0.000000,,0.066037
MI_2,MI Moderate (μ=2.0),1,Anterior,0,Inferior,1,Non-diseased,MCMC,0.222169,,0.314690,0.938752,0.938752,1.000000,0.222169
MI_2,MI Moderate (μ=2.0),1,Anterior,0,Lateral,2,Non-diseased,Point Estimate,0.001194,0.034511,0.034511,,0.000000,,0.001194
MI_2,MI Moderate (μ=2.0),1,Anterior,0,Lateral,2,Non-diseased,MCMC,0.000149,,0.033224,0.584036,0.584036,1.000000,0.000149
MI_2,MI Moderate (μ=2.0),1,Anterior,0,Septal,3,Non-diseased,Point Estimate,0.004485,0.066722,0.066722,,0.000000,,0.004485
MI_2,MI Moderate (μ=2.0),1,Anterior,0,Septal,3,Non-diseased,MCMC,0.018035,,0.098661,1.234533,1.234533,1.000000,0.018035
MI_2,MI Moderate (μ=2.0),1,Anterior,0,Apical,4,Non-diseased,Point Estimate,0.005539,0.074427,0.074427,,0.000000,,0.005539
MI_2,MI Moderate (μ=2.0),1,Anterior,0,Apical,4,Non-diseased,MCMC,0.004668,,0.041590,0.382962,0.382962,1.000000,0.004668
MI_2,MI Moderate (μ=2.0),2,Anterior,0,Anterior,0,Diseased,Point Estimate,0.004476,0.066647,0.066647,,0.000000,,0.004476
MI_2,MI Moderate (μ=2.0),2,Anterior,0,Anterior,0,Diseased,MCMC,0.004877,,0.093582,1.326982,1.326982,1.000000,0.004877
MI_2,MI Moderate (μ=2.0),2,Anterior,0,Inferior,1,Non-diseased,Point Estimate,0.002806,0.046814,0.046814,,0.000000,,0.002806
MI_2,MI Moderate (μ=2.0),2,Anterior,0,Inferior,1,Non-diseased,MCMC,0.199083,,0.272786,1.333474,1.333474,1.000000,0.199083
MI_2,MI Moderate (μ=2.0),2,Anterior,0,Lateral,2,Non-diseased,Point Estimate,0.000398,0.019435,0.019435,,0.000000,,0.000398
MI_2,MI Moderate (μ=2.0),2,Anterior,0,Lateral,2,Non-diseased,MCMC,0.000476,,0.038738,0.627845,0.627845,1.000000,0.000476
MI_2,MI Moderate (μ=2.0),2,Anterior,0,Septal,3,Non-diseased,Point Estimate,0.004422,0.065321,0.065321,,0.000000,,0.004422
MI_2,MI Moderate (μ=2.0),2,Anterior,0,Septal,3,Non-diseased,MCMC,0.027621,,0.106916,1.063327,1.063327,1.000000,0.027621
MI_2,MI Moderate (μ=2.0),2,Anterior,0,Apical,4,Non-diseased,Point Estimate,0.000502,0.022397,0.022397,,0.000000,,0.000502
MI_2,MI Moderate (μ=2.0),2,Anterior,0,Apical,4,Non-diseased,MCMC,0.003254,,0.035309,0.379515,0.379515,1.000000,0.003254
MI_2,MI Moderate (μ=2.0),3,Anterior,0,Anterior,0,Diseased,Point Estimate,0.023601,0.153625,0.153625,,0.000000,,0.023601
MI_2,MI Moderate (μ=2.0),3,Anterior,0,Anterior,0,Diseased,MCMC,0.007323,,0.088824,1.182534,1.182534,1.000000,0.007323
MI_2,MI Moderate (μ=2.0),3,Anterior,0,Inferior,1,Non-diseased,Point Estimate,0.102750,0.319791,0.319791,,0.000000,,0.102750
MI_2,MI Moderate (μ=2.0),3,Anterior,0,Inferior,1,Non-diseased,MCMC,0.325323,,0.383199,1.100589,1.100589,1.000000,0.325323
MI_2,MI Moderate (μ=2.0),3,Anterior,0,Lateral,2,Non-diseased,Point Estimate,0.003365,0.057977,0.057977,,0.000000,,0.003365
MI_2,MI Moderate (μ=2.0),3,Anterior,0,Lateral,2,Non-diseased,MCMC,0.002361,,0.040037,0.546619,0.546619,1.000000,0.002361
MI_2,MI Moderate (μ=2.0),3,Anterior,0,Septal,3,Non-diseased,Point Estimate,0.000264,0.013886,0.013886,,0.000000,,0.000264
MI_2,MI Moderate (μ=2.0),3,Anterior,0,Septal,3,Non-diseased,MCMC,0.051551,,0.140391,0.973861,0.973861,1.000000,0.051551
MI_2,MI Moderate (μ=2.0),3,Anterior,0,Apical,4,Non-diseased,Point Estimate,0.002808,0.052877,0.052877,,0.000000,,0.002808
MI_2,MI Moderate (μ=2.0),3,Anterior,0,Apical,4,Non-diseased,MCMC,0.010791,,0.060548,0.507577,0.507577,1.000000,0.010791
MI_2,MI Moderate (μ=2.0),4,Anterior,0,Anterior,0,Diseased,Point Estimate,0.002723,0.043864,0.043864,,0.000000,,0.002723
MI_2,MI Moderate (μ=2.0),4,Anterior,0,Anterior,0,Diseased,MCMC,0.001050,,0.107152,1.640972,1.640972,1.000000,0.001050
MI_2,MI Moderate (μ=2.0),4,Anterior,0,Inferior,1,Non-diseased,Point Estimate,0.046501,0.215591,0.215591,,0.000000,,0.046501
MI_2,MI Moderate (μ=2.0),4,Anterior,0,Inferior,1,Non-diseased,MCMC,0.248609,,0.332876,1.075905,1.075905,1.000000,0.248609
MI_2,MI Moderate (μ=2.0),4,Anterior,0,Lateral,2,Non-diseased,Point Estimate,0.007994,0.089325,0.089325,,0.000000,,0.007994
MI_2,MI Moderate (μ=2.0),4,Anterior,0,Lateral,2,Non-diseased,MCMC,0.000949,,0.035158,0.578039,0.578039,1.000000,0.000949
MI_2,MI Moderate (μ=2.0),4,Anterior,0,Septal,3,Non-diseased,Point Estimate,0.003211,0.052952,0.052952,,0.000000,,0.003211
MI_2,MI Moderate (μ=2.0),4,Anterior,0,Septal,3,Non-diseased,MCMC,0.011029,,0.076244,1.006469,1.006469,1.000000,0.011029
MI_2,MI Moderate (μ=2.0),4,Anterior,0,Apical,4,Non-diseased,Point Estimate,0.000958,0.030932,0.030932,,0.000000,,0.000958
MI_2,MI Moderate (μ=2.0),4,Anterior,0,Apical,4,Non-diseased,MCMC,0.005266,,0.044420,0.413848,0.413848,1.000000,0.005266
MI_2,MI Moderate (μ=2.0),5,Anterior,0,Anterior,0,Diseased,Point Estimate,0.006494,0.080550,0.080550,,0.000000,,0.006494
MI_2,MI Moderate (μ=2.0),5,Anterior,0,Anterior,0,Diseased,MCMC,0.008072,,0.078854,1.026703,1.026703,1.000000,0.008072
MI_2,MI Moderate (μ=2.0),5,Anterior,0,Inferior,1,Non-diseased,Point Estimate,0.153817,0.391827,0.391827,,0.000000,,0.153817
MI_2,MI Moderate (μ=2.0),5,Anterior,0,Inferior,1,Non-diseased,MCMC,0.300406,,0.395665,2.045605,0.966706,0.000000,0.300406
MI_2,MI Moderate (μ=2.0),5,Anterior,0,Lateral,2,Non-diseased,Point Estimate,0.009694,0.098166,0.098166,,0.000000,,0.009694
MI_2,MI Moderate (μ=2.0),5,Anterior,0,Lateral,2,Non-diseased,MCMC,0.003851,,0.041198,0.514941,0.514941,1.000000,0.003851
MI_2,MI Moderate (μ=2.0),5,Anterior,0,Septal,3,Non-diseased,Point Estimate,0.000239,0.013787,0.013787,,0.000000,,0.000239
MI_2,MI Moderate (μ=2.0),5,Anterior,0,Septal,3,Non-diseased,MCMC,0.047352,,0.130573,0.953417,0.953417,1.000000,0.047352
MI_2,MI Moderate (μ=2.0),5,Anterior,0,Apical,4,Non-diseased,Point Estimate,0.002546,0.050444,0.050444,,0.000000,,0.002546
MI_2,MI Moderate (μ=2.0),5,Anterior,0,Apical,4,Non-diseased,MCMC,0.006097,,0.046623,0.396299,0.396299,1.000000,0.006097
MI_2,MI Moderate (μ=2.0),6,Anterior,0,Anterior,0,Diseased,Point Estimate,0.000403,0.019068,0.019068,,0.000000,,0.000403
MI_2,MI Moderate (μ=2.0),6,Anterior,0,Anterior,0,Diseased,MCMC,0.011407,,0.070605,0.794558,0.794558,1.000000,0.011407
MI_2,MI Moderate (μ=2.0),6,Anterior,0,Inferior,1,Non-diseased,Point Estimate,0.150722,0.387721,0.387721,,0.000000,,0.150722
MI_2,MI Moderate (μ=2.0),6,Anterior,0,Inferior,1,Non-diseased,MCMC,0.294752,,0.362634,1.081164,1.081164,1.000000,0.294752
MI_2,MI Moderate (μ=2.0),6,Anterior,0,Lateral,2,Non-diseased,Point Estimate,0.013776,0.117087,0.117087,,0.000000,,0.013776
MI_2,MI Moderate (μ=2.0),6,Anterior,0,Lateral,2,Non-diseased,MCMC,0.010820,,0.059901,0.501533,0.501533,1.000000,0.010820
MI_2,MI Moderate (μ=2.0),6,Anterior,0,Septal,3,Non-diseased,Point Estimate,0.003385,0.055406,0.055406,,0.000000,,0.003385
MI_2,MI Moderate (μ=2.0),6,Anterior,0,Septal,3,Non-diseased,MCMC,0.043358,,0.125180,1.035151,1.035151,1.000000,0.043358
MI_2,MI Moderate (μ=2.0),6,Anterior,0,Apical,4,Non-diseased,Point Estimate,0.000765,0.027577,0.027577,,0.000000,,0.000765
MI_2,MI Moderate (μ=2.0),6,Anterior,0,Apical,4,Non-diseased,MCMC,0.001819,,0.032005,0.467084,0.467084,1.000000,0.001819
MI_2,MI Moderate (μ=2.0),7,Anterior,0,Anterior,0,Diseased,Point Estimate,0.000727,0.022051,0.022051,,0.000000,,0.000727
MI_2,MI Moderate (μ=2.0),7,Anterior,0,Anterior,0,Diseased,MCMC,0.000554,,0.080232,1.299007,1.299007,1.000000,0.000554
MI_2,MI Moderate (μ=2.0),7,Anterior,0,Inferior,1,Non-diseased,Point Estimate,0.009261,0.094037,0.094037,,0.000000,,0.009261
MI_2,MI Moderate (μ=2.0),7,Anterior,0,Inferior,1,Non-diseased,MCMC,0.159224,,0.234776,1.291567,1.291567,1.000000,0.159224
MI_2,MI Moderate (μ=2.0),7,Anterior,0,Lateral,2,Non-diseased,Point Estimate,0.000579,0.024018,0.024018,,0.000000,,0.000579
MI_2,MI Moderate (μ=2.0),7,Anterior,0,Lateral,2,Non-diseased,MCMC,0.000986,,0.037631,0.644243,0.644243,1.000000,0.000986
MI_2,MI Moderate (μ=2.0),7,Anterior,0,Septal,3,Non-diseased,Point Estimate,0.001925,0.043864,0.043864,,0.000000,,0.001925
MI_2,MI Moderate (μ=2.0),7,Anterior,0,Septal,3,Non-diseased,MCMC,0.007902,,0.073101,1.018706,1.018706,1.000000,0.007902
MI_2,MI Moderate (μ=2.0),7,Anterior,0,Apical,4,Non-diseased,Point Estimate,0.001390,0.037213,0.037213,,0.000000,,0.001390
MI_2,MI Moderate (μ=2.0),7,Anterior,0,Apical,4,Non-diseased,MCMC,0.001338,,0.032874,0.499149,0.499149,1.000000,0.001338
MI_2,MI Moderate (μ=2.0),8,Anterior,0,Anterior,0,Diseased,Point Estimate,0.015333,0.123494,0.123494,,0.000000,,0.015333
MI_2,MI Moderate (μ=2.0),8,Anterior,0,Anterior,0,Diseased,MCMC,0.002193,,0.095023,1.461418,1.461418,1.000000,0.002193
MI_2,MI Moderate (μ=2.0),8,Anterior,0,Inferior,1,Non-diseased,Point Estimate,0.089444,0.298456,0.298456,,0.000000,,0.089444
MI_2,MI Moderate (μ=2.0),8,Anterior,0,Inferior,1,Non-diseased,MCMC,0.225673,,0.306877,1.099083,1.099083,1.000000,0.225673
MI_2,MI Moderate (μ=2.0),8,Anterior,0,Lateral,2,Non-diseased,Point Estimate,0.002448,0.049269,0.049269,,0.000000,,0.002448
MI_2,MI Moderate (μ=2.0),8,Anterior,0,Lateral,2,Non-diseased,MCMC,0.000303,,0.033879,0.552534,0.552534,1.000000,0.000303
MI_2,MI Moderate (μ=2.0),8,Anterior,0,Septal,3,Non-diseased,Point Estimate,0.006321,0.079266,0.079266,,0.000000,,0.006321
MI_2,MI Moderate (μ=2.0),8,Anterior,0,Septal,3,Non-diseased,MCMC,0.024929,,0.106359,1.072909,1.072909,1.000000,0.024929
MI_2,MI Moderate (μ=2.0),8,Anterior,0,Apical,4,Non-diseased,Point Estimate,0.004771,0.069009,0.069009,,0.000000,,0.004771
MI_2,MI Moderate (μ=2.0),8,Anterior,0,Apical,4,Non-diseased,MCMC,0.003493,,0.039559,0.498555,0.498555,1.000000,0.003493
MI_2,MI Moderate (μ=2.0),9,Anterior,0,Anterior,0,Diseased,Point Estimate,0.003834,0.048906,0.048906,,0.000000,,0.003834
MI_2,MI Moderate (μ=2.0),9,Anterior,0,Anterior,0,Diseased,MCMC,0.001391,,0.111747,1.757610,1.757610,1.000000,0.001391
MI_2,MI Moderate (μ=2.0),9,Anterior,0,Inferior,1,Non-diseased,Point Estimate,0.004408,0.059078,0.059078,,0.000000,,0.004408
MI_2,MI Moderate (μ=2.0),9,Anterior,0,Inferior,1,Non-diseased,MCMC,0.240081,,0.336539,1.072304,1.072304,1.000000,0.240081
MI_2,MI Moderate (μ=2.0),9,Anterior,0,Lateral,2,Non-diseased,Point Estimate,0.000045,0.006522,0.006522,,0.000000,,0.000045
MI_2,MI Moderate (μ=2.0),9,Anterior,0,Lateral,2,Non-diseased,MCMC,0.000292,,0.036055,0.586498,0.586498,1.000000,0.000292
MI_2,MI Moderate (μ=2.0),9,Anterior,0,Septal,3,Non-diseased,Point Estimate,0.004854,0.068154,0.068154,,0.000000,,0.004854
MI_2,MI Moderate (μ=2.0),9,Anterior,0,Septal,3,Non-diseased,MCMC,0.005973,,0.073638,1.040459,1.040459,1.000000,0.005973
MI_2,MI Moderate (μ=2.0),9,Anterior,0,Apical,4,Non-diseased,Point Estimate,0.003023,0.054916,0.054916,,0.000000,,0.003023
MI_2,MI Moderate (μ=2.0),9,Anterior,0,Apical,4,Non-diseased,MCMC,0.007985,,0.054586,0.394778,0.394778,1.000000,0.007985
MI_2,MI Moderate (μ=2.0),10,Anterior,0,Anterior,0,Diseased,Point Estimate,0.003534,0.058269,0.058269,,0.000000,,0.003534
MI_2,MI Moderate (μ=2.0),10,Anterior,0,Anterior,0,Diseased,MCMC,0.006546,,0.090598,1.250466,1.250466,1.000000,0.006546
MI_2,MI Moderate (μ=2.0),10,Anterior,0,Inferior,1,Non-diseased,Point Estimate,0.052548,0.229228,0.229228,,0.000000,,0.052548
MI_2,MI Moderate (μ=2.0),10,Anterior,0,Inferior,1,Non-diseased,MCMC,0.148019,,0.226368,1.294508,1.294508,1.000000,0.148019
MI_2,MI Moderate (μ=2.0),10,Anterior,0,Lateral,2,Non-diseased,Point Estimate,0.003485,0.058873,0.058873,,0.000000,,0.003485
MI_2,MI Moderate (μ=2.0),10,Anterior,0,Lateral,2,Non-diseased,MCMC,0.000437,,0.037158,0.573537,0.573537,1.000000,0.000437
MI_2,MI Moderate (μ=2.0),10,Anterior,0,Septal,3,Non-diseased,Point Estimate,0.000099,0.007976,0.007976,,0.000000,,0.000099
MI_2,MI Moderate (μ=2.0),10,Anterior,0,Septal,3,Non-diseased,MCMC,0.033519,,0.114527,1.106023,1.106023,1.000000,0.033519
MI_2,MI Moderate (μ=2.0),10,Anterior,0,Apical,4,Non-diseased,Point Estimate,0.000494,0.022184,0.022184,,0.000000,,0.000494
MI_2,MI Moderate (μ=2.0),10,Anterior,0,Apical,4,Non-diseased,MCMC,0.001291,,0.031812,0.484761,0.484761,1.000000,0.001291
MI_2,MI Moderate (μ=2.0),11,Anterior,0,Anterior,0,Diseased,Point Estimate,0.033182,0.182021,0.182021,,0.000000,,0.033182
MI_2,MI Moderate (μ=2.0),11,Anterior,0,Anterior,0,Diseased,MCMC,0.002750,,0.095876,1.377357,1.377357,1.000000,0.002750
MI_2,MI Moderate (μ=2.0),11,Anterior,0,Inferior,1,Non-diseased,Point Estimate,0.082104,0.285637,0.285637,,0.000000,,0.082104
MI_2,MI Moderate (μ=2.0),11,Anterior,0,Inferior,1,Non-diseased,MCMC,0.298958,,0.377957,0.971761,0.971761,1.000000,0.298958
MI_2,MI Moderate (μ=2.0),11,Anterior,0,Lateral,2,Non-diseased,Point Estimate,0.001100,0.033170,0.033170,,0.000000,,0.001100
MI_2,MI Moderate (μ=2.0),11,Anterior,0,Lateral,2,Non-diseased,MCMC,0.000971,,0.033800,0.515803,0.515803,1.000000,0.000971
MI_2,MI Moderate (μ=2.0),11,Anterior,0,Septal,3,Non-diseased,Point Estimate,0.009123,0.095216,0.095216,,0.000000,,0.009123
MI_2,MI Moderate (μ=2.0),11,Anterior,0,Septal,3,Non-diseased,MCMC,0.033214,,0.113578,1.069403,1.069403,1.000000,0.033214
MI_2,MI Moderate (μ=2.0),11,Anterior,0,Apical,4,Non-diseased,Point Estimate,0.002013,0.044814,0.044814,,0.000000,,0.002013
MI_2,MI Moderate (μ=2.0),11,Anterior,0,Apical,4,Non-diseased,MCMC,0.009048,,0.058626,0.394253,0.394253,1.000000,0.009048
MI_2,MI Moderate (μ=2.0),12,Anterior,0,Anterior,0,Diseased,Point Estimate,0.023865,0.154482,0.154482,,0.000000,,0.023865
MI_2,MI Moderate (μ=2.0),12,Anterior,0,Anterior,0,Diseased,MCMC,0.000077,,0.082587,1.265002,1.265002,1.000000,0.000077
MI_2,MI Moderate (μ=2.0),12,Anterior,0,Inferior,1,Non-diseased,Point Estimate,0.112318,0.334356,0.334356,,0.000000,,0.112318
MI_2,MI Moderate (μ=2.0),12,Anterior,0,Inferior,1,Non-diseased,MCMC,0.246525,,0.340068,1.010628,1.010628,1.000000,0.246525
MI_2,MI Moderate (μ=2.0),12,Anterior,0,Lateral,2,Non-diseased,Point Estimate,0.005792,0.075972,0.075972,,0.000000,,0.005792
MI_2,MI Moderate (μ=2.0),12,Anterior,0,Lateral,2,Non-diseased,MCMC,0.000808,,0.034401,0.520377,0.520377,1.000000,0.000808
MI_2,MI Moderate (μ=2.0),12,Anterior,0,Septal,3,Non-diseased,Point Estimate,0.005662,0.075112,0.075112,,0.000000,,0.005662
MI_2,MI Moderate (μ=2.0),12,Anterior,0,Septal,3,Non-diseased,MCMC,0.019883,,0.094143,0.979602,0.979602,1.000000,0.019883
MI_2,MI Moderate (μ=2.0),12,Anterior,0,Apical,4,Non-diseased,Point Estimate,0.002392,0.048898,0.048898,,0.000000,,0.002392
MI_2,MI Moderate (μ=2.0),12,Anterior,0,Apical,4,Non-diseased,MCMC,0.009616,,0.060199,0.421663,0.421663,1.000000,0.009616
MI_2,MI Moderate (μ=2.0),13,Anterior,0,Anterior,0,Diseased,Point Estimate,0.012308,0.110072,0.110072,,0.000000,,0.012308
MI_2,MI Moderate (μ=2.0),13,Anterior,0,Anterior,0,Diseased,MCMC,0.012970,,0.107020,1.427815,1.427815,1.000000,0.012970
MI_2,MI Moderate (μ=2.0),13,Anterior,0,Inferior,1,Non-diseased,Point Estimate,0.001144,0.028686,0.028686,,0.000000,,0.001144
MI_2,MI Moderate (μ=2.0),13,Anterior,0,Inferior,1,Non-diseased,MCMC,0.244161,,0.318811,1.147124,1.147124,1.000000,0.244161
MI_2,MI Moderate (μ=2.0),13,Anterior,0,Lateral,2,Non-diseased,Point Estimate,0.000354,0.018527,0.018527,,0.000000,,0.000354
MI_2,MI Moderate (μ=2.0),13,Anterior,0,Lateral,2,Non-diseased,MCMC,0.000562,,0.036902,0.611775,0.611775,1.000000,0.000562
MI_2,MI Moderate (μ=2.0),13,Anterior,0,Septal,3,Non-diseased,Point Estimate,0.001530,0.038638,0.038638,,0.000000,,0.001530
MI_2,MI Moderate (μ=2.0),13,Anterior,0,Septal,3,Non-diseased,MCMC,0.042507,,0.129436,1.186934,1.186934,1.000000,0.042507
MI_2,MI Moderate (μ=2.0),13,Anterior,0,Apical,4,Non-diseased,Point Estimate,0.001002,0.031514,0.031514,,0.000000,,0.001002
MI_2,MI Moderate (μ=2.0),13,Anterior,0,Apical,4,Non-diseased,MCMC,0.005936,,0.046121,0.461964,0.461964,1.000000,0.005936
MI_2,MI Moderate (μ=2.0),14,Anterior,0,Anterior,0,Diseased,Point Estimate,0.002219,0.046559,0.046559,,0.000000,,0.002219
MI_2,MI Moderate (μ=2.0),14,Anterior,0,Anterior,0,Diseased,MCMC,0.005525,,0.098474,1.341667,1.341667,1.000000,0.005525
MI_2,MI Moderate (μ=2.0),14,Anterior,0,Inferior,1,Non-diseased,Point Estimate,0.003707,0.056394,0.056394,,0.000000,,0.003707
MI_2,MI Moderate (μ=2.0),14,Anterior,0,Inferior,1,Non-diseased,MCMC,0.187008,,0.269871,1.207168,1.207168,1.000000,0.187008
MI_2,MI Moderate (μ=2.0),14,Anterior,0,Lateral,2,Non-diseased,Point Estimate,0.001724,0.040700,0.040700,,0.000000,,0.001724
MI_2,MI Moderate (μ=2.0),14,Anterior,0,Lateral,2,Non-diseased,MCMC,0.000679,,0.036659,0.621405,0.621405,1.000000,0.000679
MI_2,MI Moderate (μ=2.0),14,Anterior,0,Septal,3,Non-diseased,Point Estimate,0.000078,0.008724,0.008724,,0.000000,,0.000078
MI_2,MI Moderate (μ=2.0),14,Anterior,0,Septal,3,Non-diseased,MCMC,0.028992,,0.111638,1.081374,1.081374,1.000000,0.028992
MI_2,MI Moderate (μ=2.0),14,Anterior,0,Apical,4,Non-diseased,Point Estimate,0.002009,0.044739,0.044739,,0.000000,,0.002009
MI_2,MI Moderate (μ=2.0),14,Anterior,0,Apical,4,Non-diseased,MCMC,0.000318,,0.030189,0.495863,0.495863,1.000000,0.000318
MI_2,MI Moderate (μ=2.0),15,Anterior,0,Anterior,0,Diseased,Point Estimate,0.022754,0.148528,0.148528,,0.000000,,0.022754
MI_2,MI Moderate (μ=2.0),15,Anterior,0,Anterior,0,Diseased,MCMC,0.000732,,0.096711,1.457416,1.457416,1.000000,0.000732
MI_2,MI Moderate (μ=2.0),15,Anterior,0,Inferior,1,Non-diseased,Point Estimate,0.067619,0.259147,0.259147,,0.000000,,0.067619
MI_2,MI Moderate (μ=2.0),15,Anterior,0,Inferior,1,Non-diseased,MCMC,0.260623,,0.335059,1.091161,1.091161,1.000000,0.260623
MI_2,MI Moderate (μ=2.0),15,Anterior,0,Lateral,2,Non-diseased,Point Estimate,0.001786,0.042178,0.042178,,0.000000,,0.001786
MI_2,MI Moderate (μ=2.0),15,Anterior,0,Lateral,2,Non-diseased,MCMC,0.000637,,0.037403,0.611114,0.611114,1.000000,0.000637
MI_2,MI Moderate (μ=2.0),15,Anterior,0,Septal,3,Non-diseased,Point Estimate,0.009633,0.097484,0.097484,,0.000000,,0.009633
MI_2,MI Moderate (μ=2.0),15,Anterior,0,Septal,3,Non-diseased,MCMC,0.020296,,0.094100,0.983971,0.983971,1.000000,0.020296
MI_2,MI Moderate (μ=2.0),15,Anterior,0,Apical,4,Non-diseased,Point Estimate,0.004760,0.068938,0.068938,,0.000000,,0.004760
MI_2,MI Moderate (μ=2.0),15,Anterior,0,Apical,4,Non-diseased,MCMC,0.006186,,0.047405,0.427968,0.427968,1.000000,0.006186
MI_2,MI Moderate (μ=2.0),16,Anterior,0,Anterior,0,Diseased,Point Estimate,0.015795,0.125286,0.125286,,0.000000,,0.015795
MI_2,MI Moderate (μ=2.0),16,Anterior,0,Anterior,0,Diseased,MCMC,0.007087,,0.073025,1.054338,1.054338,1.000000,0.007087
MI_2,MI Moderate (μ=2.0),16,Anterior,0,Inferior,1,Non-diseased,Point Estimate,0.116639,0.340875,0.340875,,0.000000,,0.116639
MI_2,MI Moderate (μ=2.0),16,Anterior,0,Inferior,1,Non-diseased,MCMC,0.274700,,0.338575,1.201618,1.201618,1.000000,0.274700
MI_2,MI Moderate (μ=2.0),16,Anterior,0,Lateral,2,Non-diseased,Point Estimate,0.006261,0.078798,0.078798,,0.000000,,0.006261
MI_2,MI Moderate (μ=2.0),16,Anterior,0,Lateral,2,Non-diseased,MCMC,0.001290,,0.034718,0.522288,0.522288,1.000000,0.001290
MI_2,MI Moderate (μ=2.0),16,Anterior,0,Septal,3,Non-diseased,Point Estimate,0.000154,0.011768,0.011768,,0.000000,,0.000154
MI_2,MI Moderate (μ=2.0),16,Anterior,0,Septal,3,Non-diseased,MCMC,0.068880,,0.154407,0.961511,0.961511,1.000000,0.068880
MI_2,MI Moderate (μ=2.0),16,Anterior,0,Apical,4,Non-diseased,Point Estimate,0.000971,0.030985,0.030985,,0.000000,,0.000971
MI_2,MI Moderate (μ=2.0),16,Anterior,0,Apical,4,Non-diseased,MCMC,0.004596,,0.041011,0.443223,0.443223,1.000000,0.004596
MI_2,MI Moderate (μ=2.0),17,Anterior,0,Anterior,0,Diseased,Point Estimate,0.002177,0.038104,0.038104,,0.000000,,0.002177
MI_2,MI Moderate (μ=2.0),17,Anterior,0,Anterior,0,Diseased,MCMC,0.002868,,0.101319,1.435236,1.435236,1.000000,0.002868
MI_2,MI Moderate (μ=2.0),17,Anterior,0,Inferior,1,Non-diseased,Point Estimate,0.051132,0.226025,0.226025,,0.000000,,0.051132
MI_2,MI Moderate (μ=2.0),17,Anterior,0,Inferior,1,Non-diseased,MCMC,0.162029,,0.244450,1.269657,1.269657,1.000000,0.162029
MI_2,MI Moderate (μ=2.0),17,Anterior,0,Lateral,2,Non-diseased,Point Estimate,0.006399,0.079817,0.079817,,0.000000,,0.006399
MI_2,MI Moderate (μ=2.0),17,Anterior,0,Lateral,2,Non-diseased,MCMC,0.000378,,0.035407,0.625031,0.625031,1.000000,0.000378
MI_2,MI Moderate (μ=2.0),17,Anterior,0,Septal,3,Non-diseased,Point Estimate,0.000703,0.022777,0.022777,,0.000000,,0.000703
MI_2,MI Moderate (μ=2.0),17,Anterior,0,Septal,3,Non-diseased,MCMC,0.016577,,0.093356,1.132756,1.132756,1.000000,0.016577
MI_2,MI Moderate (μ=2.0),17,Anterior,0,Apical,4,Non-diseased,Point Estimate,0.001273,0.035675,0.035675,,0.000000,,0.001273
MI_2,MI Moderate (μ=2.0),17,Anterior,0,Apical,4,Non-diseased,MCMC,0.000417,,0.028230,0.475262,0.475262,1.000000,0.000417
MI_2,MI Moderate (μ=2.0),18,Anterior,0,Anterior,0,Diseased,Point Estimate,0.007465,0.086104,0.086104,,0.000000,,0.007465
MI_2,MI Moderate (μ=2.0),18,Anterior,0,Anterior,0,Diseased,MCMC,0.005937,,0.095531,1.406807,1.406807,1.000000,0.005937
MI_2,MI Moderate (μ=2.0),18,Anterior,0,Inferior,1,Non-diseased,Point Estimate,0.068809,0.259990,0.259990,,0.000000,,0.068809
MI_2,MI Moderate (μ=2.0),18,Anterior,0,Inferior,1,Non-diseased,MCMC,0.333791,,0.393546,1.107448,1.107448,1.000000,0.333791
MI_2,MI Moderate (μ=2.0),18,Anterior,0,Lateral,2,Non-diseased,Point Estimate,0.000675,0.025895,0.025895,,0.000000,,0.000675
MI_2,MI Moderate (μ=2.0),18,Anterior,0,Lateral,2,Non-diseased,MCMC,0.001618,,0.036857,0.532870,0.532870,1.000000,0.001618
MI_2,MI Moderate (μ=2.0),18,Anterior,0,Septal,3,Non-diseased,Point Estimate,0.000267,0.011850,0.011850,,0.000000,,0.000267
MI_2,MI Moderate (μ=2.0),18,Anterior,0,Septal,3,Non-diseased,MCMC,0.031910,,0.108967,0.936125,0.936125,1.000000,0.031910
MI_2,MI Moderate (μ=2.0),18,Anterior,0,Apical,4,Non-diseased,Point Estimate,0.002192,0.046732,0.046732,,0.000000,,0.002192
MI_2,MI Moderate (μ=2.0),18,Anterior,0,Apical,4,Non-diseased,MCMC,0.010304,,0.062475,0.389985,0.389985,1.000000,0.010304
MI_2,MI Moderate (μ=2.0),19,Anterior,0,Anterior,0,Diseased,Point Estimate,0.007514,0.085890,0.085890,,0.000000,,0.007514
MI_2,MI Moderate (μ=2.0),19,Anterior,0,Anterior,0,Diseased,MCMC,0.002238,,0.065566,1.017548,1.017548,1.000000,0.002238
MI_2,MI Moderate (μ=2.0),19,Anterior,0,Inferior,1,Non-diseased,Point Estimate,0.113564,0.336724,0.336724,,0.000000,,0.113564
MI_2,MI Moderate (μ=2.0),19,Anterior,0,Inferior,1,Non-diseased,MCMC,0.254236,,0.325427,1.048259,1.048259,1.000000,0.254236
MI_2,MI Moderate (μ=2.0),19,Anterior,0,Lateral,2,Non-diseased,Point Estimate,0.008122,0.089695,0.089695,,0.000000,,0.008122
MI_2,MI Moderate (μ=2.0),19,Anterior,0,Lateral,2,Non-diseased,MCMC,0.002780,,0.039088,0.515656,0.515656,1.000000,0.002780
MI_2,MI Moderate (μ=2.0),19,Anterior,0,Septal,3,Non-diseased,Point Estimate,0.000022,0.004324,0.004324,,0.000000,,0.000022
MI_2,MI Moderate (μ=2.0),19,Anterior,0,Septal,3,Non-diseased,MCMC,0.026561,,0.102884,0.967191,0.967191,1.000000,0.026561
MI_2,MI Moderate (μ=2.0),19,Anterior,0,Apical,4,Non-diseased,Point Estimate,0.001821,0.042634,0.042634,,0.000000,,0.001821
MI_2,MI Moderate (μ=2.0),19,Anterior,0,Apical,4,Non-diseased,MCMC,0.004809,,0.043986,0.481597,0.481597,1.000000,0.004809
MI_2,MI Moderate (μ=2.0),20,Inferior,1,Anterior,0,Non-diseased,Point Estimate,0.003941,0.062743,0.062743,,0.000000,,0.003941
MI_2,MI Moderate (μ=2.0),20,Inferior,1,Anterior,0,Non-diseased,MCMC,0.001896,,0.047575,0.692362,0.692362,1.000000,0.001896
MI_2,MI Moderate (μ=2.0),20,Inferior,1,Inferior,1,Diseased,Point Estimate,0.044053,0.209840,0.209840,,0.000000,,0.044053
MI_2,MI Moderate (μ=2.0),20,Inferior,1,Inferior,1,Diseased,MCMC,0.014842,,0.133489,1.882077,1.882077,1.000000,0.014842
MI_2,MI Moderate (μ=2.0),20,Inferior,1,Lateral,2,Non-diseased,Point Estimate,0.003872,0.059585,0.059585,,0.000000,,0.003872
MI_2,MI Moderate (μ=2.0),20,Inferior,1,Lateral,2,Non-diseased,MCMC,0.003611,,0.039300,0.464912,0.464912,1.000000,0.003611
MI_2,MI Moderate (μ=2.0),20,Inferior,1,Septal,3,Non-diseased,Point Estimate,0.000297,0.012624,0.012624,,0.000000,,0.000297
MI_2,MI Moderate (μ=2.0),20,Inferior,1,Septal,3,Non-diseased,MCMC,0.013310,,0.075356,0.862221,0.862221,1.000000,0.013310
MI_2,MI Moderate (μ=2.0),20,Inferior,1,Apical,4,Non-diseased,Point Estimate,0.000550,0.022158,0.022158,,0.000000,,0.000550
MI_2,MI Moderate (μ=2.0),20,Inferior,1,Apical,4,Non-diseased,MCMC,0.004461,,0.042053,0.484203,0.484203,1.000000,0.004461
MI_2,MI Moderate (μ=2.0),21,Inferior,1,Anterior,0,Non-diseased,Point Estimate,0.000219,0.013985,0.013985,,0.000000,,0.000219
MI_2,MI Moderate (μ=2.0),21,Inferior,1,Anterior,0,Non-diseased,MCMC,0.008910,,0.063270,0.699593,0.699593,1.000000,0.008910
MI_2,MI Moderate (μ=2.0),21,Inferior,1,Inferior,1,Diseased,Point Estimate,0.072387,0.268443,0.268443,,0.000000,,0.072387
MI_2,MI Moderate (μ=2.0),21,Inferior,1,Inferior,1,Diseased,MCMC,0.002684,,0.132288,2.565113,2.565113,1.000000,0.002684
MI_2,MI Moderate (μ=2.0),21,Inferior,1,Lateral,2,Non-diseased,Point Estimate,0.001421,0.036235,0.036235,,0.000000,,0.001421
MI_2,MI Moderate (μ=2.0),21,Inferior,1,Lateral,2,Non-diseased,MCMC,0.000232,,0.032764,0.547807,0.547807,1.000000,0.000232
MI_2,MI Moderate (μ=2.0),21,Inferior,1,Septal,3,Non-diseased,Point Estimate,0.000718,0.025031,0.025031,,0.000000,,0.000718
MI_2,MI Moderate (μ=2.0),21,Inferior,1,Septal,3,Non-diseased,MCMC,0.021175,,0.089039,0.923202,0.923202,1.000000,0.021175
MI_2,MI Moderate (μ=2.0),21,Inferior,1,Apical,4,Non-diseased,Point Estimate,0.000381,0.019514,0.019514,,0.000000,,0.000381
MI_2,MI Moderate (μ=2.0),21,Inferior,1,Apical,4,Non-diseased,MCMC,0.003298,,0.038382,0.524979,0.524979,1.000000,0.003298
MI_2,MI Moderate (μ=2.0),22,Inferior,1,Anterior,0,Non-diseased,Point Estimate,0.035372,0.186873,0.186873,,0.000000,,0.035372
MI_2,MI Moderate (μ=2.0),22,Inferior,1,Anterior,0,Non-diseased,MCMC,0.003116,,0.049875,0.699770,0.699770,1.000000,0.003116
MI_2,MI Moderate (μ=2.0),22,Inferior,1,Inferior,1,Diseased,Point Estimate,0.046440,0.215402,0.215402,,0.000000,,0.046440
MI_2,MI Moderate (μ=2.0),22,Inferior,1,Inferior,1,Diseased,MCMC,0.005305,,0.107364,1.540614,1.540614,1.000000,0.005305
MI_2,MI Moderate (μ=2.0),22,Inferior,1,Lateral,2,Non-diseased,Point Estimate,0.000215,0.012604,0.012604,,0.000000,,0.000215
MI_2,MI Moderate (μ=2.0),22,Inferior,1,Lateral,2,Non-diseased,MCMC,0.000706,,0.032267,0.504857,0.504857,1.000000,0.000706
MI_2,MI Moderate (μ=2.0),22,Inferior,1,Septal,3,Non-diseased,Point Estimate,0.015827,0.125768,0.125768,,0.000000,,0.015827
MI_2,MI Moderate (μ=2.0),22,Inferior,1,Septal,3,Non-diseased,MCMC,0.017746,,0.080840,0.826496,0.826496,1.000000,0.017746
MI_2,MI Moderate (μ=2.0),22,Inferior,1,Apical,4,Non-diseased,Point Estimate,0.000181,0.013395,0.013395,,0.000000,,0.000181
MI_2,MI Moderate (μ=2.0),22,Inferior,1,Apical,4,Non-diseased,MCMC,0.000348,,0.029666,0.502144,0.502144,1.000000,0.000348
MI_2,MI Moderate (μ=2.0),23,Inferior,1,Anterior,0,Non-diseased,Point Estimate,0.010705,0.103391,0.103391,,0.000000,,0.010705
MI_2,MI Moderate (μ=2.0),23,Inferior,1,Anterior,0,Non-diseased,MCMC,0.007193,,0.056898,0.725762,0.725762,1.000000,0.007193
MI_2,MI Moderate (μ=2.0),23,Inferior,1,Inferior,1,Diseased,Point Estimate,0.070914,0.264169,0.264169,,0.000000,,0.070914
MI_2,MI Moderate (μ=2.0),23,Inferior,1,Inferior,1,Diseased,MCMC,0.037427,,0.145574,1.870997,1.870997,1.000000,0.037427
MI_2,MI Moderate (μ=2.0),23,Inferior,1,Lateral,2,Non-diseased,Point Estimate,0.000170,0.012565,0.012565,,0.000000,,0.000170
MI_2,MI Moderate (μ=2.0),23,Inferior,1,Lateral,2,Non-diseased,MCMC,0.001806,,0.033682,0.487176,0.487176,1.000000,0.001806
MI_2,MI Moderate (μ=2.0),23,Inferior,1,Septal,3,Non-diseased,Point Estimate,0.005210,0.072148,0.072148,,0.000000,,0.005210
MI_2,MI Moderate (μ=2.0),23,Inferior,1,Septal,3,Non-diseased,MCMC,0.026511,,0.098811,0.873889,0.873889,1.000000,0.026511
MI_2,MI Moderate (μ=2.0),23,Inferior,1,Apical,4,Non-diseased,Point Estimate,0.000163,0.012710,0.012710,,0.000000,,0.000163
MI_2,MI Moderate (μ=2.0),23,Inferior,1,Apical,4,Non-diseased,MCMC,0.006224,,0.047457,0.491774,0.491774,1.000000,0.006224
MI_2,MI Moderate (μ=2.0),24,Inferior,1,Anterior,0,Non-diseased,Point Estimate,0.000328,0.017628,0.017628,,0.000000,,0.000328
MI_2,MI Moderate (μ=2.0),24,Inferior,1,Anterior,0,Non-diseased,MCMC,0.004185,,0.050747,0.678497,0.678497,1.000000,0.004185
MI_2,MI Moderate (μ=2.0),24,Inferior,1,Inferior,1,Diseased,Point Estimate,0.026439,0.162519,0.162519,,0.000000,,0.026439
MI_2,MI Moderate (μ=2.0),24,Inferior,1,Inferior,1,Diseased,MCMC,0.002853,,0.118346,2.063704,2.063704,1.000000,0.002853
MI_2,MI Moderate (μ=2.0),24,Inferior,1,Lateral,2,Non-diseased,Point Estimate,0.002558,0.048511,0.048511,,0.000000,,0.002558
MI_2,MI Moderate (μ=2.0),24,Inferior,1,Lateral,2,Non-diseased,MCMC,0.000875,,0.029379,0.430698,0.430698,1.000000,0.000875
MI_2,MI Moderate (μ=2.0),24,Inferior,1,Septal,3,Non-diseased,Point Estimate,0.000695,0.025425,0.025425,,0.000000,,0.000695
MI_2,MI Moderate (μ=2.0),24,Inferior,1,Septal,3,Non-diseased,MCMC,0.007592,,0.069559,0.972046,0.972046,1.000000,0.007592
MI_2,MI Moderate (μ=2.0),24,Inferior,1,Apical,4,Non-diseased,Point Estimate,0.000042,0.006208,0.006208,,0.000000,,0.000042
MI_2,MI Moderate (μ=2.0),24,Inferior,1,Apical,4,Non-diseased,MCMC,0.005300,,0.045317,0.513499,0.513499,1.000000,0.005300
MI_2,MI Moderate (μ=2.0),25,Inferior,1,Anterior,0,Non-diseased,Point Estimate,0.001523,0.038809,0.038809,,0.000000,,0.001523
MI_2,MI Moderate (μ=2.0),25,Inferior,1,Anterior,0,Non-diseased,MCMC,0.004126,,0.051307,0.713103,0.713103,1.000000,0.004126
MI_2,MI Moderate (μ=2.0),25,Inferior,1,Inferior,1,Diseased,Point Estimate,0.045344,0.212941,0.212941,,0.000000,,0.045344
MI_2,MI Moderate (μ=2.0),25,Inferior,1,Inferior,1,Diseased,MCMC,0.000771,,0.116624,2.035309,2.035309,1.000000,0.000771
MI_2,MI Moderate (μ=2.0),25,Inferior,1,Lateral,2,Non-diseased,Point Estimate,0.003833,0.059706,0.059706,,0.000000,,0.003833
MI_2,MI Moderate (μ=2.0),25,Inferior,1,Lateral,2,Non-diseased,MCMC,0.000992,,0.030523,0.458401,0.458401,1.000000,0.000992
MI_2,MI Moderate (μ=2.0),25,Inferior,1,Septal,3,Non-diseased,Point Estimate,0.004952,0.068357,0.068357,,0.000000,,0.004952
MI_2,MI Moderate (μ=2.0),25,Inferior,1,Septal,3,Non-diseased,MCMC,0.011069,,0.072483,0.872292,0.872292,1.000000,0.011069
MI_2,MI Moderate (μ=2.0),25,Inferior,1,Apical,4,Non-diseased,Point Estimate,0.000005,0.002175,0.002175,,0.000000,,0.000005
MI_2,MI Moderate (μ=2.0),25,Inferior,1,Apical,4,Non-diseased,MCMC,0.005592,,0.044269,0.416653,0.416653,1.000000,0.005592
MI_2,MI Moderate (μ=2.0),26,Inferior,1,Anterior,0,Non-diseased,Point Estimate,0.029204,0.169824,0.169824,,0.000000,,0.029204
MI_2,MI Moderate (μ=2.0),26,Inferior,1,Anterior,0,Non-diseased,MCMC,0.004395,,0.052541,0.714199,0.714199,1.000000,0.004395
MI_2,MI Moderate (μ=2.0),26,Inferior,1,Inferior,1,Diseased,Point Estimate,0.075581,0.274777,0.274777,,0.000000,,0.075581
MI_2,MI Moderate (μ=2.0),26,Inferior,1,Inferior,1,Diseased,MCMC,0.018591,,0.157843,2.096914,2.096914,1.000000,0.018591
MI_2,MI Moderate (μ=2.0),26,Inferior,1,Lateral,2,Non-diseased,Point Estimate,0.000132,0.011395,0.011395,,0.000000,,0.000132
MI_2,MI Moderate (μ=2.0),26,Inferior,1,Lateral,2,Non-diseased,MCMC,0.001904,,0.034537,0.490124,0.490124,1.000000,0.001904
MI_2,MI Moderate (μ=2.0),26,Inferior,1,Septal,3,Non-diseased,Point Estimate,0.000404,0.019492,0.019492,,0.000000,,0.000404
MI_2,MI Moderate (μ=2.0),26,Inferior,1,Septal,3,Non-diseased,MCMC,0.025009,,0.092637,0.806694,0.806694,1.000000,0.025009
MI_2,MI Moderate (μ=2.0),26,Inferior,1,Apical,4,Non-diseased,Point Estimate,0.000259,0.012746,0.012746,,0.000000,,0.000259
MI_2,MI Moderate (μ=2.0),26,Inferior,1,Apical,4,Non-diseased,MCMC,0.010574,,0.063194,0.461501,0.461501,1.000000,0.010574
MI_2,MI Moderate (μ=2.0),27,Inferior,1,Anterior,0,Non-diseased,Point Estimate,0.004571,0.067176,0.067176,,0.000000,,0.004571
MI_2,MI Moderate (μ=2.0),27,Inferior,1,Anterior,0,Non-diseased,MCMC,0.002795,,0.049938,0.709353,0.709353,1.000000,0.002795
MI_2,MI Moderate (μ=2.0),27,Inferior,1,Inferior,1,Diseased,Point Estimate,0.024597,0.156349,0.156349,,0.000000,,0.024597
MI_2,MI Moderate (μ=2.0),27,Inferior,1,Inferior,1,Diseased,MCMC,0.003859,,0.117745,2.046422,2.046422,1.000000,0.003859
MI_2,MI Moderate (μ=2.0),27,Inferior,1,Lateral,2,Non-diseased,Point Estimate,0.002733,0.049883,0.049883,,0.000000,,0.002733
MI_2,MI Moderate (μ=2.0),27,Inferior,1,Lateral,2,Non-diseased,MCMC,0.001912,,0.033110,0.462522,0.462522,1.000000,0.001912
MI_2,MI Moderate (μ=2.0),27,Inferior,1,Septal,3,Non-diseased,Point Estimate,0.001310,0.033644,0.033644,,0.000000,,0.001310
MI_2,MI Moderate (μ=2.0),27,Inferior,1,Septal,3,Non-diseased,MCMC,0.017267,,0.080785,0.845400,0.845400,1.000000,0.017267
MI_2,MI Moderate (μ=2.0),27,Inferior,1,Apical,4,Non-diseased,Point Estimate,0.000229,0.014692,0.014692,,0.000000,,0.000229
MI_2,MI Moderate (μ=2.0),27,Inferior,1,Apical,4,Non-diseased,MCMC,0.004850,,0.041989,0.426549,0.426549,1.000000,0.004850
MI_2,MI Moderate (μ=2.0),28,Inferior,1,Anterior,0,Non-diseased,Point Estimate,0.000917,0.030019,0.030019,,0.000000,,0.000917
MI_2,MI Moderate (μ=2.0),28,Inferior,1,Anterior,0,Non-diseased,MCMC,0.003468,,0.050652,0.704221,0.704221,1.000000,0.003468
MI_2,MI Moderate (μ=2.0),28,Inferior,1,Inferior,1,Diseased,Point Estimate,0.078722,0.280390,0.280390,,0.000000,,0.078722
MI_2,MI Moderate (μ=2.0),28,Inferior,1,Inferior,1,Diseased,MCMC,0.000728,,0.127033,2.306737,2.306737,1.000000,0.000728
MI_2,MI Moderate (μ=2.0),28,Inferior,1,Lateral,2,Non-diseased,Point Estimate,0.002243,0.045162,0.045162,,0.000000,,0.002243
MI_2,MI Moderate (μ=2.0),28,Inferior,1,Lateral,2,Non-diseased,MCMC,0.001392,,0.032388,0.485239,0.485239,1.000000,0.001392
MI_2,MI Moderate (μ=2.0),28,Inferior,1,Septal,3,Non-diseased,Point Estimate,0.000195,0.013828,0.013828,,0.000000,,0.000195
MI_2,MI Moderate (μ=2.0),28,Inferior,1,Septal,3,Non-diseased,MCMC,0.008692,,0.066608,0.878782,0.878782,1.000000,0.008692
MI_2,MI Moderate (μ=2.0),28,Inferior,1,Apical,4,Non-diseased,Point Estimate,0.000054,0.007223,0.007223,,0.000000,,0.000054
MI_2,MI Moderate (μ=2.0),28,Inferior,1,Apical,4,Non-diseased,MCMC,0.002409,,0.034942,0.475144,0.475144,1.000000,0.002409
MI_2,MI Moderate (μ=2.0),29,Inferior,1,Anterior,0,Non-diseased,Point Estimate,0.000312,0.017345,0.017345,,0.000000,,0.000312
MI_2,MI Moderate (μ=2.0),29,Inferior,1,Anterior,0,Non-diseased,MCMC,0.006942,,0.054574,0.610790,0.610790,1.000000,0.006942
MI_2,MI Moderate (μ=2.0),29,Inferior,1,Inferior,1,Diseased,Point Estimate,0.051873,0.227519,0.227519,,0.000000,,0.051873
MI_2,MI Moderate (μ=2.0),29,Inferior,1,Inferior,1,Diseased,MCMC,0.003081,,0.124182,2.105379,2.105379,1.000000,0.003081
MI_2,MI Moderate (μ=2.0),29,Inferior,1,Lateral,2,Non-diseased,Point Estimate,0.006794,0.080896,0.080896,,0.000000,,0.006794
MI_2,MI Moderate (μ=2.0),29,Inferior,1,Lateral,2,Non-diseased,MCMC,0.002547,,0.034717,0.445547,0.445547,1.000000,0.002547
MI_2,MI Moderate (μ=2.0),29,Inferior,1,Septal,3,Non-diseased,Point Estimate,0.006933,0.080804,0.080804,,0.000000,,0.006933
MI_2,MI Moderate (μ=2.0),29,Inferior,1,Septal,3,Non-diseased,MCMC,0.017389,,0.082061,0.824028,0.824028,1.000000,0.017389
MI_2,MI Moderate (μ=2.0),29,Inferior,1,Apical,4,Non-diseased,Point Estimate,0.000175,0.013185,0.013185,,0.000000,,0.000175
MI_2,MI Moderate (μ=2.0),29,Inferior,1,Apical,4,Non-diseased,MCMC,0.000958,,0.031638,0.491885,0.491885,1.000000,0.000958
MI_2,MI Moderate (μ=2.0),30,Inferior,1,Anterior,0,Non-diseased,Point Estimate,0.000195,0.013951,0.013951,,0.000000,,0.000195
MI_2,MI Moderate (μ=2.0),30,Inferior,1,Anterior,0,Non-diseased,MCMC,0.004177,,0.050525,0.685906,0.685906,1.000000,0.004177
MI_2,MI Moderate (μ=2.0),30,Inferior,1,Inferior,1,Diseased,Point Estimate,0.101294,0.318107,0.318107,,0.000000,,0.101294
MI_2,MI Moderate (μ=2.0),30,Inferior,1,Inferior,1,Diseased,MCMC,0.002315,,0.131468,2.132452,2.132452,1.000000,0.002315
MI_2,MI Moderate (μ=2.0),30,Inferior,1,Lateral,2,Non-diseased,Point Estimate,0.001500,0.035828,0.035828,,0.000000,,0.001500
MI_2,MI Moderate (μ=2.0),30,Inferior,1,Lateral,2,Non-diseased,MCMC,0.002386,,0.037660,0.489949,0.489949,1.000000,0.002386
MI_2,MI Moderate (μ=2.0),30,Inferior,1,Septal,3,Non-diseased,Point Estimate,0.000901,0.028085,0.028085,,0.000000,,0.000901
MI_2,MI Moderate (μ=2.0),30,Inferior,1,Septal,3,Non-diseased,MCMC,0.012569,,0.074559,0.879172,0.879172,1.000000,0.012569
MI_2,MI Moderate (μ=2.0),30,Inferior,1,Apical,4,Non-diseased,Point Estimate,0.000009,0.002681,0.002681,,0.000000,,0.000009
MI_2,MI Moderate (μ=2.0),30,Inferior,1,Apical,4,Non-diseased,MCMC,0.003989,,0.040648,0.465690,0.465690,1.000000,0.003989
MI_2,MI Moderate (μ=2.0),31,Inferior,1,Anterior,0,Non-diseased,Point Estimate,0.005856,0.076488,0.076488,,0.000000,,0.005856
MI_2,MI Moderate (μ=2.0),31,Inferior,1,Anterior,0,Non-diseased,MCMC,0.002023,,0.050504,0.734755,0.734755,1.000000,0.002023
MI_2,MI Moderate (μ=2.0),31,Inferior,1,Inferior,1,Diseased,Point Estimate,0.072845,0.269723,0.269723,,0.000000,,0.072845
MI_2,MI Moderate (μ=2.0),31,Inferior,1,Inferior,1,Diseased,MCMC,0.002143,,0.116957,1.769866,1.769866,1.000000,0.002143
MI_2,MI Moderate (μ=2.0),31,Inferior,1,Lateral,2,Non-diseased,Point Estimate,0.000184,0.012146,0.012146,,0.000000,,0.000184
MI_2,MI Moderate (μ=2.0),31,Inferior,1,Lateral,2,Non-diseased,MCMC,0.000880,,0.029657,0.456106,0.456106,1.000000,0.000880
MI_2,MI Moderate (μ=2.0),31,Inferior,1,Septal,3,Non-diseased,Point Estimate,0.002481,0.049688,0.049688,,0.000000,,0.002481
MI_2,MI Moderate (μ=2.0),31,Inferior,1,Septal,3,Non-diseased,MCMC,0.009363,,0.066656,0.825045,0.825045,1.000000,0.009363
MI_2,MI Moderate (μ=2.0),31,Inferior,1,Apical,4,Non-diseased,Point Estimate,0.000029,0.005385,0.005385,,0.000000,,0.000029
MI_2,MI Moderate (μ=2.0),31,Inferior,1,Apical,4,Non-diseased,MCMC,0.002558,,0.036195,0.504917,0.504917,1.000000,0.002558
MI_2,MI Moderate (μ=2.0),32,Inferior,1,Anterior,0,Non-diseased,Point Estimate,0.000061,0.006282,0.006282,,0.000000,,0.000061
MI_2,MI Moderate (μ=2.0),32,Inferior,1,Anterior,0,Non-diseased,MCMC,0.005262,,0.053884,0.686587,0.686587,1.000000,0.005262
MI_2,MI Moderate (μ=2.0),32,Inferior,1,Inferior,1,Diseased,Point Estimate,0.042252,0.203809,0.203809,,0.000000,,0.042252
MI_2,MI Moderate (μ=2.0),32,Inferior,1,Inferior,1,Diseased,MCMC,0.000728,,0.102931,1.728458,1.728458,1.000000,0.000728
MI_2,MI Moderate (μ=2.0),32,Inferior,1,Lateral,2,Non-diseased,Point Estimate,0.002293,0.046132,0.046132,,0.000000,,0.002293
MI_2,MI Moderate (μ=2.0),32,Inferior,1,Lateral,2,Non-diseased,MCMC,0.000322,,0.031349,0.496101,0.496101,1.000000,0.000322
MI_2,MI Moderate (μ=2.0),32,Inferior,1,Septal,3,Non-diseased,Point Estimate,0.000446,0.020973,0.020973,,0.000000,,0.000446
MI_2,MI Moderate (μ=2.0),32,Inferior,1,Septal,3,Non-diseased,MCMC,0.010828,,0.075157,0.963509,0.963509,1.000000,0.010828
MI_2,MI Moderate (μ=2.0),32,Inferior,1,Apical,4,Non-diseased,Point Estimate,0.000056,0.007369,0.007369,,0.000000,,0.000056
MI_2,MI Moderate (μ=2.0),32,Inferior,1,Apical,4,Non-diseased,MCMC,0.000187,,0.030088,0.502318,0.502318,1.000000,0.000187
MI_2,MI Moderate (μ=2.0),33,Inferior,1,Anterior,0,Non-diseased,Point Estimate,0.032580,0.179334,0.179334,,0.000000,,0.032580
MI_2,MI Moderate (μ=2.0),33,Inferior,1,Anterior,0,Non-diseased,MCMC,0.003983,,0.052561,0.750946,0.750946,1.000000,0.003983
MI_2,MI Moderate (μ=2.0),33,Inferior,1,Inferior,1,Diseased,Point Estimate,0.095812,0.308489,0.308489,,0.000000,,0.095812
MI_2,MI Moderate (μ=2.0),33,Inferior,1,Inferior,1,Diseased,MCMC,0.001192,,0.113965,2.036338,2.036338,1.000000,0.001192
MI_2,MI Moderate (μ=2.0),33,Inferior,1,Lateral,2,Non-diseased,Point Estimate,0.000171,0.012644,0.012644,,0.000000,,0.000171
MI_2,MI Moderate (μ=2.0),33,Inferior,1,Lateral,2,Non-diseased,MCMC,0.001177,,0.031923,0.467281,0.467281,1.000000,0.001177
MI_2,MI Moderate (μ=2.0),33,Inferior,1,Septal,3,Non-diseased,Point Estimate,0.014468,0.120101,0.120101,,0.000000,,0.014468
MI_2,MI Moderate (μ=2.0),33,Inferior,1,Septal,3,Non-diseased,MCMC,0.012890,,0.073880,0.814349,0.814349,1.000000,0.012890
MI_2,MI Moderate (μ=2.0),33,Inferior,1,Apical,4,Non-diseased,Point Estimate,0.000022,0.003530,0.003530,,0.000000,,0.000022
MI_2,MI Moderate (μ=2.0),33,Inferior,1,Apical,4,Non-diseased,MCMC,0.003573,,0.037828,0.446063,0.446063,1.000000,0.003573
MI_2,MI Moderate (μ=2.0),34,Inferior,1,Anterior,0,Non-diseased,Point Estimate,0.003639,0.060125,0.060125,,0.000000,,0.003639
MI_2,MI Moderate (μ=2.0),34,Inferior,1,Anterior,0,Non-diseased,MCMC,0.003492,,0.054078,0.773010,0.773010,1.000000,0.003492
MI_2,MI Moderate (μ=2.0),34,Inferior,1,Inferior,1,Diseased,Point Estimate,0.019600,0.139901,0.139901,,0.000000,,0.019600
MI_2,MI Moderate (μ=2.0),34,Inferior,1,Inferior,1,Diseased,MCMC,0.019739,,0.124187,1.708187,1.708187,1.000000,0.019739
MI_2,MI Moderate (μ=2.0),34,Inferior,1,Lateral,2,Non-diseased,Point Estimate,0.001967,0.042260,0.042260,,0.000000,,0.001967
MI_2,MI Moderate (μ=2.0),34,Inferior,1,Lateral,2,Non-diseased,MCMC,0.002084,,0.038250,0.502140,0.502140,1.000000,0.002084
MI_2,MI Moderate (μ=2.0),34,Inferior,1,Septal,3,Non-diseased,Point Estimate,0.001447,0.038038,0.038038,,0.000000,,0.001447
MI_2,MI Moderate (μ=2.0),34,Inferior,1,Septal,3,Non-diseased,MCMC,0.011639,,0.077382,0.965264,0.965264,1.000000,0.011639
MI_2,MI Moderate (μ=2.0),34,Inferior,1,Apical,4,Non-diseased,Point Estimate,0.000170,0.011317,0.011317,,0.000000,,0.000170
MI_2,MI Moderate (μ=2.0),34,Inferior,1,Apical,4,Non-diseased,MCMC,0.004526,,0.041838,0.488038,0.488038,1.000000,0.004526
MI_2,MI Moderate (μ=2.0),35,Inferior,1,Anterior,0,Non-diseased,Point Estimate,0.006311,0.078787,0.078787,,0.000000,,0.006311
MI_2,MI Moderate (μ=2.0),35,Inferior,1,Anterior,0,Non-diseased,MCMC,0.004414,,0.052418,0.685448,0.685448,1.000000,0.004414
MI_2,MI Moderate (μ=2.0),35,Inferior,1,Inferior,1,Diseased,Point Estimate,0.003572,0.059742,0.059742,,0.000000,,0.003572
MI_2,MI Moderate (μ=2.0),35,Inferior,1,Inferior,1,Diseased,MCMC,0.000267,,0.128007,2.493373,2.493373,1.000000,0.000267
MI_2,MI Moderate (μ=2.0),35,Inferior,1,Lateral,2,Non-diseased,Point Estimate,0.003165,0.055679,0.055679,,0.000000,,0.003165
MI_2,MI Moderate (μ=2.0),35,Inferior,1,Lateral,2,Non-diseased,MCMC,0.000160,,0.029411,0.482144,0.482144,1.000000,0.000160
MI_2,MI Moderate (μ=2.0),35,Inferior,1,Septal,3,Non-diseased,Point Estimate,0.001725,0.040932,0.040932,,0.000000,,0.001725
MI_2,MI Moderate (μ=2.0),35,Inferior,1,Septal,3,Non-diseased,MCMC,0.014864,,0.081543,0.972535,0.972535,1.000000,0.014864
MI_2,MI Moderate (μ=2.0),35,Inferior,1,Apical,4,Non-diseased,Point Estimate,0.000034,0.005275,0.005275,,0.000000,,0.000034
MI_2,MI Moderate (μ=2.0),35,Inferior,1,Apical,4,Non-diseased,MCMC,0.003155,,0.036892,0.444259,0.444259,1.000000,0.003155
MI_2,MI Moderate (μ=2.0),36,Inferior,1,Anterior,0,Non-diseased,Point Estimate,0.003544,0.059391,0.059391,,0.000000,,0.003544
MI_2,MI Moderate (μ=2.0),36,Inferior,1,Anterior,0,Non-diseased,MCMC,0.001255,,0.049357,0.725093,0.725093,1.000000,0.001255
MI_2,MI Moderate (μ=2.0),36,Inferior,1,Inferior,1,Diseased,Point Estimate,0.060551,0.245071,0.245071,,0.000000,,0.060551
MI_2,MI Moderate (μ=2.0),36,Inferior,1,Inferior,1,Diseased,MCMC,0.001872,,0.110520,1.722714,1.722714,1.000000,0.001872
MI_2,MI Moderate (μ=2.0),36,Inferior,1,Lateral,2,Non-diseased,Point Estimate,0.000823,0.024981,0.024981,,0.000000,,0.000823
MI_2,MI Moderate (μ=2.0),36,Inferior,1,Lateral,2,Non-diseased,MCMC,0.000283,,0.029540,0.464611,0.464611,1.000000,0.000283
MI_2,MI Moderate (μ=2.0),36,Inferior,1,Septal,3,Non-diseased,Point Estimate,0.000688,0.026061,0.026061,,0.000000,,0.000688
MI_2,MI Moderate (μ=2.0),36,Inferior,1,Septal,3,Non-diseased,MCMC,0.008370,,0.068022,0.880100,0.880100,1.000000,0.008370
MI_2,MI Moderate (μ=2.0),36,Inferior,1,Apical,4,Non-diseased,Point Estimate,0.000040,0.006182,0.006182,,0.000000,,0.000040
MI_2,MI Moderate (μ=2.0),36,Inferior,1,Apical,4,Non-diseased,MCMC,0.000924,,0.029821,0.455900,0.455900,1.000000,0.000924
MI_2,MI Moderate (μ=2.0),37,Inferior,1,Anterior,0,Non-diseased,Point Estimate,0.003160,0.056140,0.056140,,0.000000,,0.003160
MI_2,MI Moderate (μ=2.0),37,Inferior,1,Anterior,0,Non-diseased,MCMC,0.006025,,0.052609,0.667258,0.667258,1.000000,0.006025
MI_2,MI Moderate (μ=2.0),37,Inferior,1,Inferior,1,Diseased,Point Estimate,0.017252,0.129138,0.129138,,0.000000,,0.017252
MI_2,MI Moderate (μ=2.0),37,Inferior,1,Inferior,1,Diseased,MCMC,0.006125,,0.108215,1.827345,1.827345,1.000000,0.006125
MI_2,MI Moderate (μ=2.0),37,Inferior,1,Lateral,2,Non-diseased,Point Estimate,0.003847,0.059965,0.059965,,0.000000,,0.003847
MI_2,MI Moderate (μ=2.0),37,Inferior,1,Lateral,2,Non-diseased,MCMC,0.001600,,0.034993,0.494017,0.494017,1.000000,0.001600
MI_2,MI Moderate (μ=2.0),37,Inferior,1,Septal,3,Non-diseased,Point Estimate,0.001072,0.032497,0.032497,,0.000000,,0.001072
MI_2,MI Moderate (μ=2.0),37,Inferior,1,Septal,3,Non-diseased,MCMC,0.011848,,0.074964,0.879509,0.879509,1.000000,0.011848
MI_2,MI Moderate (μ=2.0),37,Inferior,1,Apical,4,Non-diseased,Point Estimate,0.000064,0.007908,0.007908,,0.000000,,0.000064
MI_2,MI Moderate (μ=2.0),37,Inferior,1,Apical,4,Non-diseased,MCMC,0.000044,,0.029109,0.495935,0.495935,1.000000,0.000044
MI_2,MI Moderate (μ=2.0),38,Inferior,1,Anterior,0,Non-diseased,Point Estimate,0.003437,0.058223,0.058223,,0.000000,,0.003437
MI_2,MI Moderate (μ=2.0),38,Inferior,1,Anterior,0,Non-diseased,MCMC,0.009944,,0.063299,0.727560,0.727560,1.000000,0.009944
MI_2,MI Moderate (μ=2.0),38,Inferior,1,Inferior,1,Diseased,Point Estimate,0.065291,0.254223,0.254223,,0.000000,,0.065291
MI_2,MI Moderate (μ=2.0),38,Inferior,1,Inferior,1,Diseased,MCMC,0.212921,,0.268095,1.424473,1.424473,1.000000,0.212921
MI_2,MI Moderate (μ=2.0),38,Inferior,1,Lateral,2,Non-diseased,Point Estimate,0.009609,0.097386,0.097386,,0.000000,,0.009609
MI_2,MI Moderate (μ=2.0),38,Inferior,1,Lateral,2,Non-diseased,MCMC,0.008965,,0.056386,0.487062,0.487062,1.000000,0.008965
MI_2,MI Moderate (μ=2.0),38,Inferior,1,Septal,3,Non-diseased,Point Estimate,0.001861,0.042702,0.042702,,0.000000,,0.001861
MI_2,MI Moderate (μ=2.0),38,Inferior,1,Septal,3,Non-diseased,MCMC,0.036966,,0.113679,0.970900,0.970900,1.000000,0.036966
MI_2,MI Moderate (μ=2.0),38,Inferior,1,Apical,4,Non-diseased,Point Estimate,0.001409,0.037461,0.037461,,0.000000,,0.001409
MI_2,MI Moderate (μ=2.0),38,Inferior,1,Apical,4,Non-diseased,MCMC,0.004150,,0.041158,0.486944,0.486944,1.000000,0.004150
MI_2,MI Moderate (μ=2.0),39,Inferior,1,Anterior,0,Non-diseased,Point Estimate,0.092360,0.302715,0.302715,,0.000000,,0.092360
MI_2,MI Moderate (μ=2.0),39,Inferior,1,Anterior,0,Non-diseased,MCMC,0.001222,,0.047515,0.724900,0.724900,1.000000,0.001222
MI_2,MI Moderate (μ=2.0),39,Inferior,1,Inferior,1,Diseased,Point Estimate,0.057744,0.239589,0.239589,,0.000000,,0.057744
MI_2,MI Moderate (μ=2.0),39,Inferior,1,Inferior,1,Diseased,MCMC,0.000412,,0.111880,1.821424,1.821424,1.000000,0.000412
MI_2,MI Moderate (μ=2.0),39,Inferior,1,Lateral,2,Non-diseased,Point Estimate,0.000352,0.015843,0.015843,,0.000000,,0.000352
MI_2,MI Moderate (μ=2.0),39,Inferior,1,Lateral,2,Non-diseased,MCMC,0.001229,,0.031241,0.462553,0.462553,1.000000,0.001229
MI_2,MI Moderate (μ=2.0),39,Inferior,1,Septal,3,Non-diseased,Point Estimate,0.044144,0.209494,0.209494,,0.000000,,0.044144
MI_2,MI Moderate (μ=2.0),39,Inferior,1,Septal,3,Non-diseased,MCMC,0.018139,,0.080488,0.841039,0.841039,1.000000,0.018139
MI_2,MI Moderate (μ=2.0),39,Inferior,1,Apical,4,Non-diseased,Point Estimate,0.000019,0.003524,0.003524,,0.000000,,0.000019
MI_2,MI Moderate (μ=2.0),39,Inferior,1,Apical,4,Non-diseased,MCMC,0.001806,,0.032909,0.453949,0.453949,1.000000,0.001806
MI_2,MI Moderate (μ=2.0),40,Lateral,2,Anterior,0,Non-diseased,Point Estimate,0.015142,0.120903,0.120903,,0.000000,,0.015142
MI_2,MI Moderate (μ=2.0),40,Lateral,2,Anterior,0,Non-diseased,MCMC,0.009288,,0.064748,0.793120,0.793120,1.000000,0.009288
MI_2,MI Moderate (μ=2.0),40,Lateral,2,Inferior,1,Non-diseased,Point Estimate,0.001419,0.034910,0.034910,,0.000000,,0.001419
MI_2,MI Moderate (μ=2.0),40,Lateral,2,Inferior,1,Non-diseased,MCMC,0.003533,,0.078016,1.217985,1.217985,1.000000,0.003533
MI_2,MI Moderate (μ=2.0),40,Lateral,2,Lateral,2,Diseased,Point Estimate,0.000430,0.020641,0.020641,,0.000000,,0.000430
MI_2,MI Moderate (μ=2.0),40,Lateral,2,Lateral,2,Diseased,MCMC,0.002028,,0.055203,0.852585,0.852585,1.000000,0.002028
MI_2,MI Moderate (μ=2.0),40,Lateral,2,Septal,3,Non-diseased,Point Estimate,0.002342,0.048383,0.048383,,0.000000,,0.002342
MI_2,MI Moderate (μ=2.0),40,Lateral,2,Septal,3,Non-diseased,MCMC,0.027096,,0.099626,0.980729,0.980729,1.000000,0.027096
MI_2,MI Moderate (μ=2.0),40,Lateral,2,Apical,4,Non-diseased,Point Estimate,0.001190,0.034412,0.034412,,0.000000,,0.001190
MI_2,MI Moderate (μ=2.0),40,Lateral,2,Apical,4,Non-diseased,MCMC,0.000235,,0.029560,0.507580,0.507580,1.000000,0.000235
MI_2,MI Moderate (μ=2.0),41,Lateral,2,Anterior,0,Non-diseased,Point Estimate,0.024901,0.155690,0.155690,,0.000000,,0.024901
MI_2,MI Moderate (μ=2.0),41,Lateral,2,Anterior,0,Non-diseased,MCMC,0.003140,,0.056688,0.839589,0.839589,1.000000,0.003140
MI_2,MI Moderate (μ=2.0),41,Lateral,2,Inferior,1,Non-diseased,Point Estimate,0.001957,0.042782,0.042782,,0.000000,,0.001957
MI_2,MI Moderate (μ=2.0),41,Lateral,2,Inferior,1,Non-diseased,MCMC,0.002587,,0.080658,1.273409,1.273409,1.000000,0.002587
MI_2,MI Moderate (μ=2.0),41,Lateral,2,Lateral,2,Diseased,Point Estimate,0.001966,0.043343,0.043343,,0.000000,,0.001966
MI_2,MI Moderate (μ=2.0),41,Lateral,2,Lateral,2,Diseased,MCMC,0.006415,,0.073240,1.007978,1.007978,1.000000,0.006415
MI_2,MI Moderate (μ=2.0),41,Lateral,2,Septal,3,Non-diseased,Point Estimate,0.016043,0.126522,0.126522,,0.000000,,0.016043
MI_2,MI Moderate (μ=2.0),41,Lateral,2,Septal,3,Non-diseased,MCMC,0.013825,,0.077155,0.922185,0.922185,1.000000,0.013825
MI_2,MI Moderate (μ=2.0),41,Lateral,2,Apical,4,Non-diseased,Point Estimate,0.001686,0.041041,0.041041,,0.000000,,0.001686
MI_2,MI Moderate (μ=2.0),41,Lateral,2,Apical,4,Non-diseased,MCMC,0.000860,,0.029774,0.495660,0.495660,1.000000,0.000860
MI_2,MI Moderate (μ=2.0),42,Lateral,2,Anterior,0,Non-diseased,Point Estimate,0.009382,0.095486,0.095486,,0.000000,,0.009382
MI_2,MI Moderate (μ=2.0),42,Lateral,2,Anterior,0,Non-diseased,MCMC,0.011761,,0.069910,0.792172,0.792172,1.000000,0.011761
MI_2,MI Moderate (μ=2.0),42,Lateral,2,Inferior,1,Non-diseased,Point Estimate,0.002993,0.053969,0.053969,,0.000000,,0.002993
MI_2,MI Moderate (μ=2.0),42,Lateral,2,Inferior,1,Non-diseased,MCMC,0.010158,,0.093750,1.495263,1.495263,1.000000,0.010158
MI_2,MI Moderate (μ=2.0),42,Lateral,2,Lateral,2,Diseased,Point Estimate,0.004223,0.063005,0.063005,,0.000000,,0.004223
MI_2,MI Moderate (μ=2.0),42,Lateral,2,Lateral,2,Diseased,MCMC,0.006174,,0.077651,1.082563,1.082563,1.000000,0.006174
MI_2,MI Moderate (μ=2.0),42,Lateral,2,Septal,3,Non-diseased,Point Estimate,0.003710,0.060739,0.060739,,0.000000,,0.003710
MI_2,MI Moderate (μ=2.0),42,Lateral,2,Septal,3,Non-diseased,MCMC,0.028075,,0.103014,0.911742,0.911742,1.000000,0.028075
MI_2,MI Moderate (μ=2.0),42,Lateral,2,Apical,4,Non-diseased,Point Estimate,0.001357,0.036610,0.036610,,0.000000,,0.001357
MI_2,MI Moderate (μ=2.0),42,Lateral,2,Apical,4,Non-diseased,MCMC,0.001427,,0.032890,0.506608,0.506608,1.000000,0.001427
MI_2,MI Moderate (μ=2.0),43,Lateral,2,Anterior,0,Non-diseased,Point Estimate,0.008377,0.090876,0.090876,,0.000000,,0.008377
MI_2,MI Moderate (μ=2.0),43,Lateral,2,Anterior,0,Non-diseased,MCMC,0.007410,,0.060249,0.789169,0.789169,1.000000,0.007410
MI_2,MI Moderate (μ=2.0),43,Lateral,2,Inferior,1,Non-diseased,Point Estimate,0.005785,0.076018,0.076018,,0.000000,,0.005785
MI_2,MI Moderate (μ=2.0),43,Lateral,2,Inferior,1,Non-diseased,MCMC,0.000364,,0.071227,1.183081,1.183081,1.000000,0.000364
MI_2,MI Moderate (μ=2.0),43,Lateral,2,Lateral,2,Diseased,Point Estimate,0.000404,0.017042,0.017042,,0.000000,,0.000404
MI_2,MI Moderate (μ=2.0),43,Lateral,2,Lateral,2,Diseased,MCMC,0.001598,,0.062722,1.041706,1.041706,1.000000,0.001598
MI_2,MI Moderate (μ=2.0),43,Lateral,2,Septal,3,Non-diseased,Point Estimate,0.007077,0.084028,0.084028,,0.000000,,0.007077
MI_2,MI Moderate (μ=2.0),43,Lateral,2,Septal,3,Non-diseased,MCMC,0.021658,,0.096209,1.015655,1.015655,1.000000,0.021658
MI_2,MI Moderate (μ=2.0),43,Lateral,2,Apical,4,Non-diseased,Point Estimate,0.001614,0.040116,0.040116,,0.000000,,0.001614
MI_2,MI Moderate (μ=2.0),43,Lateral,2,Apical,4,Non-diseased,MCMC,0.000512,,0.031664,0.521077,0.521077,1.000000,0.000512
MI_2,MI Moderate (μ=2.0),44,Lateral,2,Anterior,0,Non-diseased,Point Estimate,0.003710,0.060899,0.060899,,0.000000,,0.003710
MI_2,MI Moderate (μ=2.0),44,Lateral,2,Anterior,0,Non-diseased,MCMC,0.017712,,0.079106,0.801257,0.801257,1.000000,0.017712
MI_2,MI Moderate (μ=2.0),44,Lateral,2,Inferior,1,Non-diseased,Point Estimate,0.008567,0.089604,0.089604,,0.000000,,0.008567
MI_2,MI Moderate (μ=2.0),44,Lateral,2,Inferior,1,Non-diseased,MCMC,0.013280,,0.087158,1.255529,1.255529,1.000000,0.013280
MI_2,MI Moderate (μ=2.0),44,Lateral,2,Lateral,2,Diseased,Point Estimate,0.000717,0.020124,0.020124,,0.000000,,0.000717
MI_2,MI Moderate (μ=2.0),44,Lateral,2,Lateral,2,Diseased,MCMC,0.000852,,0.075353,1.236135,1.236135,1.000000,0.000852
MI_2,MI Moderate (μ=2.0),44,Lateral,2,Septal,3,Non-diseased,Point Estimate,0.001885,0.043071,0.043071,,0.000000,,0.001885
MI_2,MI Moderate (μ=2.0),44,Lateral,2,Septal,3,Non-diseased,MCMC,0.026238,,0.099835,1.037425,1.037425,1.000000,0.026238
MI_2,MI Moderate (μ=2.0),44,Lateral,2,Apical,4,Non-diseased,Point Estimate,0.002606,0.050545,0.050545,,0.000000,,0.002606
MI_2,MI Moderate (μ=2.0),44,Lateral,2,Apical,4,Non-diseased,MCMC,0.001175,,0.031556,0.487984,0.487984,1.000000,0.001175
MI_2,MI Moderate (μ=2.0),45,Lateral,2,Anterior,0,Non-diseased,Point Estimate,0.021068,0.144039,0.144039,,0.000000,,0.021068
MI_2,MI Moderate (μ=2.0),45,Lateral,2,Anterior,0,Non-diseased,MCMC,0.003472,,0.058020,0.797201,0.797201,1.000000,0.003472
MI_2,MI Moderate (μ=2.0),45,Lateral,2,Inferior,1,Non-diseased,Point Estimate,0.004331,0.063107,0.063107,,0.000000,,0.004331
MI_2,MI Moderate (μ=2.0),45,Lateral,2,Inferior,1,Non-diseased,MCMC,0.039163,,0.122447,1.137814,1.137814,1.000000,0.039163
MI_2,MI Moderate (μ=2.0),45,Lateral,2,Lateral,2,Diseased,Point Estimate,0.000787,0.027163,0.027163,,0.000000,,0.000787
MI_2,MI Moderate (μ=2.0),45,Lateral,2,Lateral,2,Diseased,MCMC,0.002419,,0.049991,0.721228,0.721228,1.000000,0.002419
MI_2,MI Moderate (μ=2.0),45,Lateral,2,Septal,3,Non-diseased,Point Estimate,0.013474,0.115836,0.115836,,0.000000,,0.013474
MI_2,MI Moderate (μ=2.0),45,Lateral,2,Septal,3,Non-diseased,MCMC,0.023813,,0.094216,0.988488,0.988488,1.000000,0.023813
MI_2,MI Moderate (μ=2.0),45,Lateral,2,Apical,4,Non-diseased,Point Estimate,0.000394,0.019859,0.019859,,0.000000,,0.000394
MI_2,MI Moderate (μ=2.0),45,Lateral,2,Apical,4,Non-diseased,MCMC,0.003058,,0.035891,0.458355,0.458355,1.000000,0.003058
MI_2,MI Moderate (μ=2.0),46,Lateral,2,Anterior,0,Non-diseased,Point Estimate,0.006605,0.079833,0.079833,,0.000000,,0.006605
MI_2,MI Moderate (μ=2.0),46,Lateral,2,Anterior,0,Non-diseased,MCMC,0.010963,,0.071251,0.846746,0.846746,1.000000,0.010963
MI_2,MI Moderate (μ=2.0),46,Lateral,2,Inferior,1,Non-diseased,Point Estimate,0.031857,0.175545,0.175545,,0.000000,,0.031857
MI_2,MI Moderate (μ=2.0),46,Lateral,2,Inferior,1,Non-diseased,MCMC,0.003042,,0.076784,1.251168,1.251168,1.000000,0.003042
MI_2,MI Moderate (μ=2.0),46,Lateral,2,Lateral,2,Diseased,Point Estimate,0.000876,0.028404,0.028404,,0.000000,,0.000876
MI_2,MI Moderate (μ=2.0),46,Lateral,2,Lateral,2,Diseased,MCMC,0.000908,,0.068813,1.174654,1.174654,1.000000,0.000908
MI_2,MI Moderate (μ=2.0),46,Lateral,2,Septal,3,Non-diseased,Point Estimate,0.006027,0.077147,0.077147,,0.000000,,0.006027
MI_2,MI Moderate (μ=2.0),46,Lateral,2,Septal,3,Non-diseased,MCMC,0.025071,,0.095498,0.925250,0.925250,1.000000,0.025071
MI_2,MI Moderate (μ=2.0),46,Lateral,2,Apical,4,Non-diseased,Point Estimate,0.002721,0.051829,0.051829,,0.000000,,0.002721
MI_2,MI Moderate (μ=2.0),46,Lateral,2,Apical,4,Non-diseased,MCMC,0.003837,,0.038182,0.469235,0.469235,1.000000,0.003837
MI_2,MI Moderate (μ=2.0),47,Lateral,2,Anterior,0,Non-diseased,Point Estimate,0.003687,0.059473,0.059473,,0.000000,,0.003687
MI_2,MI Moderate (μ=2.0),47,Lateral,2,Anterior,0,Non-diseased,MCMC,0.008463,,0.063027,0.755115,0.755115,1.000000,0.008463
MI_2,MI Moderate (μ=2.0),47,Lateral,2,Inferior,1,Non-diseased,Point Estimate,0.001845,0.039251,0.039251,,0.000000,,0.001845
MI_2,MI Moderate (μ=2.0),47,Lateral,2,Inferior,1,Non-diseased,MCMC,0.013394,,0.090854,1.198161,1.198161,1.000000,0.013394
MI_2,MI Moderate (μ=2.0),47,Lateral,2,Lateral,2,Diseased,Point Estimate,0.000119,0.008553,0.008553,,0.000000,,0.000119
MI_2,MI Moderate (μ=2.0),47,Lateral,2,Lateral,2,Diseased,MCMC,0.000525,,0.047917,0.773455,0.773455,1.000000,0.000525
MI_2,MI Moderate (μ=2.0),47,Lateral,2,Septal,3,Non-diseased,Point Estimate,0.001672,0.040891,0.040891,,0.000000,,0.001672
MI_2,MI Moderate (μ=2.0),47,Lateral,2,Septal,3,Non-diseased,MCMC,0.036559,,0.113155,1.004141,1.004141,1.000000,0.036559
MI_2,MI Moderate (μ=2.0),47,Lateral,2,Apical,4,Non-diseased,Point Estimate,0.000611,0.024691,0.024691,,0.000000,,0.000611
MI_2,MI Moderate (μ=2.0),47,Lateral,2,Apical,4,Non-diseased,MCMC,0.002515,,0.035723,0.504840,0.504840,1.000000,0.002515
MI_2,MI Moderate (μ=2.0),48,Lateral,2,Anterior,0,Non-diseased,Point Estimate,0.000299,0.015410,0.015410,,0.000000,,0.000299
MI_2,MI Moderate (μ=2.0),48,Lateral,2,Anterior,0,Non-diseased,MCMC,0.013374,,0.071860,0.811831,0.811831,1.000000,0.013374
MI_2,MI Moderate (μ=2.0),48,Lateral,2,Inferior,1,Non-diseased,Point Estimate,0.001206,0.033729,0.033729,,0.000000,,0.001206
MI_2,MI Moderate (μ=2.0),48,Lateral,2,Inferior,1,Non-diseased,MCMC,0.000515,,0.072583,1.216354,1.216354,1.000000,0.000515
MI_2,MI Moderate (μ=2.0),48,Lateral,2,Lateral,2,Diseased,Point Estimate,0.004348,0.060404,0.060404,,0.000000,,0.004348
MI_2,MI Moderate (μ=2.0),48,Lateral,2,Lateral,2,Diseased,MCMC,0.005641,,0.077992,1.119815,1.119815,1.000000,0.005641
MI_2,MI Moderate (μ=2.0),48,Lateral,2,Septal,3,Non-diseased,Point Estimate,0.000105,0.008263,0.008263,,0.000000,,0.000105
MI_2,MI Moderate (μ=2.0),48,Lateral,2,Septal,3,Non-diseased,MCMC,0.025594,,0.100540,1.027228,1.027228,1.000000,0.025594
MI_2,MI Moderate (μ=2.0),48,Lateral,2,Apical,4,Non-diseased,Point Estimate,0.001540,0.038738,0.038738,,0.000000,,0.001540
MI_2,MI Moderate (μ=2.0),48,Lateral,2,Apical,4,Non-diseased,MCMC,0.001282,,0.028737,0.446027,0.446027,1.000000,0.001282
MI_2,MI Moderate (μ=2.0),49,Lateral,2,Anterior,0,Non-diseased,Point Estimate,0.002723,0.052051,0.052051,,0.000000,,0.002723
MI_2,MI Moderate (μ=2.0),49,Lateral,2,Anterior,0,Non-diseased,MCMC,0.007984,,0.063266,0.796939,0.796939,1.000000,0.007984
MI_2,MI Moderate (μ=2.0),49,Lateral,2,Inferior,1,Non-diseased,Point Estimate,0.001300,0.031771,0.031771,,0.000000,,0.001300
MI_2,MI Moderate (μ=2.0),49,Lateral,2,Inferior,1,Non-diseased,MCMC,0.062515,,0.146884,1.278123,1.278123,1.000000,0.062515
MI_2,MI Moderate (μ=2.0),49,Lateral,2,Lateral,2,Diseased,Point Estimate,0.002106,0.045836,0.045836,,0.000000,,0.002106
MI_2,MI Moderate (μ=2.0),49,Lateral,2,Lateral,2,Diseased,MCMC,0.005294,,0.058694,0.780044,0.780044,1.000000,0.005294
MI_2,MI Moderate (μ=2.0),49,Lateral,2,Septal,3,Non-diseased,Point Estimate,0.006221,0.078701,0.078701,,0.000000,,0.006221
MI_2,MI Moderate (μ=2.0),49,Lateral,2,Septal,3,Non-diseased,MCMC,0.028488,,0.104490,1.019797,1.019797,1.000000,0.028488
MI_2,MI Moderate (μ=2.0),49,Lateral,2,Apical,4,Non-diseased,Point Estimate,0.000747,0.027312,0.027312,,0.000000,,0.000747
MI_2,MI Moderate (μ=2.0),49,Lateral,2,Apical,4,Non-diseased,MCMC,0.000638,,0.029407,0.471684,0.471684,1.000000,0.000638
MI_2,MI Moderate (μ=2.0),50,Lateral,2,Anterior,0,Non-diseased,Point Estimate,0.003901,0.060775,0.060775,,0.000000,,0.003901
MI_2,MI Moderate (μ=2.0),50,Lateral,2,Anterior,0,Non-diseased,MCMC,0.011563,,0.069643,0.807339,0.807339,1.000000,0.011563
MI_2,MI Moderate (μ=2.0),50,Lateral,2,Inferior,1,Non-diseased,Point Estimate,0.000268,0.016190,0.016190,,0.000000,,0.000268
MI_2,MI Moderate (μ=2.0),50,Lateral,2,Inferior,1,Non-diseased,MCMC,0.008912,,0.094830,1.325188,1.325188,1.000000,0.008912
MI_2,MI Moderate (μ=2.0),50,Lateral,2,Lateral,2,Diseased,Point Estimate,0.001321,0.036165,0.036165,,0.000000,,0.001321
MI_2,MI Moderate (μ=2.0),50,Lateral,2,Lateral,2,Diseased,MCMC,0.004977,,0.063984,0.918154,0.918154,1.000000,0.004977
MI_2,MI Moderate (μ=2.0),50,Lateral,2,Septal,3,Non-diseased,Point Estimate,0.001518,0.038943,0.038943,,0.000000,,0.001518
MI_2,MI Moderate (μ=2.0),50,Lateral,2,Septal,3,Non-diseased,MCMC,0.026690,,0.101847,1.018327,1.018327,1.000000,0.026690
MI_2,MI Moderate (μ=2.0),50,Lateral,2,Apical,4,Non-diseased,Point Estimate,0.001839,0.042848,0.042848,,0.000000,,0.001839
MI_2,MI Moderate (μ=2.0),50,Lateral,2,Apical,4,Non-diseased,MCMC,0.000433,,0.027184,0.450011,0.450011,1.000000,0.000433
MI_2,MI Moderate (μ=2.0),51,Lateral,2,Anterior,0,Non-diseased,Point Estimate,0.000343,0.017220,0.017220,,0.000000,,0.000343
MI_2,MI Moderate (μ=2.0),51,Lateral,2,Anterior,0,Non-diseased,MCMC,0.005818,,0.059592,0.774681,0.774681,1.000000,0.005818
MI_2,MI Moderate (μ=2.0),51,Lateral,2,Inferior,1,Non-diseased,Point Estimate,0.017404,0.126873,0.126873,,0.000000,,0.017404
MI_2,MI Moderate (μ=2.0),51,Lateral,2,Inferior,1,Non-diseased,MCMC,0.002874,,0.067941,1.075710,1.075710,1.000000,0.002874
MI_2,MI Moderate (μ=2.0),51,Lateral,2,Lateral,2,Diseased,Point Estimate,0.000942,0.027324,0.027324,,0.000000,,0.000942
MI_2,MI Moderate (μ=2.0),51,Lateral,2,Lateral,2,Diseased,MCMC,0.000579,,0.062551,1.105872,1.105872,1.000000,0.000579
MI_2,MI Moderate (μ=2.0),51,Lateral,2,Septal,3,Non-diseased,Point Estimate,0.000734,0.026540,0.026540,,0.000000,,0.000734
MI_2,MI Moderate (μ=2.0),51,Lateral,2,Septal,3,Non-diseased,MCMC,0.024257,,0.094348,0.957640,0.957640,1.000000,0.024257
MI_2,MI Moderate (μ=2.0),51,Lateral,2,Apical,4,Non-diseased,Point Estimate,0.002063,0.045184,0.045184,,0.000000,,0.002063
MI_2,MI Moderate (μ=2.0),51,Lateral,2,Apical,4,Non-diseased,MCMC,0.000822,,0.029501,0.441993,0.441993,1.000000,0.000822
MI_2,MI Moderate (μ=2.0),52,Lateral,2,Anterior,0,Non-diseased,Point Estimate,0.016989,0.129144,0.129144,,0.000000,,0.016989
MI_2,MI Moderate (μ=2.0),52,Lateral,2,Anterior,0,Non-diseased,MCMC,0.011030,,0.068802,0.796915,0.796915,1.000000,0.011030
MI_2,MI Moderate (μ=2.0),52,Lateral,2,Inferior,1,Non-diseased,Point Estimate,0.005141,0.069787,0.069787,,0.000000,,0.005141
MI_2,MI Moderate (μ=2.0),52,Lateral,2,Inferior,1,Non-diseased,MCMC,0.029146,,0.114734,1.231173,1.231173,1.000000,0.029146
MI_2,MI Moderate (μ=2.0),52,Lateral,2,Lateral,2,Diseased,Point Estimate,0.001255,0.035357,0.035357,,0.000000,,0.001255
MI_2,MI Moderate (μ=2.0),52,Lateral,2,Lateral,2,Diseased,MCMC,0.003205,,0.054184,0.763925,0.763925,1.000000,0.003205
MI_2,MI Moderate (μ=2.0),52,Lateral,2,Septal,3,Non-diseased,Point Estimate,0.005189,0.071886,0.071886,,0.000000,,0.005189
MI_2,MI Moderate (μ=2.0),52,Lateral,2,Septal,3,Non-diseased,MCMC,0.032810,,0.108729,0.918089,0.918089,1.000000,0.032810
MI_2,MI Moderate (μ=2.0),52,Lateral,2,Apical,4,Non-diseased,Point Estimate,0.000594,0.024360,0.024360,,0.000000,,0.000594
MI_2,MI Moderate (μ=2.0),52,Lateral,2,Apical,4,Non-diseased,MCMC,0.002190,,0.037182,0.517022,0.517022,1.000000,0.002190
MI_2,MI Moderate (μ=2.0),53,Lateral,2,Anterior,0,Non-diseased,Point Estimate,0.000384,0.019580,0.019580,,0.000000,,0.000384
MI_2,MI Moderate (μ=2.0),53,Lateral,2,Anterior,0,Non-diseased,MCMC,0.009317,,0.063919,0.761321,0.761321,1.000000,0.009317
MI_2,MI Moderate (μ=2.0),53,Lateral,2,Inferior,1,Non-diseased,Point Estimate,0.004816,0.065236,0.065236,,0.000000,,0.004816
MI_2,MI Moderate (μ=2.0),53,Lateral,2,Inferior,1,Non-diseased,MCMC,0.016228,,0.086641,1.136104,1.136104,1.000000,0.016228
MI_2,MI Moderate (μ=2.0),53,Lateral,2,Lateral,2,Diseased,Point Estimate,0.001238,0.027487,0.027487,,0.000000,,0.001238
MI_2,MI Moderate (μ=2.0),53,Lateral,2,Lateral,2,Diseased,MCMC,0.004464,,0.072338,1.081402,1.081402,1.000000,0.004464
MI_2,MI Moderate (μ=2.0),53,Lateral,2,Septal,3,Non-diseased,Point Estimate,0.000042,0.005934,0.005934,,0.000000,,0.000042
MI_2,MI Moderate (μ=2.0),53,Lateral,2,Septal,3,Non-diseased,MCMC,0.022136,,0.094127,1.032513,1.032513,1.000000,0.022136
MI_2,MI Moderate (μ=2.0),53,Lateral,2,Apical,4,Non-diseased,Point Estimate,0.002395,0.048888,0.048888,,0.000000,,0.002395
MI_2,MI Moderate (μ=2.0),53,Lateral,2,Apical,4,Non-diseased,MCMC,0.000311,,0.032241,0.503162,0.503162,1.000000,0.000311
MI_2,MI Moderate (μ=2.0),54,Lateral,2,Anterior,0,Non-diseased,Point Estimate,0.002345,0.042306,0.042306,,0.000000,,0.002345
MI_2,MI Moderate (μ=2.0),54,Lateral,2,Anterior,0,Non-diseased,MCMC,0.020346,,0.085171,0.778042,0.778042,1.000000,0.020346
MI_2,MI Moderate (μ=2.0),54,Lateral,2,Inferior,1,Non-diseased,Point Estimate,0.029902,0.171269,0.171269,,0.000000,,0.029902
MI_2,MI Moderate (μ=2.0),54,Lateral,2,Inferior,1,Non-diseased,MCMC,0.002497,,0.087121,1.529912,1.529912,1.000000,0.002497
MI_2,MI Moderate (μ=2.0),54,Lateral,2,Lateral,2,Diseased,Point Estimate,0.007159,0.083301,0.083301,,0.000000,,0.007159
MI_2,MI Moderate (μ=2.0),54,Lateral,2,Lateral,2,Diseased,MCMC,0.018421,,0.107615,1.428308,1.428308,1.000000,0.018421
MI_2,MI Moderate (μ=2.0),54,Lateral,2,Septal,3,Non-diseased,Point Estimate,0.006814,0.081115,0.081115,,0.000000,,0.006814
MI_2,MI Moderate (μ=2.0),54,Lateral,2,Septal,3,Non-diseased,MCMC,0.032999,,0.107952,0.772460,0.772460,1.000000,0.032999
MI_2,MI Moderate (μ=2.0),54,Lateral,2,Apical,4,Non-diseased,Point Estimate,0.007469,0.085203,0.085203,,0.000000,,0.007469
MI_2,MI Moderate (μ=2.0),54,Lateral,2,Apical,4,Non-diseased,MCMC,0.000362,,0.027639,0.463408,0.463408,1.000000,0.000362
MI_2,MI Moderate (μ=2.0),55,Lateral,2,Anterior,0,Non-diseased,Point Estimate,0.019974,0.137838,0.137838,,0.000000,,0.019974
MI_2,MI Moderate (μ=2.0),55,Lateral,2,Anterior,0,Non-diseased,MCMC,0.005088,,0.060248,0.797526,0.797526,1.000000,0.005088
MI_2,MI Moderate (μ=2.0),55,Lateral,2,Inferior,1,Non-diseased,Point Estimate,0.000141,0.011890,0.011890,,0.000000,,0.000141
MI_2,MI Moderate (μ=2.0),55,Lateral,2,Inferior,1,Non-diseased,MCMC,0.017893,,0.101385,1.273019,1.273019,1.000000,0.017893
MI_2,MI Moderate (μ=2.0),55,Lateral,2,Lateral,2,Diseased,Point Estimate,0.000790,0.026932,0.026932,,0.000000,,0.000790
MI_2,MI Moderate (μ=2.0),55,Lateral,2,Lateral,2,Diseased,MCMC,0.066824,,0.154550,1.232442,1.232442,1.000000,0.066824
MI_2,MI Moderate (μ=2.0),55,Lateral,2,Septal,3,Non-diseased,Point Estimate,0.012612,0.112246,0.112246,,0.000000,,0.012612
MI_2,MI Moderate (μ=2.0),55,Lateral,2,Septal,3,Non-diseased,MCMC,0.022361,,0.093179,0.907946,0.907946,1.000000,0.022361
MI_2,MI Moderate (μ=2.0),55,Lateral,2,Apical,4,Non-diseased,Point Estimate,0.002749,0.051937,0.051937,,0.000000,,0.002749
MI_2,MI Moderate (μ=2.0),55,Lateral,2,Apical,4,Non-diseased,MCMC,0.002104,,0.033316,0.462644,0.462644,1.000000,0.002104
MI_2,MI Moderate (μ=2.0),56,Lateral,2,Anterior,0,Non-diseased,Point Estimate,0.015882,0.125585,0.125585,,0.000000,,0.015882
MI_2,MI Moderate (μ=2.0),56,Lateral,2,Anterior,0,Non-diseased,MCMC,0.007152,,0.062345,0.808222,0.808222,1.000000,0.007152
MI_2,MI Moderate (μ=2.0),56,Lateral,2,Inferior,1,Non-diseased,Point Estimate,0.017715,0.132943,0.132943,,0.000000,,0.017715
MI_2,MI Moderate (μ=2.0),56,Lateral,2,Inferior,1,Non-diseased,MCMC,0.077603,,0.164519,1.302478,1.302478,1.000000,0.077603
MI_2,MI Moderate (μ=2.0),56,Lateral,2,Lateral,2,Diseased,Point Estimate,0.000749,0.026608,0.026608,,0.000000,,0.000749
MI_2,MI Moderate (μ=2.0),56,Lateral,2,Lateral,2,Diseased,MCMC,0.004370,,0.053946,0.748690,0.748690,1.000000,0.004370
MI_2,MI Moderate (μ=2.0),56,Lateral,2,Septal,3,Non-diseased,Point Estimate,0.019120,0.138154,0.138154,,0.000000,,0.019120
MI_2,MI Moderate (μ=2.0),56,Lateral,2,Septal,3,Non-diseased,MCMC,0.032689,,0.113317,0.999992,0.999992,1.000000,0.032689
MI_2,MI Moderate (μ=2.0),56,Lateral,2,Apical,4,Non-diseased,Point Estimate,0.000116,0.010715,0.010715,,0.000000,,0.000116
MI_2,MI Moderate (μ=2.0),56,Lateral,2,Apical,4,Non-diseased,MCMC,0.000181,,0.026726,0.482481,0.482481,1.000000,0.000181
MI_2,MI Moderate (μ=2.0),57,Lateral,2,Anterior,0,Non-diseased,Point Estimate,0.007109,0.083726,0.083726,,0.000000,,0.007109
MI_2,MI Moderate (μ=2.0),57,Lateral,2,Anterior,0,Non-diseased,MCMC,0.009144,,0.065318,0.790598,0.790598,1.000000,0.009144
MI_2,MI Moderate (μ=2.0),57,Lateral,2,Inferior,1,Non-diseased,Point Estimate,0.002023,0.044390,0.044390,,0.000000,,0.002023
MI_2,MI Moderate (μ=2.0),57,Lateral,2,Inferior,1,Non-diseased,MCMC,0.023462,,0.112267,1.409055,1.409055,1.000000,0.023462
MI_2,MI Moderate (μ=2.0),57,Lateral,2,Lateral,2,Diseased,Point Estimate,0.000602,0.024523,0.024523,,0.000000,,0.000602
MI_2,MI Moderate (μ=2.0),57,Lateral,2,Lateral,2,Diseased,MCMC,0.028876,,0.107421,1.046516,1.046516,1.000000,0.028876
MI_2,MI Moderate (μ=2.0),57,Lateral,2,Septal,3,Non-diseased,Point Estimate,0.010176,0.100599,0.100599,,0.000000,,0.010176
MI_2,MI Moderate (μ=2.0),57,Lateral,2,Septal,3,Non-diseased,MCMC,0.034525,,0.108029,1.029511,1.029511,1.000000,0.034525
MI_2,MI Moderate (μ=2.0),57,Lateral,2,Apical,4,Non-diseased,Point Estimate,0.001822,0.042164,0.042164,,0.000000,,0.001822
MI_2,MI Moderate (μ=2.0),57,Lateral,2,Apical,4,Non-diseased,MCMC,0.000920,,0.029450,0.452695,0.452695,1.000000,0.000920
MI_2,MI Moderate (μ=2.0),58,Lateral,2,Anterior,0,Non-diseased,Point Estimate,0.005914,0.075801,0.075801,,0.000000,,0.005914
MI_2,MI Moderate (μ=2.0),58,Lateral,2,Anterior,0,Non-diseased,MCMC,0.005180,,0.060415,0.839005,0.839005,1.000000,0.005180
MI_2,MI Moderate (μ=2.0),58,Lateral,2,Inferior,1,Non-diseased,Point Estimate,0.004931,0.069792,0.069792,,0.000000,,0.004931
MI_2,MI Moderate (μ=2.0),58,Lateral,2,Inferior,1,Non-diseased,MCMC,0.002681,,0.075004,1.250894,1.250894,1.000000,0.002681
MI_2,MI Moderate (μ=2.0),58,Lateral,2,Lateral,2,Diseased,Point Estimate,0.005222,0.069201,0.069201,,0.000000,,0.005222
MI_2,MI Moderate (μ=2.0),58,Lateral,2,Lateral,2,Diseased,MCMC,0.005083,,0.063090,0.966060,0.966060,1.000000,0.005083
MI_2,MI Moderate (μ=2.0),58,Lateral,2,Septal,3,Non-diseased,Point Estimate,0.003328,0.057666,0.057666,,0.000000,,0.003328
MI_2,MI Moderate (μ=2.0),58,Lateral,2,Septal,3,Non-diseased,MCMC,0.027455,,0.099743,0.966656,0.966656,1.000000,0.027455
MI_2,MI Moderate (μ=2.0),58,Lateral,2,Apical,4,Non-diseased,Point Estimate,0.001167,0.034115,0.034115,,0.000000,,0.001167
MI_2,MI Moderate (μ=2.0),58,Lateral,2,Apical,4,Non-diseased,MCMC,0.000679,,0.028385,0.421228,0.421228,1.000000,0.000679
MI_2,MI Moderate (μ=2.0),59,Lateral,2,Anterior,0,Non-diseased,Point Estimate,0.008904,0.091759,0.091759,,0.000000,,0.008904
MI_2,MI Moderate (μ=2.0),59,Lateral,2,Anterior,0,Non-diseased,MCMC,0.012230,,0.071265,0.788040,0.788040,1.000000,0.012230
MI_2,MI Moderate (μ=2.0),59,Lateral,2,Inferior,1,Non-diseased,Point Estimate,0.002850,0.053077,0.053077,,0.000000,,0.002850
MI_2,MI Moderate (μ=2.0),59,Lateral,2,Inferior,1,Non-diseased,MCMC,0.000733,,0.070365,1.196677,1.196677,1.000000,0.000733
MI_2,MI Moderate (μ=2.0),59,Lateral,2,Lateral,2,Diseased,Point Estimate,0.005521,0.068264,0.068264,,0.000000,,0.005521
MI_2,MI Moderate (μ=2.0),59,Lateral,2,Lateral,2,Diseased,MCMC,0.022860,,0.101050,1.199192,1.199192,1.000000,0.022860
MI_2,MI Moderate (μ=2.0),59,Lateral,2,Septal,3,Non-diseased,Point Estimate,0.001809,0.042529,0.042529,,0.000000,,0.001809
MI_2,MI Moderate (μ=2.0),59,Lateral,2,Septal,3,Non-diseased,MCMC,0.030144,,0.103531,0.965508,0.965508,1.000000,0.030144
MI_2,MI Moderate (μ=2.0),59,Lateral,2,Apical,4,Non-diseased,Point Estimate,0.001737,0.041660,0.041660,,0.000000,,0.001737
MI_2,MI Moderate (μ=2.0),59,Lateral,2,Apical,4,Non-diseased,MCMC,0.000393,,0.027159,0.472843,0.472843,1.000000,0.000393
MI_2,MI Moderate (μ=2.0),60,Septal,3,Anterior,0,Non-diseased,Point Estimate,0.000484,0.020776,0.020776,,0.000000,,0.000484
MI_2,MI Moderate (μ=2.0),60,Septal,3,Anterior,0,Non-diseased,MCMC,0.002066,,0.043065,0.689339,0.689339,1.000000,0.002066
MI_2,MI Moderate (μ=2.0),60,Septal,3,Inferior,1,Non-diseased,Point Estimate,0.002322,0.042990,0.042990,,0.000000,,0.002322
MI_2,MI Moderate (μ=2.0),60,Septal,3,Inferior,1,Non-diseased,MCMC,0.155731,,0.244007,1.025341,1.025341,1.000000,0.155731
MI_2,MI Moderate (μ=2.0),60,Septal,3,Lateral,2,Non-diseased,Point Estimate,0.002652,0.050699,0.050699,,0.000000,,0.002652
MI_2,MI Moderate (μ=2.0),60,Septal,3,Lateral,2,Non-diseased,MCMC,0.006183,,0.048384,0.460799,0.460799,1.000000,0.006183
MI_2,MI Moderate (μ=2.0),60,Septal,3,Septal,3,Diseased,Point Estimate,0.049306,0.208379,0.208379,,0.000000,,0.049306
MI_2,MI Moderate (μ=2.0),60,Septal,3,Septal,3,Diseased,MCMC,0.033747,,0.127338,1.515145,1.515145,1.000000,0.033747
MI_2,MI Moderate (μ=2.0),60,Septal,3,Apical,4,Non-diseased,Point Estimate,0.001258,0.035464,0.035464,,0.000000,,0.001258
MI_2,MI Moderate (μ=2.0),60,Septal,3,Apical,4,Non-diseased,MCMC,0.000172,,0.032069,0.450265,0.450265,1.000000,0.000172
MI_2,MI Moderate (μ=2.0),61,Septal,3,Anterior,0,Non-diseased,Point Estimate,0.000111,0.009077,0.009077,,0.000000,,0.000111
MI_2,MI Moderate (μ=2.0),61,Septal,3,Anterior,0,Non-diseased,MCMC,0.000065,,0.043362,0.649796,0.649796,1.000000,0.000065
MI_2,MI Moderate (μ=2.0),61,Septal,3,Inferior,1,Non-diseased,Point Estimate,0.034411,0.184924,0.184924,,0.000000,,0.034411
MI_2,MI Moderate (μ=2.0),61,Septal,3,Inferior,1,Non-diseased,MCMC,0.089834,,0.174424,1.178138,1.178138,1.000000,0.089834
MI_2,MI Moderate (μ=2.0),61,Septal,3,Lateral,2,Non-diseased,Point Estimate,0.000510,0.020746,0.020746,,0.000000,,0.000510
MI_2,MI Moderate (μ=2.0),61,Septal,3,Lateral,2,Non-diseased,MCMC,0.002676,,0.038538,0.506685,0.506685,1.000000,0.002676
MI_2,MI Moderate (μ=2.0),61,Septal,3,Septal,3,Diseased,Point Estimate,0.017304,0.131294,0.131294,,0.000000,,0.017304
MI_2,MI Moderate (μ=2.0),61,Septal,3,Septal,3,Diseased,MCMC,0.076896,,0.175425,1.735183,1.735183,1.000000,0.076896
MI_2,MI Moderate (μ=2.0),61,Septal,3,Apical,4,Non-diseased,Point Estimate,0.001558,0.038559,0.038559,,0.000000,,0.001558
MI_2,MI Moderate (μ=2.0),61,Septal,3,Apical,4,Non-diseased,MCMC,0.000002,,0.027851,0.476820,0.476820,1.000000,0.000002
MI_2,MI Moderate (μ=2.0),62,Septal,3,Anterior,0,Non-diseased,Point Estimate,0.009089,0.094524,0.094524,,0.000000,,0.009089
MI_2,MI Moderate (μ=2.0),62,Septal,3,Anterior,0,Non-diseased,MCMC,0.001273,,0.043645,0.675599,0.675599,1.000000,0.001273
MI_2,MI Moderate (μ=2.0),62,Septal,3,Inferior,1,Non-diseased,Point Estimate,0.001571,0.031439,0.031439,,0.000000,,0.001571
MI_2,MI Moderate (μ=2.0),62,Septal,3,Inferior,1,Non-diseased,MCMC,0.147362,,0.236357,1.044912,1.044912,1.000000,0.147362
MI_2,MI Moderate (μ=2.0),62,Septal,3,Lateral,2,Non-diseased,Point Estimate,0.002435,0.048934,0.048934,,0.000000,,0.002435
MI_2,MI Moderate (μ=2.0),62,Septal,3,Lateral,2,Non-diseased,MCMC,0.003630,,0.041557,0.490578,0.490578,1.000000,0.003630
MI_2,MI Moderate (μ=2.0),62,Septal,3,Septal,3,Diseased,Point Estimate,0.002493,0.043475,0.043475,,0.000000,,0.002493
MI_2,MI Moderate (μ=2.0),62,Septal,3,Septal,3,Diseased,MCMC,0.135174,,0.220407,1.607943,1.607943,1.000000,0.135174
MI_2,MI Moderate (μ=2.0),62,Septal,3,Apical,4,Non-diseased,Point Estimate,0.000690,0.026245,0.026245,,0.000000,,0.000690
MI_2,MI Moderate (μ=2.0),62,Septal,3,Apical,4,Non-diseased,MCMC,0.002422,,0.031345,0.390000,0.390000,1.000000,0.002422
MI_2,MI Moderate (μ=2.0),63,Septal,3,Anterior,0,Non-diseased,Point Estimate,0.000417,0.018592,0.018592,,0.000000,,0.000417
MI_2,MI Moderate (μ=2.0),63,Septal,3,Anterior,0,Non-diseased,MCMC,0.000010,,0.042037,0.695344,0.695344,1.000000,0.000010
MI_2,MI Moderate (μ=2.0),63,Septal,3,Inferior,1,Non-diseased,Point Estimate,0.043102,0.207355,0.207355,,0.000000,,0.043102
MI_2,MI Moderate (μ=2.0),63,Septal,3,Inferior,1,Non-diseased,MCMC,0.069313,,0.155915,1.179694,1.179694,1.000000,0.069313
MI_2,MI Moderate (μ=2.0),63,Septal,3,Lateral,2,Non-diseased,Point Estimate,0.000126,0.008397,0.008397,,0.000000,,0.000126
MI_2,MI Moderate (μ=2.0),63,Septal,3,Lateral,2,Non-diseased,MCMC,0.000343,,0.032305,0.547249,0.547249,1.000000,0.000343
MI_2,MI Moderate (μ=2.0),63,Septal,3,Septal,3,Diseased,Point Estimate,0.065763,0.248952,0.248952,,0.000000,,0.065763
MI_2,MI Moderate (μ=2.0),63,Septal,3,Septal,3,Diseased,MCMC,0.064550,,0.161027,1.730148,1.730148,1.000000,0.064550
MI_2,MI Moderate (μ=2.0),63,Septal,3,Apical,4,Non-diseased,Point Estimate,0.002039,0.044573,0.044573,,0.000000,,0.002039
MI_2,MI Moderate (μ=2.0),63,Septal,3,Apical,4,Non-diseased,MCMC,0.000213,,0.027975,0.455405,0.455405,1.000000,0.000213
MI_2,MI Moderate (μ=2.0),64,Septal,3,Anterior,0,Non-diseased,Point Estimate,0.000314,0.014293,0.014293,,0.000000,,0.000314
MI_2,MI Moderate (μ=2.0),64,Septal,3,Anterior,0,Non-diseased,MCMC,0.000644,,0.041785,0.662268,0.662268,1.000000,0.000644
MI_2,MI Moderate (μ=2.0),64,Septal,3,Inferior,1,Non-diseased,Point Estimate,0.026507,0.162480,0.162480,,0.000000,,0.026507
MI_2,MI Moderate (μ=2.0),64,Septal,3,Inferior,1,Non-diseased,MCMC,0.115488,,0.206814,1.167984,1.167984,1.000000,0.115488
MI_2,MI Moderate (μ=2.0),64,Septal,3,Lateral,2,Non-diseased,Point Estimate,0.000275,0.012630,0.012630,,0.000000,,0.000275
MI_2,MI Moderate (μ=2.0),64,Septal,3,Lateral,2,Non-diseased,MCMC,0.002123,,0.037931,0.548531,0.548531,1.000000,0.002123
MI_2,MI Moderate (μ=2.0),64,Septal,3,Septal,3,Diseased,Point Estimate,0.038713,0.194125,0.194125,,0.000000,,0.038713
MI_2,MI Moderate (μ=2.0),64,Septal,3,Septal,3,Diseased,MCMC,0.117619,,0.199612,1.884071,1.884071,1.000000,0.117619
MI_2,MI Moderate (μ=2.0),64,Septal,3,Apical,4,Non-diseased,Point Estimate,0.001443,0.037047,0.037047,,0.000000,,0.001443
MI_2,MI Moderate (μ=2.0),64,Septal,3,Apical,4,Non-diseased,MCMC,0.000062,,0.026875,0.461616,0.461616,1.000000,0.000062
MI_2,MI Moderate (μ=2.0),65,Septal,3,Anterior,0,Non-diseased,Point Estimate,0.011463,0.106893,0.106893,,0.000000,,0.011463
MI_2,MI Moderate (μ=2.0),65,Septal,3,Anterior,0,Non-diseased,MCMC,0.001251,,0.048607,0.739388,0.739388,1.000000,0.001251
MI_2,MI Moderate (μ=2.0),65,Septal,3,Inferior,1,Non-diseased,Point Estimate,0.095174,0.305921,0.305921,,0.000000,,0.095174
MI_2,MI Moderate (μ=2.0),65,Septal,3,Inferior,1,Non-diseased,MCMC,0.031472,,0.120579,1.328654,1.328654,1.000000,0.031472
MI_2,MI Moderate (μ=2.0),65,Septal,3,Lateral,2,Non-diseased,Point Estimate,0.000801,0.026914,0.026914,,0.000000,,0.000801
MI_2,MI Moderate (μ=2.0),65,Septal,3,Lateral,2,Non-diseased,MCMC,0.000528,,0.032300,0.508436,0.508436,1.000000,0.000528
MI_2,MI Moderate (μ=2.0),65,Septal,3,Septal,3,Diseased,Point Estimate,0.200302,0.439474,0.439474,,0.000000,,0.200302
MI_2,MI Moderate (μ=2.0),65,Septal,3,Septal,3,Diseased,MCMC,0.018033,,0.163631,2.396038,2.396038,1.000000,0.018033
MI_2,MI Moderate (μ=2.0),65,Septal,3,Apical,4,Non-diseased,Point Estimate,0.003943,0.061798,0.061798,,0.000000,,0.003943
MI_2,MI Moderate (μ=2.0),65,Septal,3,Apical,4,Non-diseased,MCMC,0.000477,,0.029335,0.467040,0.467040,1.000000,0.000477
MI_2,MI Moderate (μ=2.0),66,Septal,3,Anterior,0,Non-diseased,Point Estimate,0.004390,0.066258,0.066258,,0.000000,,0.004390
MI_2,MI Moderate (μ=2.0),66,Septal,3,Anterior,0,Non-diseased,MCMC,0.000068,,0.045129,0.764739,0.764739,1.000000,0.000068
MI_2,MI Moderate (μ=2.0),66,Septal,3,Inferior,1,Non-diseased,Point Estimate,0.079313,0.279265,0.279265,,0.000000,,0.079313
MI_2,MI Moderate (μ=2.0),66,Septal,3,Inferior,1,Non-diseased,MCMC,0.070391,,0.157383,1.020770,1.020770,1.000000,0.070391
MI_2,MI Moderate (μ=2.0),66,Septal,3,Lateral,2,Non-diseased,Point Estimate,0.000594,0.022688,0.022688,,0.000000,,0.000594
MI_2,MI Moderate (μ=2.0),66,Septal,3,Lateral,2,Non-diseased,MCMC,0.001427,,0.034520,0.530939,0.530939,1.000000,0.001427
MI_2,MI Moderate (μ=2.0),66,Septal,3,Septal,3,Diseased,Point Estimate,0.282248,0.514263,0.514263,,0.000000,,0.282248
MI_2,MI Moderate (μ=2.0),66,Septal,3,Septal,3,Diseased,MCMC,0.039261,,0.147354,2.066122,2.066122,1.000000,0.039261
MI_2,MI Moderate (μ=2.0),66,Septal,3,Apical,4,Non-diseased,Point Estimate,0.006755,0.080930,0.080930,,0.000000,,0.006755
MI_2,MI Moderate (μ=2.0),66,Septal,3,Apical,4,Non-diseased,MCMC,0.000605,,0.027804,0.481299,0.481299,1.000000,0.000605
MI_2,MI Moderate (μ=2.0),67,Septal,3,Anterior,0,Non-diseased,Point Estimate,0.011061,0.105156,0.105156,,0.000000,,0.011061
MI_2,MI Moderate (μ=2.0),67,Septal,3,Anterior,0,Non-diseased,MCMC,0.000590,,0.044398,0.730993,0.730993,1.000000,0.000590
MI_2,MI Moderate (μ=2.0),67,Septal,3,Inferior,1,Non-diseased,Point Estimate,0.099596,0.312151,0.312151,,0.000000,,0.099596
MI_2,MI Moderate (μ=2.0),67,Septal,3,Inferior,1,Non-diseased,MCMC,0.065554,,0.154591,1.300566,1.300566,1.000000,0.065554
MI_2,MI Moderate (μ=2.0),67,Septal,3,Lateral,2,Non-diseased,Point Estimate,0.000747,0.025356,0.025356,,0.000000,,0.000747
MI_2,MI Moderate (μ=2.0),67,Septal,3,Lateral,2,Non-diseased,MCMC,0.000567,,0.034896,0.562079,0.562079,1.000000,0.000567
MI_2,MI Moderate (μ=2.0),67,Septal,3,Septal,3,Diseased,Point Estimate,0.344801,0.572148,0.572148,,0.000000,,0.344801
MI_2,MI Moderate (μ=2.0),67,Septal,3,Septal,3,Diseased,MCMC,0.004089,,0.144609,2.311233,2.311233,1.000000,0.004089
MI_2,MI Moderate (μ=2.0),67,Septal,3,Apical,4,Non-diseased,Point Estimate,0.003912,0.062235,0.062235,,0.000000,,0.003912
MI_2,MI Moderate (μ=2.0),67,Septal,3,Apical,4,Non-diseased,MCMC,0.000030,,0.030169,0.452643,0.452643,1.000000,0.000030
MI_2,MI Moderate (μ=2.0),68,Septal,3,Anterior,0,Non-diseased,Point Estimate,0.001764,0.041844,0.041844,,0.000000,,0.001764
MI_2,MI Moderate (μ=2.0),68,Septal,3,Anterior,0,Non-diseased,MCMC,0.005010,,0.055456,0.712326,0.712326,1.000000,0.005010
MI_2,MI Moderate (μ=2.0),68,Septal,3,Inferior,1,Non-diseased,Point Estimate,0.137493,0.370231,0.370231,,0.000000,,0.137493
MI_2,MI Moderate (μ=2.0),68,Septal,3,Inferior,1,Non-diseased,MCMC,0.257491,,0.328407,1.108780,1.108780,1.000000,0.257491
MI_2,MI Moderate (μ=2.0),68,Septal,3,Lateral,2,Non-diseased,Point Estimate,0.017313,0.131041,0.131041,,0.000000,,0.017313
MI_2,MI Moderate (μ=2.0),68,Septal,3,Lateral,2,Non-diseased,MCMC,0.009898,,0.061025,0.493730,0.493730,1.000000,0.009898
MI_2,MI Moderate (μ=2.0),68,Septal,3,Septal,3,Diseased,Point Estimate,0.006061,0.072484,0.072484,,0.000000,,0.006061
MI_2,MI Moderate (μ=2.0),68,Septal,3,Septal,3,Diseased,MCMC,0.033285,,0.104074,0.986069,0.986069,1.000000,0.033285
MI_2,MI Moderate (μ=2.0),68,Septal,3,Apical,4,Non-diseased,Point Estimate,0.000219,0.014718,0.014718,,0.000000,,0.000219
MI_2,MI Moderate (μ=2.0),68,Septal,3,Apical,4,Non-diseased,MCMC,0.004235,,0.040279,0.461019,0.461019,1.000000,0.004235
MI_2,MI Moderate (μ=2.0),69,Septal,3,Anterior,0,Non-diseased,Point Estimate,0.000387,0.018311,0.018311,,0.000000,,0.000387
MI_2,MI Moderate (μ=2.0),69,Septal,3,Anterior,0,Non-diseased,MCMC,0.000109,,0.042140,0.700340,0.700340,1.000000,0.000109
MI_2,MI Moderate (μ=2.0),69,Septal,3,Inferior,1,Non-diseased,Point Estimate,0.025423,0.159370,0.159370,,0.000000,,0.025423
MI_2,MI Moderate (μ=2.0),69,Septal,3,Inferior,1,Non-diseased,MCMC,0.086324,,0.167591,1.188859,1.188859,1.000000,0.086324
MI_2,MI Moderate (μ=2.0),69,Septal,3,Lateral,2,Non-diseased,Point Estimate,0.000207,0.011964,0.011964,,0.000000,,0.000207
MI_2,MI Moderate (μ=2.0),69,Septal,3,Lateral,2,Non-diseased,MCMC,0.001626,,0.034214,0.477406,0.477406,1.000000,0.001626
MI_2,MI Moderate (μ=2.0),69,Septal,3,Septal,3,Diseased,Point Estimate,0.038523,0.194936,0.194936,,0.000000,,0.038523
MI_2,MI Moderate (μ=2.0),69,Septal,3,Septal,3,Diseased,MCMC,0.102312,,0.203139,2.081422,2.081422,1.000000,0.102312
MI_2,MI Moderate (μ=2.0),69,Septal,3,Apical,4,Non-diseased,Point Estimate,0.002603,0.050300,0.050300,,0.000000,,0.002603
MI_2,MI Moderate (μ=2.0),69,Septal,3,Apical,4,Non-diseased,MCMC,0.000014,,0.021641,0.398609,0.398609,1.000000,0.000014
MI_2,MI Moderate (μ=2.0),70,Septal,3,Anterior,0,Non-diseased,Point Estimate,0.025725,0.159515,0.159515,,0.000000,,0.025725
MI_2,MI Moderate (μ=2.0),70,Septal,3,Anterior,0,Non-diseased,MCMC,0.001766,,0.049217,0.753596,0.753596,1.000000,0.001766
MI_2,MI Moderate (μ=2.0),70,Septal,3,Inferior,1,Non-diseased,Point Estimate,0.031864,0.177834,0.177834,,0.000000,,0.031864
MI_2,MI Moderate (μ=2.0),70,Septal,3,Inferior,1,Non-diseased,MCMC,0.024144,,0.111323,1.371744,1.371744,1.000000,0.024144
MI_2,MI Moderate (μ=2.0),70,Septal,3,Lateral,2,Non-diseased,Point Estimate,0.000794,0.026773,0.026773,,0.000000,,0.000794
MI_2,MI Moderate (μ=2.0),70,Septal,3,Lateral,2,Non-diseased,MCMC,0.000059,,0.029976,0.485266,0.485266,1.000000,0.000059
MI_2,MI Moderate (μ=2.0),70,Septal,3,Septal,3,Diseased,Point Estimate,0.150930,0.379624,0.379624,,0.000000,,0.150930
MI_2,MI Moderate (μ=2.0),70,Septal,3,Septal,3,Diseased,MCMC,0.018547,,0.196862,2.703289,2.703289,1.000000,0.018547
MI_2,MI Moderate (μ=2.0),70,Septal,3,Apical,4,Non-diseased,Point Estimate,0.003912,0.060967,0.060967,,0.000000,,0.003912
MI_2,MI Moderate (μ=2.0),70,Septal,3,Apical,4,Non-diseased,MCMC,0.000519,,0.026582,0.442334,0.442334,1.000000,0.000519
MI_2,MI Moderate (μ=2.0),71,Septal,3,Anterior,0,Non-diseased,Point Estimate,0.000426,0.019648,0.019648,,0.000000,,0.000426
MI_2,MI Moderate (μ=2.0),71,Septal,3,Anterior,0,Non-diseased,MCMC,0.000279,,0.040822,0.713130,0.713130,1.000000,0.000279
MI_2,MI Moderate (μ=2.0),71,Septal,3,Inferior,1,Non-diseased,Point Estimate,0.054528,0.232898,0.232898,,0.000000,,0.054528
MI_2,MI Moderate (μ=2.0),71,Septal,3,Inferior,1,Non-diseased,MCMC,0.101848,,0.197337,1.014068,1.014068,1.000000,0.101848
MI_2,MI Moderate (μ=2.0),71,Septal,3,Lateral,2,Non-diseased,Point Estimate,0.000270,0.012898,0.012898,,0.000000,,0.000270
MI_2,MI Moderate (μ=2.0),71,Septal,3,Lateral,2,Non-diseased,MCMC,0.002628,,0.040453,0.582798,0.582798,1.000000,0.002628
MI_2,MI Moderate (μ=2.0),71,Septal,3,Septal,3,Diseased,Point Estimate,0.288121,0.514492,0.514492,,0.000000,,0.288121
MI_2,MI Moderate (μ=2.0),71,Septal,3,Septal,3,Diseased,MCMC,0.045075,,0.145060,1.961363,1.961363,1.000000,0.045075
MI_2,MI Moderate (μ=2.0),71,Septal,3,Apical,4,Non-diseased,Point Estimate,0.006466,0.079853,0.079853,,0.000000,,0.006466
MI_2,MI Moderate (μ=2.0),71,Septal,3,Apical,4,Non-diseased,MCMC,0.000010,,0.021009,0.384306,0.384306,1.000000,0.000010
MI_2,MI Moderate (μ=2.0),72,Septal,3,Anterior,0,Non-diseased,Point Estimate,0.000383,0.016622,0.016622,,0.000000,,0.000383
MI_2,MI Moderate (μ=2.0),72,Septal,3,Anterior,0,Non-diseased,MCMC,0.000022,,0.044394,0.728367,0.728367,1.000000,0.000022
MI_2,MI Moderate (μ=2.0),72,Septal,3,Inferior,1,Non-diseased,Point Estimate,0.023858,0.154459,0.154459,,0.000000,,0.023858
MI_2,MI Moderate (μ=2.0),72,Septal,3,Inferior,1,Non-diseased,MCMC,0.113723,,0.202880,1.127254,1.127254,1.000000,0.113723
MI_2,MI Moderate (μ=2.0),72,Septal,3,Lateral,2,Non-diseased,Point Estimate,0.000047,0.006782,0.006782,,0.000000,,0.000047
MI_2,MI Moderate (μ=2.0),72,Septal,3,Lateral,2,Non-diseased,MCMC,0.001397,,0.034730,0.516276,0.516276,1.000000,0.001397
MI_2,MI Moderate (μ=2.0),72,Septal,3,Septal,3,Diseased,Point Estimate,0.078949,0.271672,0.271672,,0.000000,,0.078949
MI_2,MI Moderate (μ=2.0),72,Septal,3,Septal,3,Diseased,MCMC,0.066280,,0.159924,1.777697,1.777697,1.000000,0.066280
MI_2,MI Moderate (μ=2.0),72,Septal,3,Apical,4,Non-diseased,Point Estimate,0.001755,0.041807,0.041807,,0.000000,,0.001755
MI_2,MI Moderate (μ=2.0),72,Septal,3,Apical,4,Non-diseased,MCMC,0.001148,,0.031676,0.459994,0.459994,1.000000,0.001148
MI_2,MI Moderate (μ=2.0),73,Septal,3,Anterior,0,Non-diseased,Point Estimate,0.001314,0.035932,0.035932,,0.000000,,0.001314
MI_2,MI Moderate (μ=2.0),73,Septal,3,Anterior,0,Non-diseased,MCMC,0.000360,,0.045004,0.716526,0.716526,1.000000,0.000360
MI_2,MI Moderate (μ=2.0),73,Septal,3,Inferior,1,Non-diseased,Point Estimate,0.032924,0.181089,0.181089,,0.000000,,0.032924
MI_2,MI Moderate (μ=2.0),73,Septal,3,Inferior,1,Non-diseased,MCMC,0.128432,,0.210398,1.113847,1.113847,1.000000,0.128432
MI_2,MI Moderate (μ=2.0),73,Septal,3,Lateral,2,Non-diseased,Point Estimate,0.000158,0.011187,0.011187,,0.000000,,0.000158
MI_2,MI Moderate (μ=2.0),73,Septal,3,Lateral,2,Non-diseased,MCMC,0.004035,,0.042369,0.516964,0.516964,1.000000,0.004035
MI_2,MI Moderate (μ=2.0),73,Septal,3,Septal,3,Diseased,Point Estimate,0.067518,0.256205,0.256205,,0.000000,,0.067518
MI_2,MI Moderate (μ=2.0),73,Septal,3,Septal,3,Diseased,MCMC,0.127926,,0.211063,1.921792,1.921792,1.000000,0.127926
MI_2,MI Moderate (μ=2.0),73,Septal,3,Apical,4,Non-diseased,Point Estimate,0.001764,0.041256,0.041256,,0.000000,,0.001764
MI_2,MI Moderate (μ=2.0),73,Septal,3,Apical,4,Non-diseased,MCMC,0.000034,,0.028090,0.484153,0.484153,1.000000,0.000034
MI_2,MI Moderate (μ=2.0),74,Septal,3,Anterior,0,Non-diseased,Point Estimate,0.000108,0.007484,0.007484,,0.000000,,0.000108
MI_2,MI Moderate (μ=2.0),74,Septal,3,Anterior,0,Non-diseased,MCMC,0.000715,,0.042517,0.706786,0.706786,1.000000,0.000715
MI_2,MI Moderate (μ=2.0),74,Septal,3,Inferior,1,Non-diseased,Point Estimate,0.020233,0.141912,0.141912,,0.000000,,0.020233
MI_2,MI Moderate (μ=2.0),74,Septal,3,Inferior,1,Non-diseased,MCMC,0.144723,,0.225442,1.225301,1.225301,1.000000,0.144723
MI_2,MI Moderate (μ=2.0),74,Septal,3,Lateral,2,Non-diseased,Point Estimate,0.000376,0.016855,0.016855,,0.000000,,0.000376
MI_2,MI Moderate (μ=2.0),74,Septal,3,Lateral,2,Non-diseased,MCMC,0.002901,,0.038938,0.514712,0.514712,1.000000,0.002901
MI_2,MI Moderate (μ=2.0),74,Septal,3,Septal,3,Diseased,Point Estimate,0.092473,0.289871,0.289871,,0.000000,,0.092473
MI_2,MI Moderate (μ=2.0),74,Septal,3,Septal,3,Diseased,MCMC,0.031502,,0.124080,1.563089,1.563089,1.000000,0.031502
MI_2,MI Moderate (μ=2.0),74,Septal,3,Apical,4,Non-diseased,Point Estimate,0.004348,0.065339,0.065339,,0.000000,,0.004348
MI_2,MI Moderate (μ=2.0),74,Septal,3,Apical,4,Non-diseased,MCMC,0.000001,,0.023362,0.414830,0.414830,1.000000,0.000001
MI_2,MI Moderate (μ=2.0),75,Septal,3,Anterior,0,Non-diseased,Point Estimate,0.013026,0.114127,0.114127,,0.000000,,0.013026
MI_2,MI Moderate (μ=2.0),75,Septal,3,Anterior,0,Non-diseased,MCMC,0.001299,,0.049058,0.789049,0.789049,1.000000,0.001299
MI_2,MI Moderate (μ=2.0),75,Septal,3,Inferior,1,Non-diseased,Point Estimate,0.098241,0.310771,0.310771,,0.000000,,0.098241
MI_2,MI Moderate (μ=2.0),75,Septal,3,Inferior,1,Non-diseased,MCMC,0.055678,,0.136942,1.286699,1.286699,1.000000,0.055678
MI_2,MI Moderate (μ=2.0),75,Septal,3,Lateral,2,Non-diseased,Point Estimate,0.000290,0.013824,0.013824,,0.000000,,0.000290
MI_2,MI Moderate (μ=2.0),75,Septal,3,Lateral,2,Non-diseased,MCMC,0.001536,,0.033844,0.466031,0.466031,1.000000,0.001536
MI_2,MI Moderate (μ=2.0),75,Septal,3,Septal,3,Diseased,Point Estimate,0.515772,0.697756,0.697756,,0.000000,,0.515772
MI_2,MI Moderate (μ=2.0),75,Septal,3,Septal,3,Diseased,MCMC,0.012624,,0.154060,2.285581,2.285581,1.000000,0.012624
MI_2,MI Moderate (μ=2.0),75,Septal,3,Apical,4,Non-diseased,Point Estimate,0.006473,0.079688,0.079688,,0.000000,,0.006473
MI_2,MI Moderate (μ=2.0),75,Septal,3,Apical,4,Non-diseased,MCMC,0.000154,,0.028376,0.466760,0.466760,1.000000,0.000154
MI_2,MI Moderate (μ=2.0),76,Septal,3,Anterior,0,Non-diseased,Point Estimate,0.002214,0.046249,0.046249,,0.000000,,0.002214
MI_2,MI Moderate (μ=2.0),76,Septal,3,Anterior,0,Non-diseased,MCMC,0.000650,,0.045220,0.714635,0.714635,1.000000,0.000650
MI_2,MI Moderate (μ=2.0),76,Septal,3,Inferior,1,Non-diseased,Point Estimate,0.052283,0.228086,0.228086,,0.000000,,0.052283
MI_2,MI Moderate (μ=2.0),76,Septal,3,Inferior,1,Non-diseased,MCMC,0.081218,,0.172232,0.988943,0.988943,1.000000,0.081218
MI_2,MI Moderate (μ=2.0),76,Septal,3,Lateral,2,Non-diseased,Point Estimate,0.000250,0.014078,0.014078,,0.000000,,0.000250
MI_2,MI Moderate (μ=2.0),76,Septal,3,Lateral,2,Non-diseased,MCMC,0.001892,,0.034965,0.473160,0.473160,1.000000,0.001892
MI_2,MI Moderate (μ=2.0),76,Septal,3,Septal,3,Diseased,Point Estimate,0.176764,0.413720,0.413720,,0.000000,,0.176764
MI_2,MI Moderate (μ=2.0),76,Septal,3,Septal,3,Diseased,MCMC,0.095025,,0.198597,2.136613,2.136613,1.000000,0.095025
MI_2,MI Moderate (μ=2.0),76,Septal,3,Apical,4,Non-diseased,Point Estimate,0.003721,0.060538,0.060538,,0.000000,,0.003721
MI_2,MI Moderate (μ=2.0),76,Septal,3,Apical,4,Non-diseased,MCMC,0.000377,,0.022850,0.405475,0.405475,1.000000,0.000377
MI_2,MI Moderate (μ=2.0),77,Septal,3,Anterior,0,Non-diseased,Point Estimate,0.001328,0.035861,0.035861,,0.000000,,0.001328
MI_2,MI Moderate (μ=2.0),77,Septal,3,Anterior,0,Non-diseased,MCMC,0.000150,,0.045294,0.722071,0.722071,1.000000,0.000150
MI_2,MI Moderate (μ=2.0),77,Septal,3,Inferior,1,Non-diseased,Point Estimate,0.037948,0.194612,0.194612,,0.000000,,0.037948
MI_2,MI Moderate (μ=2.0),77,Septal,3,Inferior,1,Non-diseased,MCMC,0.049614,,0.137260,1.277716,1.277716,1.000000,0.049614
MI_2,MI Moderate (μ=2.0),77,Septal,3,Lateral,2,Non-diseased,Point Estimate,0.000124,0.010217,0.010217,,0.000000,,0.000124
MI_2,MI Moderate (μ=2.0),77,Septal,3,Lateral,2,Non-diseased,MCMC,0.000971,,0.031587,0.517793,0.517793,1.000000,0.000971
MI_2,MI Moderate (μ=2.0),77,Septal,3,Septal,3,Diseased,Point Estimate,0.045042,0.210439,0.210439,,0.000000,,0.045042
MI_2,MI Moderate (μ=2.0),77,Septal,3,Septal,3,Diseased,MCMC,0.077704,,0.182070,2.087899,2.087899,1.000000,0.077704
MI_2,MI Moderate (μ=2.0),77,Septal,3,Apical,4,Non-diseased,Point Estimate,0.002802,0.052262,0.052262,,0.000000,,0.002802
MI_2,MI Moderate (μ=2.0),77,Septal,3,Apical,4,Non-diseased,MCMC,0.000049,,0.022411,0.385435,0.385435,1.000000,0.000049
MI_2,MI Moderate (μ=2.0),78,Septal,3,Anterior,0,Non-diseased,Point Estimate,0.004448,0.066692,0.066692,,0.000000,,0.004448
MI_2,MI Moderate (μ=2.0),78,Septal,3,Anterior,0,Non-diseased,MCMC,0.000531,,0.046313,0.733995,0.733995,1.000000,0.000531
MI_2,MI Moderate (μ=2.0),78,Septal,3,Inferior,1,Non-diseased,Point Estimate,0.032378,0.179679,0.179679,,0.000000,,0.032378
MI_2,MI Moderate (μ=2.0),78,Septal,3,Inferior,1,Non-diseased,MCMC,0.048533,,0.127441,1.208934,1.208934,1.000000,0.048533
MI_2,MI Moderate (μ=2.0),78,Septal,3,Lateral,2,Non-diseased,Point Estimate,0.000104,0.008298,0.008298,,0.000000,,0.000104
MI_2,MI Moderate (μ=2.0),78,Septal,3,Lateral,2,Non-diseased,MCMC,0.000215,,0.029462,0.476894,0.476894,1.000000,0.000215
MI_2,MI Moderate (μ=2.0),78,Septal,3,Septal,3,Diseased,Point Estimate,0.131361,0.355521,0.355521,,0.000000,,0.131361
MI_2,MI Moderate (μ=2.0),78,Septal,3,Septal,3,Diseased,MCMC,0.096231,,0.219036,2.574213,2.574213,1.000000,0.096231
MI_2,MI Moderate (μ=2.0),78,Septal,3,Apical,4,Non-diseased,Point Estimate,0.003308,0.056197,0.056197,,0.000000,,0.003308
MI_2,MI Moderate (μ=2.0),78,Septal,3,Apical,4,Non-diseased,MCMC,0.000005,,0.023156,0.409166,0.409166,1.000000,0.000005
MI_2,MI Moderate (μ=2.0),79,Septal,3,Anterior,0,Non-diseased,Point Estimate,0.004549,0.066051,0.066051,,0.000000,,0.004549
MI_2,MI Moderate (μ=2.0),79,Septal,3,Anterior,0,Non-diseased,MCMC,0.000049,,0.041680,0.677500,0.677500,1.000000,0.000049
MI_2,MI Moderate (μ=2.0),79,Septal,3,Inferior,1,Non-diseased,Point Estimate,0.014080,0.118656,0.118656,,0.000000,,0.014080
MI_2,MI Moderate (μ=2.0),79,Septal,3,Inferior,1,Non-diseased,MCMC,0.103341,,0.189773,1.275560,1.275560,1.000000,0.103341
MI_2,MI Moderate (μ=2.0),79,Septal,3,Lateral,2,Non-diseased,Point Estimate,0.000653,0.024202,0.024202,,0.000000,,0.000653
MI_2,MI Moderate (μ=2.0),79,Septal,3,Lateral,2,Non-diseased,MCMC,0.002309,,0.038091,0.558552,0.558552,1.000000,0.002309
MI_2,MI Moderate (μ=2.0),79,Septal,3,Septal,3,Diseased,Point Estimate,0.013766,0.116901,0.116901,,0.000000,,0.013766
MI_2,MI Moderate (μ=2.0),79,Septal,3,Septal,3,Diseased,MCMC,0.090435,,0.189696,2.034445,2.034445,1.000000,0.090435
MI_2,MI Moderate (μ=2.0),79,Septal,3,Apical,4,Non-diseased,Point Estimate,0.000927,0.030185,0.030185,,0.000000,,0.000927
MI_2,MI Moderate (μ=2.0),79,Septal,3,Apical,4,Non-diseased,MCMC,0.001302,,0.027904,0.424531,0.424531,1.000000,0.001302
MI_2,MI Moderate (μ=2.0),80,Apical,4,Anterior,0,Non-diseased,Point Estimate,0.000139,0.011782,0.011782,,0.000000,,0.000139
MI_2,MI Moderate (μ=2.0),80,Apical,4,Anterior,0,Non-diseased,MCMC,0.010638,,0.065746,0.715823,0.715823,1.000000,0.010638
MI_2,MI Moderate (μ=2.0),80,Apical,4,Inferior,1,Non-diseased,Point Estimate,0.124229,0.352394,0.352394,,0.000000,,0.124229
MI_2,MI Moderate (μ=2.0),80,Apical,4,Inferior,1,Non-diseased,MCMC,0.138016,,0.225256,1.141246,1.141246,1.000000,0.138016
MI_2,MI Moderate (μ=2.0),80,Apical,4,Lateral,2,Non-diseased,Point Estimate,0.025413,0.158763,0.158763,,0.000000,,0.025413
MI_2,MI Moderate (μ=2.0),80,Apical,4,Lateral,2,Non-diseased,MCMC,0.004088,,0.043201,0.552211,0.552211,1.000000,0.004088
MI_2,MI Moderate (μ=2.0),80,Apical,4,Septal,3,Non-diseased,Point Estimate,0.003430,0.055788,0.055788,,0.000000,,0.003430
MI_2,MI Moderate (μ=2.0),80,Apical,4,Septal,3,Non-diseased,MCMC,0.064289,,0.149782,1.116463,1.116463,1.000000,0.064289
MI_2,MI Moderate (μ=2.0),80,Apical,4,Apical,4,Diseased,Point Estimate,0.001071,0.032533,0.032533,,0.000000,,0.001071
MI_2,MI Moderate (μ=2.0),80,Apical,4,Apical,4,Diseased,MCMC,0.003096,,0.056341,0.812469,0.812469,1.000000,0.003096
MI_2,MI Moderate (μ=2.0),81,Apical,4,Anterior,0,Non-diseased,Point Estimate,0.054713,0.232619,0.232619,,0.000000,,0.054713
MI_2,MI Moderate (μ=2.0),81,Apical,4,Anterior,0,Non-diseased,MCMC,0.007781,,0.059884,0.684485,0.684485,1.000000,0.007781
MI_2,MI Moderate (μ=2.0),81,Apical,4,Inferior,1,Non-diseased,Point Estimate,0.000744,0.024667,0.024667,,0.000000,,0.000744
MI_2,MI Moderate (μ=2.0),81,Apical,4,Inferior,1,Non-diseased,MCMC,0.213216,,0.277593,1.205647,1.205647,1.000000,0.213216
MI_2,MI Moderate (μ=2.0),81,Apical,4,Lateral,2,Non-diseased,Point Estimate,0.006964,0.081705,0.081705,,0.000000,,0.006964
MI_2,MI Moderate (μ=2.0),81,Apical,4,Lateral,2,Non-diseased,MCMC,0.009971,,0.058747,0.463023,0.463023,1.000000,0.009971
MI_2,MI Moderate (μ=2.0),81,Apical,4,Septal,3,Non-diseased,Point Estimate,0.058479,0.241624,0.241624,,0.000000,,0.058479
MI_2,MI Moderate (μ=2.0),81,Apical,4,Septal,3,Non-diseased,MCMC,0.031517,,0.111859,1.010538,1.010538,1.000000,0.031517
MI_2,MI Moderate (μ=2.0),81,Apical,4,Apical,4,Diseased,Point Estimate,0.000222,0.013918,0.013918,,0.000000,,0.000222
MI_2,MI Moderate (μ=2.0),81,Apical,4,Apical,4,Diseased,MCMC,0.000355,,0.037589,0.592248,0.592248,1.000000,0.000355
MI_2,MI Moderate (μ=2.0),82,Apical,4,Anterior,0,Non-diseased,Point Estimate,0.033379,0.182180,0.182180,,0.000000,,0.033379
MI_2,MI Moderate (μ=2.0),82,Apical,4,Anterior,0,Non-diseased,MCMC,0.003184,,0.056139,0.766171,0.766171,1.000000,0.003184
MI_2,MI Moderate (μ=2.0),82,Apical,4,Inferior,1,Non-diseased,Point Estimate,0.007489,0.086082,0.086082,,0.000000,,0.007489
MI_2,MI Moderate (μ=2.0),82,Apical,4,Inferior,1,Non-diseased,MCMC,0.095105,,0.185843,1.334008,1.334008,1.000000,0.095105
MI_2,MI Moderate (μ=2.0),82,Apical,4,Lateral,2,Non-diseased,Point Estimate,0.007164,0.083103,0.083103,,0.000000,,0.007164
MI_2,MI Moderate (μ=2.0),82,Apical,4,Lateral,2,Non-diseased,MCMC,0.003937,,0.045161,0.597713,0.597713,1.000000,0.003937
MI_2,MI Moderate (μ=2.0),82,Apical,4,Septal,3,Non-diseased,Point Estimate,0.030705,0.175133,0.175133,,0.000000,,0.030705
MI_2,MI Moderate (μ=2.0),82,Apical,4,Septal,3,Non-diseased,MCMC,0.011567,,0.077550,0.954652,0.954652,1.000000,0.011567
MI_2,MI Moderate (μ=2.0),82,Apical,4,Apical,4,Diseased,Point Estimate,0.001177,0.033614,0.033614,,0.000000,,0.001177
MI_2,MI Moderate (μ=2.0),82,Apical,4,Apical,4,Diseased,MCMC,0.014003,,0.080188,1.016142,1.016142,1.000000,0.014003
MI_2,MI Moderate (μ=2.0),83,Apical,4,Anterior,0,Non-diseased,Point Estimate,0.023056,0.151144,0.151144,,0.000000,,0.023056
MI_2,MI Moderate (μ=2.0),83,Apical,4,Anterior,0,Non-diseased,MCMC,0.002558,,0.051730,0.768519,0.768519,1.000000,0.002558
MI_2,MI Moderate (μ=2.0),83,Apical,4,Inferior,1,Non-diseased,Point Estimate,0.000500,0.022303,0.022303,,0.000000,,0.000500
MI_2,MI Moderate (μ=2.0),83,Apical,4,Inferior,1,Non-diseased,MCMC,0.081775,,0.172748,1.286095,1.286095,1.000000,0.081775
MI_2,MI Moderate (μ=2.0),83,Apical,4,Lateral,2,Non-diseased,Point Estimate,0.003065,0.054155,0.054155,,0.000000,,0.003065
MI_2,MI Moderate (μ=2.0),83,Apical,4,Lateral,2,Non-diseased,MCMC,0.001631,,0.037934,0.590183,0.590183,1.000000,0.001631
MI_2,MI Moderate (μ=2.0),83,Apical,4,Septal,3,Non-diseased,Point Estimate,0.015860,0.125545,0.125545,,0.000000,,0.015860
MI_2,MI Moderate (μ=2.0),83,Apical,4,Septal,3,Non-diseased,MCMC,0.021612,,0.095095,0.987882,0.987882,1.000000,0.021612
MI_2,MI Moderate (μ=2.0),83,Apical,4,Apical,4,Diseased,Point Estimate,0.008816,0.092944,0.092944,,0.000000,,0.008816
MI_2,MI Moderate (μ=2.0),83,Apical,4,Apical,4,Diseased,MCMC,0.001962,,0.061992,1.004269,1.004269,1.000000,0.001962
MI_2,MI Moderate (μ=2.0),84,Apical,4,Anterior,0,Non-diseased,Point Estimate,0.010816,0.103886,0.103886,,0.000000,,0.010816
MI_2,MI Moderate (μ=2.0),84,Apical,4,Anterior,0,Non-diseased,MCMC,0.004684,,0.055661,0.760045,0.760045,1.000000,0.004684
MI_2,MI Moderate (μ=2.0),84,Apical,4,Inferior,1,Non-diseased,Point Estimate,0.008266,0.089255,0.089255,,0.000000,,0.008266
MI_2,MI Moderate (μ=2.0),84,Apical,4,Inferior,1,Non-diseased,MCMC,0.124439,,0.212301,1.320382,1.320382,1.000000,0.124439
MI_2,MI Moderate (μ=2.0),84,Apical,4,Lateral,2,Non-diseased,Point Estimate,0.007090,0.083003,0.083003,,0.000000,,0.007090
MI_2,MI Moderate (μ=2.0),84,Apical,4,Lateral,2,Non-diseased,MCMC,0.003002,,0.037924,0.475182,0.475182,1.000000,0.003002
MI_2,MI Moderate (μ=2.0),84,Apical,4,Septal,3,Non-diseased,Point Estimate,0.009295,0.096124,0.096124,,0.000000,,0.009295
MI_2,MI Moderate (μ=2.0),84,Apical,4,Septal,3,Non-diseased,MCMC,0.040263,,0.120628,1.069749,1.069749,1.000000,0.040263
MI_2,MI Moderate (μ=2.0),84,Apical,4,Apical,4,Diseased,Point Estimate,0.004278,0.063332,0.063332,,0.000000,,0.004278
MI_2,MI Moderate (μ=2.0),84,Apical,4,Apical,4,Diseased,MCMC,0.000093,,0.048064,0.814207,0.814207,1.000000,0.000093
MI_2,MI Moderate (μ=2.0),85,Apical,4,Anterior,0,Non-diseased,Point Estimate,0.013420,0.115571,0.115571,,0.000000,,0.013420
MI_2,MI Moderate (μ=2.0),85,Apical,4,Anterior,0,Non-diseased,MCMC,0.005278,,0.056249,0.743429,0.743429,1.000000,0.005278
MI_2,MI Moderate (μ=2.0),85,Apical,4,Inferior,1,Non-diseased,Point Estimate,0.012504,0.111459,0.111459,,0.000000,,0.012504
MI_2,MI Moderate (μ=2.0),85,Apical,4,Inferior,1,Non-diseased,MCMC,0.133932,,0.211197,1.398607,1.398607,1.000000,0.133932
MI_2,MI Moderate (μ=2.0),85,Apical,4,Lateral,2,Non-diseased,Point Estimate,0.006141,0.076238,0.076238,,0.000000,,0.006141
MI_2,MI Moderate (μ=2.0),85,Apical,4,Lateral,2,Non-diseased,MCMC,0.003362,,0.039997,0.534448,0.534448,1.000000,0.003362
MI_2,MI Moderate (μ=2.0),85,Apical,4,Septal,3,Non-diseased,Point Estimate,0.024538,0.156421,0.156421,,0.000000,,0.024538
MI_2,MI Moderate (μ=2.0),85,Apical,4,Septal,3,Non-diseased,MCMC,0.031071,,0.112193,1.121406,1.121406,1.000000,0.031071
MI_2,MI Moderate (μ=2.0),85,Apical,4,Apical,4,Diseased,Point Estimate,0.008052,0.089150,0.089150,,0.000000,,0.008052
MI_2,MI Moderate (μ=2.0),85,Apical,4,Apical,4,Diseased,MCMC,0.001484,,0.055463,0.879457,0.879457,1.000000,0.001484
MI_2,MI Moderate (μ=2.0),86,Apical,4,Anterior,0,Non-diseased,Point Estimate,0.010798,0.103870,0.103870,,0.000000,,0.010798
MI_2,MI Moderate (μ=2.0),86,Apical,4,Anterior,0,Non-diseased,MCMC,0.006232,,0.059726,0.791814,0.791814,1.000000,0.006232
MI_2,MI Moderate (μ=2.0),86,Apical,4,Inferior,1,Non-diseased,Point Estimate,0.016986,0.130154,0.130154,,0.000000,,0.016986
MI_2,MI Moderate (μ=2.0),86,Apical,4,Inferior,1,Non-diseased,MCMC,0.046042,,0.145502,1.417862,1.417862,1.000000,0.046042
MI_2,MI Moderate (μ=2.0),86,Apical,4,Lateral,2,Non-diseased,Point Estimate,0.004285,0.064407,0.064407,,0.000000,,0.004285
MI_2,MI Moderate (μ=2.0),86,Apical,4,Lateral,2,Non-diseased,MCMC,0.002224,,0.036579,0.531520,0.531520,1.000000,0.002224
MI_2,MI Moderate (μ=2.0),86,Apical,4,Septal,3,Non-diseased,Point Estimate,0.012023,0.109397,0.109397,,0.000000,,0.012023
MI_2,MI Moderate (μ=2.0),86,Apical,4,Septal,3,Non-diseased,MCMC,0.031946,,0.108260,1.060170,1.060170,1.000000,0.031946
MI_2,MI Moderate (μ=2.0),86,Apical,4,Apical,4,Diseased,Point Estimate,0.000797,0.028222,0.028222,,0.000000,,0.000797
MI_2,MI Moderate (μ=2.0),86,Apical,4,Apical,4,Diseased,MCMC,0.008377,,0.074868,1.051126,1.051126,1.000000,0.008377
MI_2,MI Moderate (μ=2.0),87,Apical,4,Anterior,0,Non-diseased,Point Estimate,0.000415,0.019957,0.019957,,0.000000,,0.000415
MI_2,MI Moderate (μ=2.0),87,Apical,4,Anterior,0,Non-diseased,MCMC,0.018015,,0.081799,0.804327,0.804327,1.000000,0.018015
MI_2,MI Moderate (μ=2.0),87,Apical,4,Inferior,1,Non-diseased,Point Estimate,0.221402,0.469221,0.469221,,0.000000,,0.221402
MI_2,MI Moderate (μ=2.0),87,Apical,4,Inferior,1,Non-diseased,MCMC,0.276160,,0.336218,1.212731,1.212731,1.000000,0.276160
MI_2,MI Moderate (μ=2.0),87,Apical,4,Lateral,2,Non-diseased,Point Estimate,0.000161,0.012634,0.012634,,0.000000,,0.000161
MI_2,MI Moderate (μ=2.0),87,Apical,4,Lateral,2,Non-diseased,MCMC,0.008614,,0.056030,0.522492,0.522492,1.000000,0.008614
MI_2,MI Moderate (μ=2.0),87,Apical,4,Septal,3,Non-diseased,Point Estimate,0.018233,0.131107,0.131107,,0.000000,,0.018233
MI_2,MI Moderate (μ=2.0),87,Apical,4,Septal,3,Non-diseased,MCMC,0.035069,,0.113835,1.077536,1.077536,1.000000,0.035069
MI_2,MI Moderate (μ=2.0),87,Apical,4,Apical,4,Diseased,Point Estimate,0.000225,0.014880,0.014880,,0.000000,,0.000225
MI_2,MI Moderate (μ=2.0),87,Apical,4,Apical,4,Diseased,MCMC,0.002027,,0.032040,0.386267,0.386267,1.000000,0.002027
MI_2,MI Moderate (μ=2.0),88,Apical,4,Anterior,0,Non-diseased,Point Estimate,0.002323,0.048023,0.048023,,0.000000,,0.002323
MI_2,MI Moderate (μ=2.0),88,Apical,4,Anterior,0,Non-diseased,MCMC,0.004346,,0.056895,0.802443,0.802443,1.000000,0.004346
MI_2,MI Moderate (μ=2.0),88,Apical,4,Inferior,1,Non-diseased,Point Estimate,0.000972,0.028427,0.028427,,0.000000,,0.000972
MI_2,MI Moderate (μ=2.0),88,Apical,4,Inferior,1,Non-diseased,MCMC,0.050854,,0.141350,1.286595,1.286595,1.000000,0.050854
MI_2,MI Moderate (μ=2.0),88,Apical,4,Lateral,2,Non-diseased,Point Estimate,0.006459,0.078948,0.078948,,0.000000,,0.006459
MI_2,MI Moderate (μ=2.0),88,Apical,4,Lateral,2,Non-diseased,MCMC,0.002782,,0.044606,0.694411,0.694411,1.000000,0.002782
MI_2,MI Moderate (μ=2.0),88,Apical,4,Septal,3,Non-diseased,Point Estimate,0.001667,0.040707,0.040707,,0.000000,,0.001667
MI_2,MI Moderate (μ=2.0),88,Apical,4,Septal,3,Non-diseased,MCMC,0.020634,,0.097440,1.053720,1.053720,1.000000,0.020634
MI_2,MI Moderate (μ=2.0),88,Apical,4,Apical,4,Diseased,Point Estimate,0.000020,0.004398,0.004398,,0.000000,,0.000020
MI_2,MI Moderate (μ=2.0),88,Apical,4,Apical,4,Diseased,MCMC,0.012606,,0.081499,1.053109,1.053109,1.000000,0.012606
MI_2,MI Moderate (μ=2.0),89,Apical,4,Anterior,0,Non-diseased,Point Estimate,0.004868,0.069137,0.069137,,0.000000,,0.004868
MI_2,MI Moderate (μ=2.0),89,Apical,4,Anterior,0,Non-diseased,MCMC,0.006266,,0.059538,0.742781,0.742781,1.000000,0.006266
MI_2,MI Moderate (μ=2.0),89,Apical,4,Inferior,1,Non-diseased,Point Estimate,0.002247,0.045399,0.045399,,0.000000,,0.002247
MI_2,MI Moderate (μ=2.0),89,Apical,4,Inferior,1,Non-diseased,MCMC,0.076827,,0.160729,1.295103,1.295103,1.000000,0.076827
MI_2,MI Moderate (μ=2.0),89,Apical,4,Lateral,2,Non-diseased,Point Estimate,0.005032,0.069286,0.069286,,0.000000,,0.005032
MI_2,MI Moderate (μ=2.0),89,Apical,4,Lateral,2,Non-diseased,MCMC,0.000692,,0.032912,0.573114,0.573114,1.000000,0.000692
MI_2,MI Moderate (μ=2.0),89,Apical,4,Septal,3,Non-diseased,Point Estimate,0.002592,0.050852,0.050852,,0.000000,,0.002592
MI_2,MI Moderate (μ=2.0),89,Apical,4,Septal,3,Non-diseased,MCMC,0.030634,,0.112294,1.090533,1.090533,1.000000,0.030634
MI_2,MI Moderate (μ=2.0),89,Apical,4,Apical,4,Diseased,Point Estimate,0.000385,0.019431,0.019431,,0.000000,,0.000385
MI_2,MI Moderate (μ=2.0),89,Apical,4,Apical,4,Diseased,MCMC,0.000250,,0.060092,0.961941,0.961941,1.000000,0.000250
MI_2,MI Moderate (μ=2.0),90,Apical,4,Anterior,0,Non-diseased,Point Estimate,0.017249,0.130784,0.130784,,0.000000,,0.017249
MI_2,MI Moderate (μ=2.0),90,Apical,4,Anterior,0,Non-diseased,MCMC,0.007212,,0.061081,0.791964,0.791964,1.000000,0.007212
MI_2,MI Moderate (μ=2.0),90,Apical,4,Inferior,1,Non-diseased,Point Estimate,0.000578,0.018792,0.018792,,0.000000,,0.000578
MI_2,MI Moderate (μ=2.0),90,Apical,4,Inferior,1,Non-diseased,MCMC,0.092864,,0.183805,1.434375,1.434375,1.000000,0.092864
MI_2,MI Moderate (μ=2.0),90,Apical,4,Lateral,2,Non-diseased,Point Estimate,0.007677,0.085655,0.085655,,0.000000,,0.007677
MI_2,MI Moderate (μ=2.0),90,Apical,4,Lateral,2,Non-diseased,MCMC,0.004501,,0.044628,0.530053,0.530053,1.000000,0.004501
MI_2,MI Moderate (μ=2.0),90,Apical,4,Septal,3,Non-diseased,Point Estimate,0.018783,0.136347,0.136347,,0.000000,,0.018783
MI_2,MI Moderate (μ=2.0),90,Apical,4,Septal,3,Non-diseased,MCMC,0.021113,,0.097210,1.102229,1.102229,1.000000,0.021113
MI_2,MI Moderate (μ=2.0),90,Apical,4,Apical,4,Diseased,Point Estimate,0.000144,0.010810,0.010810,,0.000000,,0.000144
MI_2,MI Moderate (μ=2.0),90,Apical,4,Apical,4,Diseased,MCMC,0.004986,,0.066041,1.041540,1.041540,1.000000,0.004986
MI_2,MI Moderate (μ=2.0),91,Apical,4,Anterior,0,Non-diseased,Point Estimate,0.000099,0.009172,0.009172,,0.000000,,0.000099
MI_2,MI Moderate (μ=2.0),91,Apical,4,Anterior,0,Non-diseased,MCMC,0.023166,,0.088021,0.696157,0.696157,1.000000,0.023166
MI_2,MI Moderate (μ=2.0),91,Apical,4,Inferior,1,Non-diseased,Point Estimate,0.266619,0.516350,0.516350,,0.000000,,0.266619
MI_2,MI Moderate (μ=2.0),91,Apical,4,Inferior,1,Non-diseased,MCMC,0.150356,,0.230998,1.110036,1.110036,1.000000,0.150356
MI_2,MI Moderate (μ=2.0),91,Apical,4,Lateral,2,Non-diseased,Point Estimate,0.029449,0.171198,0.171198,,0.000000,,0.029449
MI_2,MI Moderate (μ=2.0),91,Apical,4,Lateral,2,Non-diseased,MCMC,0.014377,,0.076229,0.579381,0.579381,1.000000,0.014377
MI_2,MI Moderate (μ=2.0),91,Apical,4,Septal,3,Non-diseased,Point Estimate,0.000878,0.029329,0.029329,,0.000000,,0.000878
MI_2,MI Moderate (μ=2.0),91,Apical,4,Septal,3,Non-diseased,MCMC,0.066560,,0.151206,1.112816,1.112816,1.000000,0.066560
MI_2,MI Moderate (μ=2.0),91,Apical,4,Apical,4,Diseased,Point Estimate,0.003204,0.056591,0.056591,,0.000000,,0.003204
MI_2,MI Moderate (μ=2.0),91,Apical,4,Apical,4,Diseased,MCMC,0.000410,,0.024602,0.363013,0.363013,1.000000,0.000410
MI_2,MI Moderate (μ=2.0),92,Apical,4,Anterior,0,Non-diseased,Point Estimate,0.067090,0.257060,0.257060,,0.000000,,0.067090
MI_2,MI Moderate (μ=2.0),92,Apical,4,Anterior,0,Non-diseased,MCMC,0.004621,,0.052331,0.691517,0.691517,1.000000,0.004621
MI_2,MI Moderate (μ=2.0),92,Apical,4,Inferior,1,Non-diseased,Point Estimate,0.017744,0.133200,0.133200,,0.000000,,0.017744
MI_2,MI Moderate (μ=2.0),92,Apical,4,Inferior,1,Non-diseased,MCMC,0.123821,,0.199387,1.286903,1.286903,1.000000,0.123821
MI_2,MI Moderate (μ=2.0),92,Apical,4,Lateral,2,Non-diseased,Point Estimate,0.003306,0.054247,0.054247,,0.000000,,0.003306
MI_2,MI Moderate (μ=2.0),92,Apical,4,Lateral,2,Non-diseased,MCMC,0.005556,,0.047349,0.542020,0.542020,1.000000,0.005556
MI_2,MI Moderate (μ=2.0),92,Apical,4,Septal,3,Non-diseased,Point Estimate,0.040397,0.200864,0.200864,,0.000000,,0.040397
MI_2,MI Moderate (μ=2.0),92,Apical,4,Septal,3,Non-diseased,MCMC,0.022831,,0.093263,0.995495,0.995495,1.000000,0.022831
MI_2,MI Moderate (μ=2.0),92,Apical,4,Apical,4,Diseased,Point Estimate,0.009552,0.097245,0.097245,,0.000000,,0.009552
MI_2,MI Moderate (μ=2.0),92,Apical,4,Apical,4,Diseased,MCMC,0.003341,,0.065996,1.046657,1.046657,1.000000,0.003341
MI_2,MI Moderate (μ=2.0),93,Apical,4,Anterior,0,Non-diseased,Point Estimate,0.001215,0.034751,0.034751,,0.000000,,0.001215
MI_2,MI Moderate (μ=2.0),93,Apical,4,Anterior,0,Non-diseased,MCMC,0.023815,,0.089030,0.737668,0.737668,1.000000,0.023815
MI_2,MI Moderate (μ=2.0),93,Apical,4,Inferior,1,Non-diseased,Point Estimate,0.239760,0.489533,0.489533,,0.000000,,0.239760
MI_2,MI Moderate (μ=2.0),93,Apical,4,Inferior,1,Non-diseased,MCMC,0.294769,,0.361522,1.023322,1.023322,1.000000,0.294769
MI_2,MI Moderate (μ=2.0),93,Apical,4,Lateral,2,Non-diseased,Point Estimate,0.027269,0.164992,0.164992,,0.000000,,0.027269
MI_2,MI Moderate (μ=2.0),93,Apical,4,Lateral,2,Non-diseased,MCMC,0.019999,,0.085286,0.552143,0.552143,1.000000,0.019999
MI_2,MI Moderate (μ=2.0),93,Apical,4,Septal,3,Non-diseased,Point Estimate,0.007011,0.080431,0.080431,,0.000000,,0.007011
MI_2,MI Moderate (μ=2.0),93,Apical,4,Septal,3,Non-diseased,MCMC,0.070820,,0.159409,1.137606,1.137606,1.000000,0.070820
MI_2,MI Moderate (μ=2.0),93,Apical,4,Apical,4,Diseased,Point Estimate,0.000089,0.008860,0.008860,,0.000000,,0.000089
MI_2,MI Moderate (μ=2.0),93,Apical,4,Apical,4,Diseased,MCMC,0.002329,,0.033415,0.397220,0.397220,1.000000,0.002329
MI_2,MI Moderate (μ=2.0),94,Apical,4,Anterior,0,Non-diseased,Point Estimate,0.008222,0.090037,0.090037,,0.000000,,0.008222
MI_2,MI Moderate (μ=2.0),94,Apical,4,Anterior,0,Non-diseased,MCMC,0.002185,,0.054397,0.811414,0.811414,1.000000,0.002185
MI_2,MI Moderate (μ=2.0),94,Apical,4,Inferior,1,Non-diseased,Point Estimate,0.113215,0.336400,0.336400,,0.000000,,0.113215
MI_2,MI Moderate (μ=2.0),94,Apical,4,Inferior,1,Non-diseased,MCMC,0.084542,,0.169580,1.419397,1.419397,1.000000,0.084542
MI_2,MI Moderate (μ=2.0),94,Apical,4,Lateral,2,Non-diseased,Point Estimate,0.020553,0.142908,0.142908,,0.000000,,0.020553
MI_2,MI Moderate (μ=2.0),94,Apical,4,Lateral,2,Non-diseased,MCMC,0.001961,,0.044450,0.669080,0.669080,1.000000,0.001961
MI_2,MI Moderate (μ=2.0),94,Apical,4,Septal,3,Non-diseased,Point Estimate,0.023580,0.152203,0.152203,,0.000000,,0.023580
MI_2,MI Moderate (μ=2.0),94,Apical,4,Septal,3,Non-diseased,MCMC,0.012167,,0.081018,0.980369,0.980369,1.000000,0.012167
MI_2,MI Moderate (μ=2.0),94,Apical,4,Apical,4,Diseased,Point Estimate,0.004914,0.070081,0.070081,,0.000000,,0.004914
MI_2,MI Moderate (μ=2.0),94,Apical,4,Apical,4,Diseased,MCMC,0.009063,,0.078578,1.073253,1.073253,1.000000,0.009063
MI_2,MI Moderate (μ=2.0),95,Apical,4,Anterior,0,Non-diseased,Point Estimate,0.002201,0.046886,0.046886,,0.000000,,0.002201
MI_2,MI Moderate (μ=2.0),95,Apical,4,Anterior,0,Non-diseased,MCMC,0.011443,,0.066052,0.723125,0.723125,1.000000,0.011443
MI_2,MI Moderate (μ=2.0),95,Apical,4,Inferior,1,Non-diseased,Point Estimate,0.010482,0.101597,0.101597,,0.000000,,0.010482
MI_2,MI Moderate (μ=2.0),95,Apical,4,Inferior,1,Non-diseased,MCMC,0.122964,,0.204388,1.315096,1.315096,1.000000,0.122964
MI_2,MI Moderate (μ=2.0),95,Apical,4,Lateral,2,Non-diseased,Point Estimate,0.004839,0.067633,0.067633,,0.000000,,0.004839
MI_2,MI Moderate (μ=2.0),95,Apical,4,Lateral,2,Non-diseased,MCMC,0.001853,,0.035943,0.498346,0.498346,1.000000,0.001853
MI_2,MI Moderate (μ=2.0),95,Apical,4,Septal,3,Non-diseased,Point Estimate,0.012248,0.110352,0.110352,,0.000000,,0.012248
MI_2,MI Moderate (μ=2.0),95,Apical,4,Septal,3,Non-diseased,MCMC,0.072108,,0.160616,1.236225,1.236225,1.000000,0.072108
MI_2,MI Moderate (μ=2.0),95,Apical,4,Apical,4,Diseased,Point Estimate,0.000553,0.023304,0.023304,,0.000000,,0.000553
MI_2,MI Moderate (μ=2.0),95,Apical,4,Apical,4,Diseased,MCMC,0.001004,,0.046232,0.736433,0.736433,1.000000,0.001004
MI_2,MI Moderate (μ=2.0),96,Apical,4,Anterior,0,Non-diseased,Point Estimate,0.010357,0.101769,0.101769,,0.000000,,0.010357
MI_2,MI Moderate (μ=2.0),96,Apical,4,Anterior,0,Non-diseased,MCMC,0.006703,,0.060976,0.797727,0.797727,1.000000,0.006703
MI_2,MI Moderate (μ=2.0),96,Apical,4,Inferior,1,Non-diseased,Point Estimate,0.018795,0.136856,0.136856,,0.000000,,0.018795
MI_2,MI Moderate (μ=2.0),96,Apical,4,Inferior,1,Non-diseased,MCMC,0.132756,,0.207258,1.385368,1.385368,1.000000,0.132756
MI_2,MI Moderate (μ=2.0),96,Apical,4,Lateral,2,Non-diseased,Point Estimate,0.004895,0.068163,0.068163,,0.000000,,0.004895
MI_2,MI Moderate (μ=2.0),96,Apical,4,Lateral,2,Non-diseased,MCMC,0.003253,,0.040369,0.499237,0.499237,1.000000,0.003253
MI_2,MI Moderate (μ=2.0),96,Apical,4,Septal,3,Non-diseased,Point Estimate,0.021803,0.147520,0.147520,,0.000000,,0.021803
MI_2,MI Moderate (μ=2.0),96,Apical,4,Septal,3,Non-diseased,MCMC,0.044361,,0.130989,1.136841,1.136841,1.000000,0.044361
MI_2,MI Moderate (μ=2.0),96,Apical,4,Apical,4,Diseased,Point Estimate,0.005677,0.074849,0.074849,,0.000000,,0.005677
MI_2,MI Moderate (μ=2.0),96,Apical,4,Apical,4,Diseased,MCMC,0.000077,,0.052149,0.903129,0.903129,1.000000,0.000077
MI_2,MI Moderate (μ=2.0),97,Apical,4,Anterior,0,Non-diseased,Point Estimate,0.001287,0.035734,0.035734,,0.000000,,0.001287
MI_2,MI Moderate (μ=2.0),97,Apical,4,Anterior,0,Non-diseased,MCMC,0.009305,,0.062322,0.702146,0.702146,1.000000,0.009305
MI_2,MI Moderate (μ=2.0),97,Apical,4,Inferior,1,Non-diseased,Point Estimate,0.090380,0.299848,0.299848,,0.000000,,0.090380
MI_2,MI Moderate (μ=2.0),97,Apical,4,Inferior,1,Non-diseased,MCMC,0.077473,,0.163145,1.336334,1.336334,1.000000,0.077473
MI_2,MI Moderate (μ=2.0),97,Apical,4,Lateral,2,Non-diseased,Point Estimate,0.027609,0.165781,0.165781,,0.000000,,0.027609
MI_2,MI Moderate (μ=2.0),97,Apical,4,Lateral,2,Non-diseased,MCMC,0.004779,,0.048755,0.618203,0.618203,1.000000,0.004779
MI_2,MI Moderate (μ=2.0),97,Apical,4,Septal,3,Non-diseased,Point Estimate,0.001481,0.036952,0.036952,,0.000000,,0.001481
MI_2,MI Moderate (μ=2.0),97,Apical,4,Septal,3,Non-diseased,MCMC,0.029693,,0.111477,1.118840,1.118840,1.000000,0.029693
MI_2,MI Moderate (μ=2.0),97,Apical,4,Apical,4,Diseased,Point Estimate,0.008487,0.091240,0.091240,,0.000000,,0.008487
MI_2,MI Moderate (μ=2.0),97,Apical,4,Apical,4,Diseased,MCMC,0.004044,,0.071004,1.081432,1.081432,1.000000,0.004044
MI_2,MI Moderate (μ=2.0),98,Apical,4,Anterior,0,Non-diseased,Point Estimate,0.001305,0.036096,0.036096,,0.000000,,0.001305
MI_2,MI Moderate (μ=2.0),98,Apical,4,Anterior,0,Non-diseased,MCMC,0.009247,,0.062627,0.710130,0.710130,1.000000,0.009247
MI_2,MI Moderate (μ=2.0),98,Apical,4,Inferior,1,Non-diseased,Point Estimate,0.149695,0.386868,0.386868,,0.000000,,0.149695
MI_2,MI Moderate (μ=2.0),98,Apical,4,Inferior,1,Non-diseased,MCMC,0.124034,,0.198522,1.231771,1.231771,1.000000,0.124034
MI_2,MI Moderate (μ=2.0),98,Apical,4,Lateral,2,Non-diseased,Point Estimate,0.032974,0.181135,0.181135,,0.000000,,0.032974
MI_2,MI Moderate (μ=2.0),98,Apical,4,Lateral,2,Non-diseased,MCMC,0.007181,,0.052674,0.545469,0.545469,1.000000,0.007181
MI_2,MI Moderate (μ=2.0),98,Apical,4,Septal,3,Non-diseased,Point Estimate,0.000037,0.005160,0.005160,,0.000000,,0.000037
MI_2,MI Moderate (μ=2.0),98,Apical,4,Septal,3,Non-diseased,MCMC,0.030510,,0.120937,1.130751,1.130751,1.000000,0.030510
MI_2,MI Moderate (μ=2.0),98,Apical,4,Apical,4,Diseased,Point Estimate,0.003780,0.061441,0.061441,,0.000000,,0.003780
MI_2,MI Moderate (μ=2.0),98,Apical,4,Apical,4,Diseased,MCMC,0.008238,,0.080249,1.178868,1.178868,1.000000,0.008238
MI_2,MI Moderate (μ=2.0),99,Apical,4,Anterior,0,Non-diseased,Point Estimate,0.009500,0.097421,0.097421,,0.000000,,0.009500
MI_2,MI Moderate (μ=2.0),99,Apical,4,Anterior,0,Non-diseased,MCMC,0.004962,,0.061553,0.830271,0.830271,1.000000,0.004962
MI_2,MI Moderate (μ=2.0),99,Apical,4,Inferior,1,Non-diseased,Point Estimate,0.002921,0.052748,0.052748,,0.000000,,0.002921
MI_2,MI Moderate (μ=2.0),99,Apical,4,Inferior,1,Non-diseased,MCMC,0.061720,,0.149788,1.333707,1.333707,1.000000,0.061720
MI_2,MI Moderate (μ=2.0),99,Apical,4,Lateral,2,Non-diseased,Point Estimate,0.007234,0.083780,0.083780,,0.000000,,0.007234
MI_2,MI Moderate (μ=2.0),99,Apical,4,Lateral,2,Non-diseased,MCMC,0.002507,,0.040709,0.605382,0.605382,1.000000,0.002507
MI_2,MI Moderate (μ=2.0),99,Apical,4,Septal,3,Non-diseased,Point Estimate,0.011150,0.105364,0.105364,,0.000000,,0.011150
MI_2,MI Moderate (μ=2.0),99,Apical,4,Septal,3,Non-diseased,MCMC,0.017786,,0.091048,1.016603,1.016603,1.000000,0.017786
MI_2,MI Moderate (μ=2.0),99,Apical,4,Apical,4,Diseased,Point Estimate,0.000904,0.029137,0.029137,,0.000000,,0.000904
MI_2,MI Moderate (μ=2.0),99,Apical,4,Apical,4,Diseased,MCMC,0.008605,,0.079886,1.103658,1.103658,1.000000,0.008605
MI_3,MI Severe (μ=3.0),0,Anterior,0,Anterior,0,Diseased,Point Estimate,0.006066,0.063432,0.063432,,0.000000,,0.006066
MI_3,MI Severe (μ=3.0),0,Anterior,0,Anterior,0,Diseased,MCMC,0.014030,,0.139199,2.278819,2.278819,1.000000,0.014030
MI_3,MI Severe (μ=3.0),0,Anterior,0,Inferior,1,Non-diseased,Point Estimate,0.044320,0.210186,0.210186,,0.000000,,0.044320
MI_3,MI Severe (μ=3.0),0,Anterior,0,Inferior,1,Non-diseased,MCMC,0.279522,,0.335167,1.305877,1.305877,1.000000,0.279522
MI_3,MI Severe (μ=3.0),0,Anterior,0,Lateral,2,Non-diseased,Point Estimate,0.005280,0.072653,0.072653,,0.000000,,0.005280
MI_3,MI Severe (μ=3.0),0,Anterior,0,Lateral,2,Non-diseased,MCMC,0.000205,,0.031288,0.526190,0.526190,1.000000,0.000205
MI_3,MI Severe (μ=3.0),0,Anterior,0,Septal,3,Non-diseased,Point Estimate,0.015231,0.117813,0.117813,,0.000000,,0.015231
MI_3,MI Severe (μ=3.0),0,Anterior,0,Septal,3,Non-diseased,MCMC,0.010447,,0.084173,1.182754,1.182754,1.000000,0.010447
MI_3,MI Severe (μ=3.0),0,Anterior,0,Apical,4,Non-diseased,Point Estimate,0.001841,0.042467,0.042467,,0.000000,,0.001841
MI_3,MI Severe (μ=3.0),0,Anterior,0,Apical,4,Non-diseased,MCMC,0.012132,,0.070686,0.390086,0.390086,1.000000,0.012132
MI_3,MI Severe (μ=3.0),1,Anterior,0,Anterior,0,Diseased,Point Estimate,0.000664,0.025297,0.025297,,0.000000,,0.000664
MI_3,MI Severe (μ=3.0),1,Anterior,0,Anterior,0,Diseased,MCMC,0.006478,,0.132238,2.151850,2.151850,1.000000,0.006478
MI_3,MI Severe (μ=3.0),1,Anterior,0,Inferior,1,Non-diseased,Point Estimate,0.030630,0.173290,0.173290,,0.000000,,0.030630
MI_3,MI Severe (μ=3.0),1,Anterior,0,Inferior,1,Non-diseased,MCMC,0.171822,,0.258826,1.078805,1.078805,1.000000,0.171822
MI_3,MI Severe (μ=3.0),1,Anterior,0,Lateral,2,Non-diseased,Point Estimate,0.000165,0.012115,0.012115,,0.000000,,0.000165
MI_3,MI Severe (μ=3.0),1,Anterior,0,Lateral,2,Non-diseased,MCMC,0.000438,,0.036222,0.583207,0.583207,1.000000,0.000438
MI_3,MI Severe (μ=3.0),1,Anterior,0,Septal,3,Non-diseased,Point Estimate,0.004502,0.065832,0.065832,,0.000000,,0.004502
MI_3,MI Severe (μ=3.0),1,Anterior,0,Septal,3,Non-diseased,MCMC,0.006815,,0.085477,1.370961,1.370961,1.000000,0.006815
MI_3,MI Severe (μ=3.0),1,Anterior,0,Apical,4,Non-diseased,Point Estimate,0.011234,0.105992,0.105992,,0.000000,,0.011234
MI_3,MI Severe (μ=3.0),1,Anterior,0,Apical,4,Non-diseased,MCMC,0.002045,,0.032696,0.459914,0.459914,1.000000,0.002045
MI_3,MI Severe (μ=3.0),2,Anterior,0,Anterior,0,Diseased,Point Estimate,0.111142,0.330977,0.330977,,0.000000,,0.111142
MI_3,MI Severe (μ=3.0),2,Anterior,0,Anterior,0,Diseased,MCMC,0.007866,,0.150395,2.369567,2.369567,1.000000,0.007866
MI_3,MI Severe (μ=3.0),2,Anterior,0,Inferior,1,Non-diseased,Point Estimate,0.034997,0.186793,0.186793,,0.000000,,0.034997
MI_3,MI Severe (μ=3.0),2,Anterior,0,Inferior,1,Non-diseased,MCMC,0.189412,,0.255671,1.339792,1.339792,1.000000,0.189412
MI_3,MI Severe (μ=3.0),2,Anterior,0,Lateral,2,Non-diseased,Point Estimate,0.004926,0.070114,0.070114,,0.000000,,0.004926
MI_3,MI Severe (μ=3.0),2,Anterior,0,Lateral,2,Non-diseased,MCMC,0.000526,,0.039426,0.678465,0.678465,1.000000,0.000526
MI_3,MI Severe (μ=3.0),2,Anterior,0,Septal,3,Non-diseased,Point Estimate,0.007661,0.081330,0.081330,,0.000000,,0.007661
MI_3,MI Severe (μ=3.0),2,Anterior,0,Septal,3,Non-diseased,MCMC,0.002187,,0.067285,1.071540,1.071540,1.000000,0.002187
MI_3,MI Severe (μ=3.0),2,Anterior,0,Apical,4,Non-diseased,Point Estimate,0.006117,0.078184,0.078184,,0.000000,,0.006117
MI_3,MI Severe (μ=3.0),2,Anterior,0,Apical,4,Non-diseased,MCMC,0.003033,,0.038004,0.503019,0.503019,1.000000,0.003033
MI_3,MI Severe (μ=3.0),3,Anterior,0,Anterior,0,Diseased,Point Estimate,0.647524,0.797568,0.797568,,0.000000,,0.647524
MI_3,MI Severe (μ=3.0),3,Anterior,0,Anterior,0,Diseased,MCMC,0.064357,,0.203588,2.453276,2.453276,1.000000,0.064357
MI_3,MI Severe (μ=3.0),3,Anterior,0,Inferior,1,Non-diseased,Point Estimate,0.077146,0.275548,0.275548,,0.000000,,0.077146
MI_3,MI Severe (μ=3.0),3,Anterior,0,Inferior,1,Non-diseased,MCMC,0.247808,,0.306808,1.268498,1.268498,1.000000,0.247808
MI_3,MI Severe (μ=3.0),3,Anterior,0,Lateral,2,Non-diseased,Point Estimate,0.007166,0.083909,0.083909,,0.000000,,0.007166
MI_3,MI Severe (μ=3.0),3,Anterior,0,Lateral,2,Non-diseased,MCMC,0.000480,,0.041103,0.684502,0.684502,1.000000,0.000480
MI_3,MI Severe (μ=3.0),3,Anterior,0,Septal,3,Non-diseased,Point Estimate,0.001149,0.033890,0.033890,,0.000000,,0.001149
MI_3,MI Severe (μ=3.0),3,Anterior,0,Septal,3,Non-diseased,MCMC,0.005435,,0.081104,1.148976,1.148976,1.000000,0.005435
MI_3,MI Severe (μ=3.0),3,Anterior,0,Apical,4,Non-diseased,Point Estimate,0.009438,0.096945,0.096945,,0.000000,,0.009438
MI_3,MI Severe (μ=3.0),3,Anterior,0,Apical,4,Non-diseased,MCMC,0.002852,,0.035343,0.455045,0.455045,1.000000,0.002852
MI_3,MI Severe (μ=3.0),4,Anterior,0,Anterior,0,Diseased,Point Estimate,0.001820,0.035748,0.035748,,0.000000,,0.001820
MI_3,MI Severe (μ=3.0),4,Anterior,0,Anterior,0,Diseased,MCMC,0.002795,,0.132980,2.127371,2.127371,1.000000,0.002795
MI_3,MI Severe (μ=3.0),4,Anterior,0,Inferior,1,Non-diseased,Point Estimate,0.016338,0.122410,0.122410,,0.000000,,0.016338
MI_3,MI Severe (μ=3.0),4,Anterior,0,Inferior,1,Non-diseased,MCMC,0.222908,,0.298897,1.260107,1.260107,1.000000,0.222908
MI_3,MI Severe (μ=3.0),4,Anterior,0,Lateral,2,Non-diseased,Point Estimate,0.000050,0.006891,0.006891,,0.000000,,0.000050
MI_3,MI Severe (μ=3.0),4,Anterior,0,Lateral,2,Non-diseased,MCMC,0.002050,,0.045460,0.677926,0.677926,1.000000,0.002050
MI_3,MI Severe (μ=3.0),4,Anterior,0,Septal,3,Non-diseased,Point Estimate,0.011342,0.104472,0.104472,,0.000000,,0.011342
MI_3,MI Severe (μ=3.0),4,Anterior,0,Septal,3,Non-diseased,MCMC,0.007367,,0.081743,1.229322,1.229322,1.000000,0.007367
MI_3,MI Severe (μ=3.0),4,Anterior,0,Apical,4,Non-diseased,Point Estimate,0.005815,0.076256,0.076256,,0.000000,,0.005815
MI_3,MI Severe (μ=3.0),4,Anterior,0,Apical,4,Non-diseased,MCMC,0.005882,,0.048007,0.408348,0.408348,1.000000,0.005882
MI_3,MI Severe (μ=3.0),5,Anterior,0,Anterior,0,Diseased,Point Estimate,0.169411,0.407167,0.407167,,0.000000,,0.169411
MI_3,MI Severe (μ=3.0),5,Anterior,0,Anterior,0,Diseased,MCMC,0.027392,,0.170433,2.493866,2.493866,1.000000,0.027392
MI_3,MI Severe (μ=3.0),5,Anterior,0,Inferior,1,Non-diseased,Point Estimate,0.003928,0.057332,0.057332,,0.000000,,0.003928
MI_3,MI Severe (μ=3.0),5,Anterior,0,Inferior,1,Non-diseased,MCMC,0.183631,,0.259988,1.359989,1.359989,1.000000,0.183631
MI_3,MI Severe (μ=3.0),5,Anterior,0,Lateral,2,Non-diseased,Point Estimate,0.000235,0.014511,0.014511,,0.000000,,0.000235
MI_3,MI Severe (μ=3.0),5,Anterior,0,Lateral,2,Non-diseased,MCMC,0.000147,,0.037420,0.643108,0.643108,1.000000,0.000147
MI_3,MI Severe (μ=3.0),5,Anterior,0,Septal,3,Non-diseased,Point Estimate,0.004225,0.060468,0.060468,,0.000000,,0.004225
MI_3,MI Severe (μ=3.0),5,Anterior,0,Septal,3,Non-diseased,MCMC,0.006247,,0.080877,1.253102,1.253102,1.000000,0.006247
MI_3,MI Severe (μ=3.0),5,Anterior,0,Apical,4,Non-diseased,Point Estimate,0.010928,0.104502,0.104502,,0.000000,,0.010928
MI_3,MI Severe (μ=3.0),5,Anterior,0,Apical,4,Non-diseased,MCMC,0.004271,,0.041123,0.491527,0.491527,1.000000,0.004271
MI_3,MI Severe (μ=3.0),6,Anterior,0,Anterior,0,Diseased,Point Estimate,0.017460,0.123947,0.123947,,0.000000,,0.017460
MI_3,MI Severe (μ=3.0),6,Anterior,0,Anterior,0,Diseased,MCMC,0.001765,,0.128399,2.148587,2.148587,1.000000,0.001765
MI_3,MI Severe (μ=3.0),6,Anterior,0,Inferior,1,Non-diseased,Point Estimate,0.061741,0.247256,0.247256,,0.000000,,0.061741
MI_3,MI Severe (μ=3.0),6,Anterior,0,Inferior,1,Non-diseased,MCMC,0.239357,,0.312648,1.162788,1.162788,1.000000,0.239357
MI_3,MI Severe (μ=3.0),6,Anterior,0,Lateral,2,Non-diseased,Point Estimate,0.002300,0.047954,0.047954,,0.000000,,0.002300
MI_3,MI Severe (μ=3.0),6,Anterior,0,Lateral,2,Non-diseased,MCMC,0.000239,,0.040922,0.684936,0.684936,1.000000,0.000239
MI_3,MI Severe (μ=3.0),6,Anterior,0,Septal,3,Non-diseased,Point Estimate,0.008439,0.090937,0.090937,,0.000000,,0.008439
MI_3,MI Severe (μ=3.0),6,Anterior,0,Septal,3,Non-diseased,MCMC,0.002784,,0.063373,1.107497,1.107497,1.000000,0.002784
MI_3,MI Severe (μ=3.0),6,Anterior,0,Apical,4,Non-diseased,Point Estimate,0.011649,0.107912,0.107912,,0.000000,,0.011649
MI_3,MI Severe (μ=3.0),6,Anterior,0,Apical,4,Non-diseased,MCMC,0.007306,,0.049921,0.465908,0.465908,1.000000,0.007306
MI_3,MI Severe (μ=3.0),7,Anterior,0,Anterior,0,Diseased,Point Estimate,0.002222,0.036751,0.036751,,0.000000,,0.002222
MI_3,MI Severe (μ=3.0),7,Anterior,0,Anterior,0,Diseased,MCMC,0.004077,,0.129202,2.134453,2.134453,1.000000,0.004077
MI_3,MI Severe (μ=3.0),7,Anterior,0,Inferior,1,Non-diseased,Point Estimate,0.068910,0.262496,0.262496,,0.000000,,0.068910
MI_3,MI Severe (μ=3.0),7,Anterior,0,Inferior,1,Non-diseased,MCMC,0.213980,,0.279545,1.223262,1.223262,1.000000,0.213980
MI_3,MI Severe (μ=3.0),7,Anterior,0,Lateral,2,Non-diseased,Point Estimate,0.006835,0.082640,0.082640,,0.000000,,0.006835
MI_3,MI Severe (μ=3.0),7,Anterior,0,Lateral,2,Non-diseased,MCMC,0.000758,,0.034339,0.540806,0.540806,1.000000,0.000758
MI_3,MI Severe (μ=3.0),7,Anterior,0,Septal,3,Non-diseased,Point Estimate,0.015669,0.118076,0.118076,,0.000000,,0.015669
MI_3,MI Severe (μ=3.0),7,Anterior,0,Septal,3,Non-diseased,MCMC,0.000894,,0.061932,1.051429,1.051429,1.000000,0.000894
MI_3,MI Severe (μ=3.0),7,Anterior,0,Apical,4,Non-diseased,Point Estimate,0.003314,0.057545,0.057545,,0.000000,,0.003314
MI_3,MI Severe (μ=3.0),7,Anterior,0,Apical,4,Non-diseased,MCMC,0.003721,,0.039826,0.491362,0.491362,1.000000,0.003721
MI_3,MI Severe (μ=3.0),8,Anterior,0,Anterior,0,Diseased,Point Estimate,0.006772,0.078080,0.078080,,0.000000,,0.006772
MI_3,MI Severe (μ=3.0),8,Anterior,0,Anterior,0,Diseased,MCMC,0.003000,,0.124835,1.968352,1.968352,1.000000,0.003000
MI_3,MI Severe (μ=3.0),8,Anterior,0,Inferior,1,Non-diseased,Point Estimate,0.069244,0.261976,0.261976,,0.000000,,0.069244
MI_3,MI Severe (μ=3.0),8,Anterior,0,Inferior,1,Non-diseased,MCMC,0.341152,,0.413093,2.730150,1.062201,0.000000,0.341152
MI_3,MI Severe (μ=3.0),8,Anterior,0,Lateral,2,Non-diseased,Point Estimate,0.001836,0.042709,0.042709,,0.000000,,0.001836
MI_3,MI Severe (μ=3.0),8,Anterior,0,Lateral,2,Non-diseased,MCMC,0.000214,,0.034786,0.561516,0.561516,1.000000,0.000214
MI_3,MI Severe (μ=3.0),8,Anterior,0,Septal,3,Non-diseased,Point Estimate,0.006268,0.078535,0.078535,,0.000000,,0.006268
MI_3,MI Severe (μ=3.0),8,Anterior,0,Septal,3,Non-diseased,MCMC,0.014672,,0.088594,1.018682,1.018682,1.000000,0.014672
MI_3,MI Severe (μ=3.0),8,Anterior,0,Apical,4,Non-diseased,Point Estimate,0.005586,0.074739,0.074739,,0.000000,,0.005586
MI_3,MI Severe (μ=3.0),8,Anterior,0,Apical,4,Non-diseased,MCMC,0.015258,,0.078135,0.371489,0.371489,1.000000,0.015258
MI_3,MI Severe (μ=3.0),9,Anterior,0,Anterior,0,Diseased,Point Estimate,0.003320,0.046367,0.046367,,0.000000,,0.003320
MI_3,MI Severe (μ=3.0),9,Anterior,0,Anterior,0,Diseased,MCMC,0.003963,,0.128221,1.986614,1.986614,1.000000,0.003963
MI_3,MI Severe (μ=3.0),9,Anterior,0,Inferior,1,Non-diseased,Point Estimate,0.033958,0.184180,0.184180,,0.000000,,0.033958
MI_3,MI Severe (μ=3.0),9,Anterior,0,Inferior,1,Non-diseased,MCMC,0.202144,,0.281809,1.209577,1.209577,1.000000,0.202144
MI_3,MI Severe (μ=3.0),9,Anterior,0,Lateral,2,Non-diseased,Point Estimate,0.005912,0.076829,0.076829,,0.000000,,0.005912
MI_3,MI Severe (μ=3.0),9,Anterior,0,Lateral,2,Non-diseased,MCMC,0.000237,,0.039160,0.662799,0.662799,1.000000,0.000237
MI_3,MI Severe (μ=3.0),9,Anterior,0,Septal,3,Non-diseased,Point Estimate,0.007633,0.082789,0.082789,,0.000000,,0.007633
MI_3,MI Severe (μ=3.0),9,Anterior,0,Septal,3,Non-diseased,MCMC,0.007317,,0.082005,1.200159,1.200159,1.000000,0.007317
MI_3,MI Severe (μ=3.0),9,Anterior,0,Apical,4,Non-diseased,Point Estimate,0.001538,0.039043,0.039043,,0.000000,,0.001538
MI_3,MI Severe (μ=3.0),9,Anterior,0,Apical,4,Non-diseased,MCMC,0.002953,,0.036066,0.421974,0.421974,1.000000,0.002953
MI_3,MI Severe (μ=3.0),10,Anterior,0,Anterior,0,Diseased,Point Estimate,0.035766,0.181099,0.181099,,0.000000,,0.035766
MI_3,MI Severe (μ=3.0),10,Anterior,0,Anterior,0,Diseased,MCMC,0.001240,,0.113521,1.796223,1.796223,1.000000,0.001240
MI_3,MI Severe (μ=3.0),10,Anterior,0,Inferior,1,Non-diseased,Point Estimate,0.016369,0.125587,0.125587,,0.000000,,0.016369
MI_3,MI Severe (μ=3.0),10,Anterior,0,Inferior,1,Non-diseased,MCMC,0.200185,,0.285207,1.063719,1.063719,1.000000,0.200185
MI_3,MI Severe (μ=3.0),10,Anterior,0,Lateral,2,Non-diseased,Point Estimate,0.000041,0.006367,0.006367,,0.000000,,0.000041
MI_3,MI Severe (μ=3.0),10,Anterior,0,Lateral,2,Non-diseased,MCMC,0.000277,,0.033802,0.588191,0.588191,1.000000,0.000277
MI_3,MI Severe (μ=3.0),10,Anterior,0,Septal,3,Non-diseased,Point Estimate,0.009653,0.097052,0.097052,,0.000000,,0.009653
MI_3,MI Severe (μ=3.0),10,Anterior,0,Septal,3,Non-diseased,MCMC,0.014495,,0.091612,1.192457,1.192457,1.000000,0.014495
MI_3,MI Severe (μ=3.0),10,Anterior,0,Apical,4,Non-diseased,Point Estimate,0.002295,0.047858,0.047858,,0.000000,,0.002295
MI_3,MI Severe (μ=3.0),10,Anterior,0,Apical,4,Non-diseased,MCMC,0.004742,,0.043116,0.398830,0.398830,1.000000,0.004742
MI_3,MI Severe (μ=3.0),11,Anterior,0,Anterior,0,Diseased,Point Estimate,1.011118,0.987195,0.987195,,0.000000,,1.011118
MI_3,MI Severe (μ=3.0),11,Anterior,0,Anterior,0,Diseased,MCMC,0.010051,,0.149218,2.392051,2.392051,1.000000,0.010051
MI_3,MI Severe (μ=3.0),11,Anterior,0,Inferior,1,Non-diseased,Point Estimate,0.065665,0.254634,0.254634,,0.000000,,0.065665
MI_3,MI Severe (μ=3.0),11,Anterior,0,Inferior,1,Non-diseased,MCMC,0.290540,,0.338351,1.250832,1.250832,1.000000,0.290540
MI_3,MI Severe (μ=3.0),11,Anterior,0,Lateral,2,Non-diseased,Point Estimate,0.005171,0.070836,0.070836,,0.000000,,0.005171
MI_3,MI Severe (μ=3.0),11,Anterior,0,Lateral,2,Non-diseased,MCMC,0.001448,,0.040444,0.623806,0.623806,1.000000,0.001448
MI_3,MI Severe (μ=3.0),11,Anterior,0,Septal,3,Non-diseased,Point Estimate,0.008768,0.093394,0.093394,,0.000000,,0.008768
MI_3,MI Severe (μ=3.0),11,Anterior,0,Septal,3,Non-diseased,MCMC,0.005544,,0.067419,1.030203,1.030203,1.000000,0.005544
MI_3,MI Severe (μ=3.0),11,Anterior,0,Apical,4,Non-diseased,Point Estimate,0.011088,0.104976,0.104976,,0.000000,,0.011088
MI_3,MI Severe (μ=3.0),11,Anterior,0,Apical,4,Non-diseased,MCMC,0.006741,,0.048478,0.418082,0.418082,1.000000,0.006741
MI_3,MI Severe (μ=3.0),12,Anterior,0,Anterior,0,Diseased,Point Estimate,0.008572,0.071027,0.071027,,0.000000,,0.008572
MI_3,MI Severe (μ=3.0),12,Anterior,0,Anterior,0,Diseased,MCMC,0.002516,,0.106471,1.724892,1.724892,1.000000,0.002516
MI_3,MI Severe (μ=3.0),12,Anterior,0,Inferior,1,Non-diseased,Point Estimate,0.079263,0.281477,0.281477,,0.000000,,0.079263
MI_3,MI Severe (μ=3.0),12,Anterior,0,Inferior,1,Non-diseased,MCMC,0.245890,,0.296091,1.221612,1.221612,1.000000,0.245890
MI_3,MI Severe (μ=3.0),12,Anterior,0,Lateral,2,Non-diseased,Point Estimate,0.005180,0.071855,0.071855,,0.000000,,0.005180
MI_3,MI Severe (μ=3.0),12,Anterior,0,Lateral,2,Non-diseased,MCMC,0.000539,,0.033322,0.558176,0.558176,1.000000,0.000539
MI_3,MI Severe (μ=3.0),12,Anterior,0,Septal,3,Non-diseased,Point Estimate,0.010403,0.096718,0.096718,,0.000000,,0.010403
MI_3,MI Severe (μ=3.0),12,Anterior,0,Septal,3,Non-diseased,MCMC,0.003924,,0.062731,0.964550,0.964550,1.000000,0.003924
MI_3,MI Severe (μ=3.0),12,Anterior,0,Apical,4,Non-diseased,Point Estimate,0.002702,0.051979,0.051979,,0.000000,,0.002702
MI_3,MI Severe (μ=3.0),12,Anterior,0,Apical,4,Non-diseased,MCMC,0.008502,,0.056100,0.451194,0.451194,1.000000,0.008502
MI_3,MI Severe (μ=3.0),13,Anterior,0,Anterior,0,Diseased,Point Estimate,0.009494,0.093996,0.093996,,0.000000,,0.009494
MI_3,MI Severe (μ=3.0),13,Anterior,0,Anterior,0,Diseased,MCMC,0.021215,,0.159754,2.173790,2.173790,1.000000,0.021215
MI_3,MI Severe (μ=3.0),13,Anterior,0,Inferior,1,Non-diseased,Point Estimate,0.034372,0.181518,0.181518,,0.000000,,0.034372
MI_3,MI Severe (μ=3.0),13,Anterior,0,Inferior,1,Non-diseased,MCMC,0.307267,,0.375594,1.115762,1.115762,1.000000,0.307267
MI_3,MI Severe (μ=3.0),13,Anterior,0,Lateral,2,Non-diseased,Point Estimate,0.000181,0.013176,0.013176,,0.000000,,0.000181
MI_3,MI Severe (μ=3.0),13,Anterior,0,Lateral,2,Non-diseased,MCMC,0.000389,,0.036478,0.583951,0.583951,1.000000,0.000389
MI_3,MI Severe (μ=3.0),13,Anterior,0,Septal,3,Non-diseased,Point Estimate,0.011271,0.104250,0.104250,,0.000000,,0.011271
MI_3,MI Severe (μ=3.0),13,Anterior,0,Septal,3,Non-diseased,MCMC,0.023625,,0.108127,1.150890,1.150890,1.000000,0.023625
MI_3,MI Severe (μ=3.0),13,Anterior,0,Apical,4,Non-diseased,Point Estimate,0.006809,0.082500,0.082500,,0.000000,,0.006809
MI_3,MI Severe (μ=3.0),13,Anterior,0,Apical,4,Non-diseased,MCMC,0.009210,,0.059226,0.415485,0.415485,1.000000,0.009210
MI_3,MI Severe (μ=3.0),14,Anterior,0,Anterior,0,Diseased,Point Estimate,0.597037,0.767300,0.767300,,0.000000,,0.597037
MI_3,MI Severe (μ=3.0),14,Anterior,0,Anterior,0,Diseased,MCMC,0.083389,,0.209202,2.485235,2.485235,1.000000,0.083389
MI_3,MI Severe (μ=3.0),14,Anterior,0,Inferior,1,Non-diseased,Point Estimate,0.034990,0.184003,0.184003,,0.000000,,0.034990
MI_3,MI Severe (μ=3.0),14,Anterior,0,Inferior,1,Non-diseased,MCMC,0.297330,,0.361283,1.080158,1.080158,1.000000,0.297330
MI_3,MI Severe (μ=3.0),14,Anterior,0,Lateral,2,Non-diseased,Point Estimate,0.002623,0.050648,0.050648,,0.000000,,0.002623
MI_3,MI Severe (μ=3.0),14,Anterior,0,Lateral,2,Non-diseased,MCMC,0.000911,,0.036989,0.602559,0.602559,1.000000,0.000911
MI_3,MI Severe (μ=3.0),14,Anterior,0,Septal,3,Non-diseased,Point Estimate,0.001441,0.037849,0.037849,,0.000000,,0.001441
MI_3,MI Severe (μ=3.0),14,Anterior,0,Septal,3,Non-diseased,MCMC,0.014101,,0.089175,1.117600,1.117600,1.000000,0.014101
MI_3,MI Severe (μ=3.0),14,Anterior,0,Apical,4,Non-diseased,Point Estimate,0.007110,0.084177,0.084177,,0.000000,,0.007110
MI_3,MI Severe (μ=3.0),14,Anterior,0,Apical,4,Non-diseased,MCMC,0.010237,,0.062556,0.456778,0.456778,1.000000,0.010237
MI_3,MI Severe (μ=3.0),15,Anterior,0,Anterior,0,Diseased,Point Estimate,0.262286,0.510368,0.510368,,0.000000,,0.262286
MI_3,MI Severe (μ=3.0),15,Anterior,0,Anterior,0,Diseased,MCMC,0.036307,,0.169207,2.326954,2.326954,1.000000,0.036307
MI_3,MI Severe (μ=3.0),15,Anterior,0,Inferior,1,Non-diseased,Point Estimate,0.037616,0.191957,0.191957,,0.000000,,0.037616
MI_3,MI Severe (μ=3.0),15,Anterior,0,Inferior,1,Non-diseased,MCMC,0.165276,,0.243122,1.220542,1.220542,1.000000,0.165276
MI_3,MI Severe (μ=3.0),15,Anterior,0,Lateral,2,Non-diseased,Point Estimate,0.001293,0.035675,0.035675,,0.000000,,0.001293
MI_3,MI Severe (μ=3.0),15,Anterior,0,Lateral,2,Non-diseased,MCMC,0.000336,,0.040608,0.646908,0.646908,1.000000,0.000336
MI_3,MI Severe (μ=3.0),15,Anterior,0,Septal,3,Non-diseased,Point Estimate,0.000115,0.007716,0.007716,,0.000000,,0.000115
MI_3,MI Severe (μ=3.0),15,Anterior,0,Septal,3,Non-diseased,MCMC,0.003676,,0.075125,1.228397,1.228397,1.000000,0.003676
MI_3,MI Severe (μ=3.0),15,Anterior,0,Apical,4,Non-diseased,Point Estimate,0.010678,0.103325,0.103325,,0.000000,,0.010678
MI_3,MI Severe (μ=3.0),15,Anterior,0,Apical,4,Non-diseased,MCMC,0.000471,,0.029834,0.521505,0.521505,1.000000,0.000471
MI_3,MI Severe (μ=3.0),16,Anterior,0,Anterior,0,Diseased,Point Estimate,0.021990,0.146757,0.146757,,0.000000,,0.021990
MI_3,MI Severe (μ=3.0),16,Anterior,0,Anterior,0,Diseased,MCMC,0.012931,,0.151658,2.359017,2.359017,1.000000,0.012931
MI_3,MI Severe (μ=3.0),16,Anterior,0,Inferior,1,Non-diseased,Point Estimate,0.088616,0.296961,0.296961,,0.000000,,0.088616
MI_3,MI Severe (μ=3.0),16,Anterior,0,Inferior,1,Non-diseased,MCMC,0.264069,,0.344643,1.062231,1.062231,1.000000,0.264069
MI_3,MI Severe (μ=3.0),16,Anterior,0,Lateral,2,Non-diseased,Point Estimate,0.003392,0.057939,0.057939,,0.000000,,0.003392
MI_3,MI Severe (μ=3.0),16,Anterior,0,Lateral,2,Non-diseased,MCMC,0.000407,,0.037207,0.611253,0.611253,1.000000,0.000407
MI_3,MI Severe (μ=3.0),16,Anterior,0,Septal,3,Non-diseased,Point Estimate,0.010645,0.101412,0.101412,,0.000000,,0.010645
MI_3,MI Severe (μ=3.0),16,Anterior,0,Septal,3,Non-diseased,MCMC,0.005265,,0.071303,1.165114,1.165114,1.000000,0.005265
MI_3,MI Severe (μ=3.0),16,Anterior,0,Apical,4,Non-diseased,Point Estimate,0.019729,0.140125,0.140125,,0.000000,,0.019729
MI_3,MI Severe (μ=3.0),16,Anterior,0,Apical,4,Non-diseased,MCMC,0.004479,,0.040089,0.400238,0.400238,1.000000,0.004479
MI_3,MI Severe (μ=3.0),17,Anterior,0,Anterior,0,Diseased,Point Estimate,0.012283,0.096588,0.096588,,0.000000,,0.012283
MI_3,MI Severe (μ=3.0),17,Anterior,0,Anterior,0,Diseased,MCMC,0.001755,,0.109960,1.761599,1.761599,1.000000,0.001755
MI_3,MI Severe (μ=3.0),17,Anterior,0,Inferior,1,Non-diseased,Point Estimate,0.041807,0.204353,0.204353,,0.000000,,0.041807
MI_3,MI Severe (μ=3.0),17,Anterior,0,Inferior,1,Non-diseased,MCMC,0.169617,,0.253179,1.178499,1.178499,1.000000,0.169617
MI_3,MI Severe (μ=3.0),17,Anterior,0,Lateral,2,Non-diseased,Point Estimate,0.003940,0.062650,0.062650,,0.000000,,0.003940
MI_3,MI Severe (μ=3.0),17,Anterior,0,Lateral,2,Non-diseased,MCMC,0.000359,,0.035915,0.657846,0.657846,1.000000,0.000359
MI_3,MI Severe (μ=3.0),17,Anterior,0,Septal,3,Non-diseased,Point Estimate,0.019034,0.132578,0.132578,,0.000000,,0.019034
MI_3,MI Severe (μ=3.0),17,Anterior,0,Septal,3,Non-diseased,MCMC,0.005040,,0.068974,1.004344,1.004344,1.000000,0.005040
MI_3,MI Severe (μ=3.0),17,Anterior,0,Apical,4,Non-diseased,Point Estimate,0.002101,0.045838,0.045838,,0.000000,,0.002101
MI_3,MI Severe (μ=3.0),17,Anterior,0,Apical,4,Non-diseased,MCMC,0.005105,,0.043240,0.381436,0.381436,1.000000,0.005105
MI_3,MI Severe (μ=3.0),18,Anterior,0,Anterior,0,Diseased,Point Estimate,0.011775,0.105941,0.105941,,0.000000,,0.011775
MI_3,MI Severe (μ=3.0),18,Anterior,0,Anterior,0,Diseased,MCMC,0.020604,,0.164538,2.433665,2.433665,1.000000,0.020604
MI_3,MI Severe (μ=3.0),18,Anterior,0,Inferior,1,Non-diseased,Point Estimate,0.048700,0.220652,0.220652,,0.000000,,0.048700
MI_3,MI Severe (μ=3.0),18,Anterior,0,Inferior,1,Non-diseased,MCMC,0.227134,,0.293380,1.240411,1.240411,1.000000,0.227134
MI_3,MI Severe (μ=3.0),18,Anterior,0,Lateral,2,Non-diseased,Point Estimate,0.005554,0.074518,0.074518,,0.000000,,0.005554
MI_3,MI Severe (μ=3.0),18,Anterior,0,Lateral,2,Non-diseased,MCMC,0.000385,,0.036326,0.619241,0.619241,1.000000,0.000385
MI_3,MI Severe (μ=3.0),18,Anterior,0,Septal,3,Non-diseased,Point Estimate,0.007018,0.077651,0.077651,,0.000000,,0.007018
MI_3,MI Severe (μ=3.0),18,Anterior,0,Septal,3,Non-diseased,MCMC,0.007285,,0.082859,1.167131,1.167131,1.000000,0.007285
MI_3,MI Severe (μ=3.0),18,Anterior,0,Apical,4,Non-diseased,Point Estimate,0.003182,0.055897,0.055897,,0.000000,,0.003182
MI_3,MI Severe (μ=3.0),18,Anterior,0,Apical,4,Non-diseased,MCMC,0.005038,,0.043018,0.492597,0.492597,1.000000,0.005038
MI_3,MI Severe (μ=3.0),19,Anterior,0,Anterior,0,Diseased,Point Estimate,0.012711,0.105733,0.105733,,0.000000,,0.012711
MI_3,MI Severe (μ=3.0),19,Anterior,0,Anterior,0,Diseased,MCMC,0.009360,,0.147250,2.379388,2.379388,1.000000,0.009360
MI_3,MI Severe (μ=3.0),19,Anterior,0,Inferior,1,Non-diseased,Point Estimate,0.001757,0.032040,0.032040,,0.000000,,0.001757
MI_3,MI Severe (μ=3.0),19,Anterior,0,Inferior,1,Non-diseased,MCMC,0.246379,,0.319134,1.227591,1.227591,1.000000,0.246379
MI_3,MI Severe (μ=3.0),19,Anterior,0,Lateral,2,Non-diseased,Point Estimate,0.000983,0.031328,0.031328,,0.000000,,0.000983
MI_3,MI Severe (μ=3.0),19,Anterior,0,Lateral,2,Non-diseased,MCMC,0.000147,,0.036848,0.589606,0.589606,1.000000,0.000147
MI_3,MI Severe (μ=3.0),19,Anterior,0,Septal,3,Non-diseased,Point Estimate,0.006158,0.075701,0.075701,,0.000000,,0.006158
MI_3,MI Severe (μ=3.0),19,Anterior,0,Septal,3,Non-diseased,MCMC,0.007219,,0.088120,1.263439,1.263439,1.000000,0.007219
MI_3,MI Severe (μ=3.0),19,Anterior,0,Apical,4,Non-diseased,Point Estimate,0.003159,0.056040,0.056040,,0.000000,,0.003159
MI_3,MI Severe (μ=3.0),19,Anterior,0,Apical,4,Non-diseased,MCMC,0.007903,,0.052557,0.388993,0.388993,1.000000,0.007903
MI_3,MI Severe (μ=3.0),20,Inferior,1,Anterior,0,Non-diseased,Point Estimate,0.002834,0.052305,0.052305,,0.000000,,0.002834
MI_3,MI Severe (μ=3.0),20,Inferior,1,Anterior,0,Non-diseased,MCMC,0.005344,,0.053794,0.701190,0.701190,1.000000,0.005344
MI_3,MI Severe (μ=3.0),20,Inferior,1,Inferior,1,Diseased,Point Estimate,0.006787,0.063402,0.063402,,0.000000,,0.006787
MI_3,MI Severe (μ=3.0),20,Inferior,1,Inferior,1,Diseased,MCMC,0.004629,,0.131636,2.341160,2.341160,1.000000,0.004629
MI_3,MI Severe (μ=3.0),20,Inferior,1,Lateral,2,Non-diseased,Point Estimate,0.005491,0.073373,0.073373,,0.000000,,0.005491
MI_3,MI Severe (μ=3.0),20,Inferior,1,Lateral,2,Non-diseased,MCMC,0.000796,,0.031807,0.473905,0.473905,1.000000,0.000796
MI_3,MI Severe (μ=3.0),20,Inferior,1,Septal,3,Non-diseased,Point Estimate,0.003335,0.056719,0.056719,,0.000000,,0.003335
MI_3,MI Severe (μ=3.0),20,Inferior,1,Septal,3,Non-diseased,MCMC,0.014079,,0.079488,0.956687,0.956687,1.000000,0.014079
MI_3,MI Severe (μ=3.0),20,Inferior,1,Apical,4,Non-diseased,Point Estimate,0.000057,0.007356,0.007356,,0.000000,,0.000057
MI_3,MI Severe (μ=3.0),20,Inferior,1,Apical,4,Non-diseased,MCMC,0.001189,,0.031298,0.442728,0.442728,1.000000,0.001189
MI_3,MI Severe (μ=3.0),21,Inferior,1,Anterior,0,Non-diseased,Point Estimate,0.011494,0.107005,0.107005,,0.000000,,0.011494
MI_3,MI Severe (μ=3.0),21,Inferior,1,Anterior,0,Non-diseased,MCMC,0.009608,,0.061200,0.709847,0.709847,1.000000,0.009608
MI_3,MI Severe (μ=3.0),21,Inferior,1,Inferior,1,Diseased,Point Estimate,0.001171,0.025287,0.025287,,0.000000,,0.001171
MI_3,MI Severe (μ=3.0),21,Inferior,1,Inferior,1,Diseased,MCMC,0.008287,,0.149435,2.774782,2.774782,1.000000,0.008287
MI_3,MI Severe (μ=3.0),21,Inferior,1,Lateral,2,Non-diseased,Point Estimate,0.005176,0.071309,0.071309,,0.000000,,0.005176
MI_3,MI Severe (μ=3.0),21,Inferior,1,Lateral,2,Non-diseased,MCMC,0.000877,,0.031044,0.488871,0.488871,1.000000,0.000877
MI_3,MI Severe (μ=3.0),21,Inferior,1,Septal,3,Non-diseased,Point Estimate,0.019728,0.136570,0.136570,,0.000000,,0.019728
MI_3,MI Severe (μ=3.0),21,Inferior,1,Septal,3,Non-diseased,MCMC,0.027461,,0.097032,0.862201,0.862201,1.000000,0.027461
MI_3,MI Severe (μ=3.0),21,Inferior,1,Apical,4,Non-diseased,Point Estimate,0.000481,0.021519,0.021519,,0.000000,,0.000481
MI_3,MI Severe (μ=3.0),21,Inferior,1,Apical,4,Non-diseased,MCMC,0.001503,,0.036356,0.545293,0.545293,1.000000,0.001503
MI_3,MI Severe (μ=3.0),22,Inferior,1,Anterior,0,Non-diseased,Point Estimate,0.012286,0.110488,0.110488,,0.000000,,0.012286
MI_3,MI Severe (μ=3.0),22,Inferior,1,Anterior,0,Non-diseased,MCMC,0.013724,,0.071660,0.707226,0.707226,1.000000,0.013724
MI_3,MI Severe (μ=3.0),22,Inferior,1,Inferior,1,Diseased,Point Estimate,0.005129,0.068941,0.068941,,0.000000,,0.005129
MI_3,MI Severe (μ=3.0),22,Inferior,1,Inferior,1,Diseased,MCMC,0.006489,,0.157280,2.752990,2.752990,1.000000,0.006489
MI_3,MI Severe (μ=3.0),22,Inferior,1,Lateral,2,Non-diseased,Point Estimate,0.006734,0.081215,0.081215,,0.000000,,0.006734
MI_3,MI Severe (μ=3.0),22,Inferior,1,Lateral,2,Non-diseased,MCMC,0.001941,,0.034267,0.465369,0.465369,1.000000,0.001941
MI_3,MI Severe (μ=3.0),22,Inferior,1,Septal,3,Non-diseased,Point Estimate,0.025977,0.156006,0.156006,,0.000000,,0.025977
MI_3,MI Severe (μ=3.0),22,Inferior,1,Septal,3,Non-diseased,MCMC,0.029939,,0.102218,0.849102,0.849102,1.000000,0.029939
MI_3,MI Severe (μ=3.0),22,Inferior,1,Apical,4,Non-diseased,Point Estimate,0.000862,0.029339,0.029339,,0.000000,,0.000862
MI_3,MI Severe (μ=3.0),22,Inferior,1,Apical,4,Non-diseased,MCMC,0.009763,,0.059964,0.525549,0.525549,1.000000,0.009763
MI_3,MI Severe (μ=3.0),23,Inferior,1,Anterior,0,Non-diseased,Point Estimate,0.001930,0.043890,0.043890,,0.000000,,0.001930
MI_3,MI Severe (μ=3.0),23,Inferior,1,Anterior,0,Non-diseased,MCMC,0.009251,,0.061611,0.710092,0.710092,1.000000,0.009251
MI_3,MI Severe (μ=3.0),23,Inferior,1,Inferior,1,Diseased,Point Estimate,0.013458,0.115785,0.115785,,0.000000,,0.013458
MI_3,MI Severe (μ=3.0),23,Inferior,1,Inferior,1,Diseased,MCMC,0.001895,,0.137281,2.351617,2.351617,1.000000,0.001895
MI_3,MI Severe (μ=3.0),23,Inferior,1,Lateral,2,Non-diseased,Point Estimate,0.004253,0.063979,0.063979,,0.000000,,0.004253
MI_3,MI Severe (μ=3.0),23,Inferior,1,Lateral,2,Non-diseased,MCMC,0.000812,,0.030532,0.493462,0.493462,1.000000,0.000812
MI_3,MI Severe (μ=3.0),23,Inferior,1,Septal,3,Non-diseased,Point Estimate,0.013207,0.111999,0.111999,,0.000000,,0.013207
MI_3,MI Severe (μ=3.0),23,Inferior,1,Septal,3,Non-diseased,MCMC,0.026012,,0.095271,0.787402,0.787402,1.000000,0.026012
MI_3,MI Severe (μ=3.0),23,Inferior,1,Apical,4,Non-diseased,Point Estimate,0.000527,0.022644,0.022644,,0.000000,,0.000527
MI_3,MI Severe (μ=3.0),23,Inferior,1,Apical,4,Non-diseased,MCMC,0.010374,,0.061922,0.464965,0.464965,1.000000,0.010374
MI_3,MI Severe (μ=3.0),24,Inferior,1,Anterior,0,Non-diseased,Point Estimate,0.013888,0.117644,0.117644,,0.000000,,0.013888
MI_3,MI Severe (μ=3.0),24,Inferior,1,Anterior,0,Non-diseased,MCMC,0.014266,,0.071832,0.702002,0.702002,1.000000,0.014266
MI_3,MI Severe (μ=3.0),24,Inferior,1,Inferior,1,Diseased,Point Estimate,0.001261,0.032123,0.032123,,0.000000,,0.001261
MI_3,MI Severe (μ=3.0),24,Inferior,1,Inferior,1,Diseased,MCMC,0.009972,,0.141652,2.305707,2.305707,1.000000,0.009972
MI_3,MI Severe (μ=3.0),24,Inferior,1,Lateral,2,Non-diseased,Point Estimate,0.002609,0.050337,0.050337,,0.000000,,0.002609
MI_3,MI Severe (μ=3.0),24,Inferior,1,Lateral,2,Non-diseased,MCMC,0.000218,,0.027288,0.483667,0.483667,1.000000,0.000218
MI_3,MI Severe (μ=3.0),24,Inferior,1,Septal,3,Non-diseased,Point Estimate,0.009373,0.093065,0.093065,,0.000000,,0.009373
MI_3,MI Severe (μ=3.0),24,Inferior,1,Septal,3,Non-diseased,MCMC,0.027197,,0.098504,0.965403,0.965403,1.000000,0.027197
MI_3,MI Severe (μ=3.0),24,Inferior,1,Apical,4,Non-diseased,Point Estimate,0.000296,0.016945,0.016945,,0.000000,,0.000296
MI_3,MI Severe (μ=3.0),24,Inferior,1,Apical,4,Non-diseased,MCMC,0.006988,,0.049466,0.468195,0.468195,1.000000,0.006988
MI_3,MI Severe (μ=3.0),25,Inferior,1,Anterior,0,Non-diseased,Point Estimate,0.006906,0.082233,0.082233,,0.000000,,0.006906
MI_3,MI Severe (μ=3.0),25,Inferior,1,Anterior,0,Non-diseased,MCMC,0.008774,,0.058247,0.681835,0.681835,1.000000,0.008774
MI_3,MI Severe (μ=3.0),25,Inferior,1,Inferior,1,Diseased,Point Estimate,0.033538,0.182301,0.182301,,0.000000,,0.033538
MI_3,MI Severe (μ=3.0),25,Inferior,1,Inferior,1,Diseased,MCMC,0.002896,,0.124148,2.322629,2.322629,1.000000,0.002896
MI_3,MI Severe (μ=3.0),25,Inferior,1,Lateral,2,Non-diseased,Point Estimate,0.003708,0.060081,0.060081,,0.000000,,0.003708
MI_3,MI Severe (μ=3.0),25,Inferior,1,Lateral,2,Non-diseased,MCMC,0.000496,,0.031585,0.490834,0.490834,1.000000,0.000496
MI_3,MI Severe (μ=3.0),25,Inferior,1,Septal,3,Non-diseased,Point Estimate,0.002224,0.046200,0.046200,,0.000000,,0.002224
MI_3,MI Severe (μ=3.0),25,Inferior,1,Septal,3,Non-diseased,MCMC,0.016239,,0.081775,0.911355,0.911355,1.000000,0.016239
MI_3,MI Severe (μ=3.0),25,Inferior,1,Apical,4,Non-diseased,Point Estimate,0.000139,0.010963,0.010963,,0.000000,,0.000139
MI_3,MI Severe (μ=3.0),25,Inferior,1,Apical,4,Non-diseased,MCMC,0.000943,,0.030053,0.484308,0.484308,1.000000,0.000943
MI_3,MI Severe (μ=3.0),26,Inferior,1,Anterior,0,Non-diseased,Point Estimate,0.008637,0.091896,0.091896,,0.000000,,0.008637
MI_3,MI Severe (μ=3.0),26,Inferior,1,Anterior,0,Non-diseased,MCMC,0.014461,,0.073787,0.702287,0.702287,1.000000,0.014461
MI_3,MI Severe (μ=3.0),26,Inferior,1,Inferior,1,Diseased,Point Estimate,0.000154,0.010597,0.010597,,0.000000,,0.000154
MI_3,MI Severe (μ=3.0),26,Inferior,1,Inferior,1,Diseased,MCMC,0.011368,,0.145570,2.108426,2.108426,1.000000,0.011368
MI_3,MI Severe (μ=3.0),26,Inferior,1,Lateral,2,Non-diseased,Point Estimate,0.004943,0.069431,0.069431,,0.000000,,0.004943
MI_3,MI Severe (μ=3.0),26,Inferior,1,Lateral,2,Non-diseased,MCMC,0.001768,,0.031810,0.434223,0.434223,1.000000,0.001768
MI_3,MI Severe (μ=3.0),26,Inferior,1,Septal,3,Non-diseased,Point Estimate,0.013236,0.111629,0.111629,,0.000000,,0.013236
MI_3,MI Severe (μ=3.0),26,Inferior,1,Septal,3,Non-diseased,MCMC,0.027819,,0.098155,0.918862,0.918862,1.000000,0.027819
MI_3,MI Severe (μ=3.0),26,Inferior,1,Apical,4,Non-diseased,Point Estimate,0.000632,0.025113,0.025113,,0.000000,,0.000632
MI_3,MI Severe (μ=3.0),26,Inferior,1,Apical,4,Non-diseased,MCMC,0.008260,,0.055744,0.450639,0.450639,1.000000,0.008260
MI_3,MI Severe (μ=3.0),27,Inferior,1,Anterior,0,Non-diseased,Point Estimate,0.005803,0.075833,0.075833,,0.000000,,0.005803
MI_3,MI Severe (μ=3.0),27,Inferior,1,Anterior,0,Non-diseased,MCMC,0.006906,,0.058551,0.729644,0.729644,1.000000,0.006906
MI_3,MI Severe (μ=3.0),27,Inferior,1,Inferior,1,Diseased,Point Estimate,0.001120,0.033030,0.033030,,0.000000,,0.001120
MI_3,MI Severe (μ=3.0),27,Inferior,1,Inferior,1,Diseased,MCMC,0.000007,,0.140919,2.631763,2.631763,1.000000,0.000007
MI_3,MI Severe (μ=3.0),27,Inferior,1,Lateral,2,Non-diseased,Point Estimate,0.004557,0.066641,0.066641,,0.000000,,0.004557
MI_3,MI Severe (μ=3.0),27,Inferior,1,Lateral,2,Non-diseased,MCMC,0.000262,,0.030199,0.490366,0.490366,1.000000,0.000262
MI_3,MI Severe (μ=3.0),27,Inferior,1,Septal,3,Non-diseased,Point Estimate,0.006440,0.078397,0.078397,,0.000000,,0.006440
MI_3,MI Severe (μ=3.0),27,Inferior,1,Septal,3,Non-diseased,MCMC,0.018040,,0.084248,0.920621,0.920621,1.000000,0.018040
MI_3,MI Severe (μ=3.0),27,Inferior,1,Apical,4,Non-diseased,Point Estimate,0.000134,0.011557,0.011557,,0.000000,,0.000134
MI_3,MI Severe (μ=3.0),27,Inferior,1,Apical,4,Non-diseased,MCMC,0.002696,,0.036340,0.468333,0.468333,1.000000,0.002696
MI_3,MI Severe (μ=3.0),28,Inferior,1,Anterior,0,Non-diseased,Point Estimate,0.005907,0.076548,0.076548,,0.000000,,0.005907
MI_3,MI Severe (μ=3.0),28,Inferior,1,Anterior,0,Non-diseased,MCMC,0.011203,,0.065288,0.705325,0.705325,1.000000,0.011203
MI_3,MI Severe (μ=3.0),28,Inferior,1,Inferior,1,Diseased,Point Estimate,0.010903,0.100952,0.100952,,0.000000,,0.010903
MI_3,MI Severe (μ=3.0),28,Inferior,1,Inferior,1,Diseased,MCMC,0.011789,,0.155866,2.735838,2.735838,1.000000,0.011789
MI_3,MI Severe (μ=3.0),28,Inferior,1,Lateral,2,Non-diseased,Point Estimate,0.005960,0.075826,0.075826,,0.000000,,0.005960
MI_3,MI Severe (μ=3.0),28,Inferior,1,Lateral,2,Non-diseased,MCMC,0.001133,,0.030887,0.457767,0.457767,1.000000,0.001133
MI_3,MI Severe (μ=3.0),28,Inferior,1,Septal,3,Non-diseased,Point Estimate,0.009720,0.096402,0.096402,,0.000000,,0.009720
MI_3,MI Severe (μ=3.0),28,Inferior,1,Septal,3,Non-diseased,MCMC,0.018780,,0.086464,0.938641,0.938641,1.000000,0.018780
MI_3,MI Severe (μ=3.0),28,Inferior,1,Apical,4,Non-diseased,Point Estimate,0.000840,0.028946,0.028946,,0.000000,,0.000840
MI_3,MI Severe (μ=3.0),28,Inferior,1,Apical,4,Non-diseased,MCMC,0.005312,,0.044622,0.415803,0.415803,1.000000,0.005312
MI_3,MI Severe (μ=3.0),29,Inferior,1,Anterior,0,Non-diseased,Point Estimate,0.012860,0.113008,0.113008,,0.000000,,0.012860
MI_3,MI Severe (μ=3.0),29,Inferior,1,Anterior,0,Non-diseased,MCMC,0.010146,,0.065783,0.711118,0.711118,1.000000,0.010146
MI_3,MI Severe (μ=3.0),29,Inferior,1,Inferior,1,Diseased,Point Estimate,0.064192,0.252429,0.252429,,0.000000,,0.064192
MI_3,MI Severe (μ=3.0),29,Inferior,1,Inferior,1,Diseased,MCMC,0.014725,,0.149021,2.595970,2.595970,1.000000,0.014725
MI_3,MI Severe (μ=3.0),29,Inferior,1,Lateral,2,Non-diseased,Point Estimate,0.004596,0.067293,0.067293,,0.000000,,0.004596
MI_3,MI Severe (μ=3.0),29,Inferior,1,Lateral,2,Non-diseased,MCMC,0.000305,,0.030437,0.500923,0.500923,1.000000,0.000305
MI_3,MI Severe (μ=3.0),29,Inferior,1,Septal,3,Non-diseased,Point Estimate,0.013031,0.111806,0.111806,,0.000000,,0.013031
MI_3,MI Severe (μ=3.0),29,Inferior,1,Septal,3,Non-diseased,MCMC,0.023680,,0.092600,0.913752,0.913752,1.000000,0.023680
MI_3,MI Severe (μ=3.0),29,Inferior,1,Apical,4,Non-diseased,Point Estimate,0.000721,0.026352,0.026352,,0.000000,,0.000721
MI_3,MI Severe (μ=3.0),29,Inferior,1,Apical,4,Non-diseased,MCMC,0.007681,,0.054069,0.422111,0.422111,1.000000,0.007681
MI_3,MI Severe (μ=3.0),30,Inferior,1,Anterior,0,Non-diseased,Point Estimate,0.004529,0.067064,0.067064,,0.000000,,0.004529
MI_3,MI Severe (μ=3.0),30,Inferior,1,Anterior,0,Non-diseased,MCMC,0.011170,,0.066652,0.766984,0.766984,1.000000,0.011170
MI_3,MI Severe (μ=3.0),30,Inferior,1,Inferior,1,Diseased,Point Estimate,0.001049,0.032393,0.032393,,0.000000,,0.001049
MI_3,MI Severe (μ=3.0),30,Inferior,1,Inferior,1,Diseased,MCMC,0.002594,,0.138496,2.556250,2.556250,1.000000,0.002594
MI_3,MI Severe (μ=3.0),30,Inferior,1,Lateral,2,Non-diseased,Point Estimate,0.006462,0.079720,0.079720,,0.000000,,0.006462
MI_3,MI Severe (μ=3.0),30,Inferior,1,Lateral,2,Non-diseased,MCMC,0.000446,,0.032316,0.521476,0.521476,1.000000,0.000446
MI_3,MI Severe (μ=3.0),30,Inferior,1,Septal,3,Non-diseased,Point Estimate,0.012035,0.107008,0.107008,,0.000000,,0.012035
MI_3,MI Severe (μ=3.0),30,Inferior,1,Septal,3,Non-diseased,MCMC,0.025016,,0.094994,0.900879,0.900879,1.000000,0.025016
MI_3,MI Severe (μ=3.0),30,Inferior,1,Apical,4,Non-diseased,Point Estimate,0.000296,0.016980,0.016980,,0.000000,,0.000296
MI_3,MI Severe (μ=3.0),30,Inferior,1,Apical,4,Non-diseased,MCMC,0.001951,,0.035564,0.499467,0.499467,1.000000,0.001951
MI_3,MI Severe (μ=3.0),31,Inferior,1,Anterior,0,Non-diseased,Point Estimate,0.022055,0.148100,0.148100,,0.000000,,0.022055
MI_3,MI Severe (μ=3.0),31,Inferior,1,Anterior,0,Non-diseased,MCMC,0.011589,,0.065752,0.692053,0.692053,1.000000,0.011589
MI_3,MI Severe (μ=3.0),31,Inferior,1,Inferior,1,Diseased,Point Estimate,0.103723,0.318442,0.318442,,0.000000,,0.103723
MI_3,MI Severe (μ=3.0),31,Inferior,1,Inferior,1,Diseased,MCMC,0.009490,,0.173966,2.524353,2.524353,1.000000,0.009490
MI_3,MI Severe (μ=3.0),31,Inferior,1,Lateral,2,Non-diseased,Point Estimate,0.003542,0.058781,0.058781,,0.000000,,0.003542
MI_3,MI Severe (μ=3.0),31,Inferior,1,Lateral,2,Non-diseased,MCMC,0.000549,,0.029321,0.466500,0.466500,1.000000,0.000549
MI_3,MI Severe (μ=3.0),31,Inferior,1,Septal,3,Non-diseased,Point Estimate,0.011671,0.106319,0.106319,,0.000000,,0.011671
MI_3,MI Severe (μ=3.0),31,Inferior,1,Septal,3,Non-diseased,MCMC,0.021184,,0.094460,1.003484,1.003484,1.000000,0.021184
MI_3,MI Severe (μ=3.0),31,Inferior,1,Apical,4,Non-diseased,Point Estimate,0.000224,0.014361,0.014361,,0.000000,,0.000224
MI_3,MI Severe (μ=3.0),31,Inferior,1,Apical,4,Non-diseased,MCMC,0.007537,,0.051321,0.451081,0.451081,1.000000,0.007537
MI_3,MI Severe (μ=3.0),32,Inferior,1,Anterior,0,Non-diseased,Point Estimate,0.003201,0.056396,0.056396,,0.000000,,0.003201
MI_3,MI Severe (μ=3.0),32,Inferior,1,Anterior,0,Non-diseased,MCMC,0.013429,,0.072015,0.689313,0.689313,1.000000,0.013429
MI_3,MI Severe (μ=3.0),32,Inferior,1,Inferior,1,Diseased,Point Estimate,0.010119,0.100530,0.100530,,0.000000,,0.010119
MI_3,MI Severe (μ=3.0),32,Inferior,1,Inferior,1,Diseased,MCMC,0.002706,,0.137454,2.352100,2.352100,1.000000,0.002706
MI_3,MI Severe (μ=3.0),32,Inferior,1,Lateral,2,Non-diseased,Point Estimate,0.005525,0.073373,0.073373,,0.000000,,0.005525
MI_3,MI Severe (μ=3.0),32,Inferior,1,Lateral,2,Non-diseased,MCMC,0.001134,,0.031447,0.472378,0.472378,1.000000,0.001134
MI_3,MI Severe (μ=3.0),32,Inferior,1,Septal,3,Non-diseased,Point Estimate,0.022320,0.145647,0.145647,,0.000000,,0.022320
MI_3,MI Severe (μ=3.0),32,Inferior,1,Septal,3,Non-diseased,MCMC,0.027714,,0.098560,0.821259,0.821259,1.000000,0.027714
MI_3,MI Severe (μ=3.0),32,Inferior,1,Apical,4,Non-diseased,Point Estimate,0.000868,0.029410,0.029410,,0.000000,,0.000868
MI_3,MI Severe (μ=3.0),32,Inferior,1,Apical,4,Non-diseased,MCMC,0.003899,,0.043286,0.556609,0.556609,1.000000,0.003899
MI_3,MI Severe (μ=3.0),33,Inferior,1,Anterior,0,Non-diseased,Point Estimate,0.014901,0.121260,0.121260,,0.000000,,0.014901
MI_3,MI Severe (μ=3.0),33,Inferior,1,Anterior,0,Non-diseased,MCMC,0.009142,,0.061189,0.689484,0.689484,1.000000,0.009142
MI_3,MI Severe (μ=3.0),33,Inferior,1,Inferior,1,Diseased,Point Estimate,0.082154,0.277698,0.277698,,0.000000,,0.082154
MI_3,MI Severe (μ=3.0),33,Inferior,1,Inferior,1,Diseased,MCMC,0.004808,,0.156126,2.101446,2.101446,1.000000,0.004808
MI_3,MI Severe (μ=3.0),33,Inferior,1,Lateral,2,Non-diseased,Point Estimate,0.003189,0.055234,0.055234,,0.000000,,0.003189
MI_3,MI Severe (μ=3.0),33,Inferior,1,Lateral,2,Non-diseased,MCMC,0.000493,,0.026635,0.430647,0.430647,1.000000,0.000493
MI_3,MI Severe (μ=3.0),33,Inferior,1,Septal,3,Non-diseased,Point Estimate,0.010003,0.097930,0.097930,,0.000000,,0.010003
MI_3,MI Severe (μ=3.0),33,Inferior,1,Septal,3,Non-diseased,MCMC,0.007703,,0.073182,0.989731,0.989731,1.000000,0.007703
MI_3,MI Severe (μ=3.0),33,Inferior,1,Apical,4,Non-diseased,Point Estimate,0.000474,0.019846,0.019846,,0.000000,,0.000474
MI_3,MI Severe (μ=3.0),33,Inferior,1,Apical,4,Non-diseased,MCMC,0.006618,,0.051816,0.523677,0.523677,1.000000,0.006618
MI_3,MI Severe (μ=3.0),34,Inferior,1,Anterior,0,Non-diseased,Point Estimate,0.008039,0.088232,0.088232,,0.000000,,0.008039
MI_3,MI Severe (μ=3.0),34,Inferior,1,Anterior,0,Non-diseased,MCMC,0.006792,,0.058837,0.737920,0.737920,1.000000,0.006792
MI_3,MI Severe (μ=3.0),34,Inferior,1,Inferior,1,Diseased,Point Estimate,0.004545,0.063761,0.063761,,0.000000,,0.004545
MI_3,MI Severe (μ=3.0),34,Inferior,1,Inferior,1,Diseased,MCMC,0.040669,,0.172871,2.241984,2.241984,1.000000,0.040669
MI_3,MI Severe (μ=3.0),34,Inferior,1,Lateral,2,Non-diseased,Point Estimate,0.003592,0.058819,0.058819,,0.000000,,0.003592
MI_3,MI Severe (μ=3.0),34,Inferior,1,Lateral,2,Non-diseased,MCMC,0.000659,,0.029794,0.468221,0.468221,1.000000,0.000659
MI_3,MI Severe (μ=3.0),34,Inferior,1,Septal,3,Non-diseased,Point Estimate,0.008277,0.087927,0.087927,,0.000000,,0.008277
MI_3,MI Severe (μ=3.0),34,Inferior,1,Septal,3,Non-diseased,MCMC,0.006889,,0.066452,0.896127,0.896127,1.000000,0.006889
MI_3,MI Severe (μ=3.0),34,Inferior,1,Apical,4,Non-diseased,Point Estimate,0.000913,0.029893,0.029893,,0.000000,,0.000913
MI_3,MI Severe (μ=3.0),34,Inferior,1,Apical,4,Non-diseased,MCMC,0.006740,,0.051303,0.507451,0.507451,1.000000,0.006740
MI_3,MI Severe (μ=3.0),35,Inferior,1,Anterior,0,Non-diseased,Point Estimate,0.003429,0.058492,0.058492,,0.000000,,0.003429
MI_3,MI Severe (μ=3.0),35,Inferior,1,Anterior,0,Non-diseased,MCMC,0.003424,,0.048344,0.662949,0.662949,1.000000,0.003424
MI_3,MI Severe (μ=3.0),35,Inferior,1,Inferior,1,Diseased,Point Estimate,0.068140,0.261027,0.261027,,0.000000,,0.068140
MI_3,MI Severe (μ=3.0),35,Inferior,1,Inferior,1,Diseased,MCMC,0.002152,,0.113438,2.152053,2.152053,1.000000,0.002152
MI_3,MI Severe (μ=3.0),35,Inferior,1,Lateral,2,Non-diseased,Point Estimate,0.001880,0.041049,0.041049,,0.000000,,0.001880
MI_3,MI Severe (μ=3.0),35,Inferior,1,Lateral,2,Non-diseased,MCMC,0.002068,,0.033624,0.428710,0.428710,1.000000,0.002068
MI_3,MI Severe (μ=3.0),35,Inferior,1,Septal,3,Non-diseased,Point Estimate,0.000614,0.024780,0.024780,,0.000000,,0.000614
MI_3,MI Severe (μ=3.0),35,Inferior,1,Septal,3,Non-diseased,MCMC,0.009736,,0.065433,0.811352,0.811352,1.000000,0.009736
MI_3,MI Severe (μ=3.0),35,Inferior,1,Apical,4,Non-diseased,Point Estimate,0.000160,0.012464,0.012464,,0.000000,,0.000160
MI_3,MI Severe (μ=3.0),35,Inferior,1,Apical,4,Non-diseased,MCMC,0.005409,,0.045814,0.512877,0.512877,1.000000,0.005409
MI_3,MI Severe (μ=3.0),36,Inferior,1,Anterior,0,Non-diseased,Point Estimate,0.010560,0.101297,0.101297,,0.000000,,0.010560
MI_3,MI Severe (μ=3.0),36,Inferior,1,Anterior,0,Non-diseased,MCMC,0.008009,,0.060549,0.726574,0.726574,1.000000,0.008009
MI_3,MI Severe (μ=3.0),36,Inferior,1,Inferior,1,Diseased,Point Estimate,0.013144,0.104871,0.104871,,0.000000,,0.013144
MI_3,MI Severe (μ=3.0),36,Inferior,1,Inferior,1,Diseased,MCMC,0.008367,,0.154185,2.287816,2.287816,1.000000,0.008367
MI_3,MI Severe (μ=3.0),36,Inferior,1,Lateral,2,Non-diseased,Point Estimate,0.001650,0.039961,0.039961,,0.000000,,0.001650
MI_3,MI Severe (μ=3.0),36,Inferior,1,Lateral,2,Non-diseased,MCMC,0.000424,,0.029356,0.447694,0.447694,1.000000,0.000424
MI_3,MI Severe (μ=3.0),36,Inferior,1,Septal,3,Non-diseased,Point Estimate,0.001342,0.035699,0.035699,,0.000000,,0.001342
MI_3,MI Severe (μ=3.0),36,Inferior,1,Septal,3,Non-diseased,MCMC,0.011553,,0.077620,1.058124,1.058124,1.000000,0.011553
MI_3,MI Severe (μ=3.0),36,Inferior,1,Apical,4,Non-diseased,Point Estimate,0.000249,0.014902,0.014902,,0.000000,,0.000249
MI_3,MI Severe (μ=3.0),36,Inferior,1,Apical,4,Non-diseased,MCMC,0.007148,,0.052006,0.520520,0.520520,1.000000,0.007148
MI_3,MI Severe (μ=3.0),37,Inferior,1,Anterior,0,Non-diseased,Point Estimate,0.005378,0.071236,0.071236,,0.000000,,0.005378
MI_3,MI Severe (μ=3.0),37,Inferior,1,Anterior,0,Non-diseased,MCMC,0.009883,,0.063496,0.744918,0.744918,1.000000,0.009883
MI_3,MI Severe (μ=3.0),37,Inferior,1,Inferior,1,Diseased,Point Estimate,0.056982,0.224856,0.224856,,0.000000,,0.056982
MI_3,MI Severe (μ=3.0),37,Inferior,1,Inferior,1,Diseased,MCMC,0.009428,,0.159721,2.047349,2.047349,1.000000,0.009428
MI_3,MI Severe (μ=3.0),37,Inferior,1,Lateral,2,Non-diseased,Point Estimate,0.003067,0.054735,0.054735,,0.000000,,0.003067
MI_3,MI Severe (μ=3.0),37,Inferior,1,Lateral,2,Non-diseased,MCMC,0.001528,,0.031635,0.462354,0.462354,1.000000,0.001528
MI_3,MI Severe (μ=3.0),37,Inferior,1,Septal,3,Non-diseased,Point Estimate,0.000548,0.022802,0.022802,,0.000000,,0.000548
MI_3,MI Severe (μ=3.0),37,Inferior,1,Septal,3,Non-diseased,MCMC,0.007611,,0.072063,1.035082,1.035082,1.000000,0.007611
MI_3,MI Severe (μ=3.0),37,Inferior,1,Apical,4,Non-diseased,Point Estimate,0.000520,0.020121,0.020121,,0.000000,,0.000520
MI_3,MI Severe (μ=3.0),37,Inferior,1,Apical,4,Non-diseased,MCMC,0.005821,,0.048798,0.535079,0.535079,1.000000,0.005821
MI_3,MI Severe (μ=3.0),38,Inferior,1,Anterior,0,Non-diseased,Point Estimate,0.009533,0.097170,0.097170,,0.000000,,0.009533
MI_3,MI Severe (μ=3.0),38,Inferior,1,Anterior,0,Non-diseased,MCMC,0.008732,,0.060524,0.691597,0.691597,1.000000,0.008732
MI_3,MI Severe (μ=3.0),38,Inferior,1,Inferior,1,Diseased,Point Estimate,0.000747,0.025475,0.025475,,0.000000,,0.000747
MI_3,MI Severe (μ=3.0),38,Inferior,1,Inferior,1,Diseased,MCMC,0.002868,,0.138866,2.537243,2.537243,1.000000,0.002868
MI_3,MI Severe (μ=3.0),38,Inferior,1,Lateral,2,Non-diseased,Point Estimate,0.005434,0.073125,0.073125,,0.000000,,0.005434
MI_3,MI Severe (μ=3.0),38,Inferior,1,Lateral,2,Non-diseased,MCMC,0.000851,,0.030888,0.482796,0.482796,1.000000,0.000851
MI_3,MI Severe (μ=3.0),38,Inferior,1,Septal,3,Non-diseased,Point Estimate,0.005790,0.074743,0.074743,,0.000000,,0.005790
MI_3,MI Severe (μ=3.0),38,Inferior,1,Septal,3,Non-diseased,MCMC,0.017497,,0.085787,0.977198,0.977198,1.000000,0.017497
MI_3,MI Severe (μ=3.0),38,Inferior,1,Apical,4,Non-diseased,Point Estimate,0.000208,0.014329,0.014329,,0.000000,,0.000208
MI_3,MI Severe (μ=3.0),38,Inferior,1,Apical,4,Non-diseased,MCMC,0.003542,,0.038501,0.467222,0.467222,1.000000,0.003542
MI_3,MI Severe (μ=3.0),39,Inferior,1,Anterior,0,Non-diseased,Point Estimate,0.003364,0.057026,0.057026,,0.000000,,0.003364
MI_3,MI Severe (μ=3.0),39,Inferior,1,Anterior,0,Non-diseased,MCMC,0.010358,,0.065714,0.796901,0.796901,1.000000,0.010358
MI_3,MI Severe (μ=3.0),39,Inferior,1,Inferior,1,Diseased,Point Estimate,0.003680,0.047720,0.047720,,0.000000,,0.003680
MI_3,MI Severe (μ=3.0),39,Inferior,1,Inferior,1,Diseased,MCMC,0.006610,,0.133006,2.363099,2.363099,1.000000,0.006610
MI_3,MI Severe (μ=3.0),39,Inferior,1,Lateral,2,Non-diseased,Point Estimate,0.003191,0.055417,0.055417,,0.000000,,0.003191
MI_3,MI Severe (μ=3.0),39,Inferior,1,Lateral,2,Non-diseased,MCMC,0.000531,,0.029000,0.449469,0.449469,1.000000,0.000531
MI_3,MI Severe (μ=3.0),39,Inferior,1,Septal,3,Non-diseased,Point Estimate,0.001874,0.042485,0.042485,,0.000000,,0.001874
MI_3,MI Severe (μ=3.0),39,Inferior,1,Septal,3,Non-diseased,MCMC,0.018942,,0.085792,0.951827,0.951827,1.000000,0.018942
MI_3,MI Severe (μ=3.0),39,Inferior,1,Apical,4,Non-diseased,Point Estimate,0.000243,0.015440,0.015440,,0.000000,,0.000243
MI_3,MI Severe (μ=3.0),39,Inferior,1,Apical,4,Non-diseased,MCMC,0.005358,,0.046391,0.484393,0.484393,1.000000,0.005358
MI_3,MI Severe (μ=3.0),40,Lateral,2,Anterior,0,Non-diseased,Point Estimate,0.001821,0.040450,0.040450,,0.000000,,0.001821
MI_3,MI Severe (μ=3.0),40,Lateral,2,Anterior,0,Non-diseased,MCMC,0.018003,,0.081263,0.811760,0.811760,1.000000,0.018003
MI_3,MI Severe (μ=3.0),40,Lateral,2,Inferior,1,Non-diseased,Point Estimate,0.006581,0.080977,0.080977,,0.000000,,0.006581
MI_3,MI Severe (μ=3.0),40,Lateral,2,Inferior,1,Non-diseased,MCMC,0.017076,,0.101952,1.340265,1.340265,1.000000,0.017076
MI_3,MI Severe (μ=3.0),40,Lateral,2,Lateral,2,Diseased,Point Estimate,0.005924,0.062101,0.062101,,0.000000,,0.005924
MI_3,MI Severe (μ=3.0),40,Lateral,2,Lateral,2,Diseased,MCMC,0.001280,,0.089302,1.529819,1.529819,1.000000,0.001280
MI_3,MI Severe (μ=3.0),40,Lateral,2,Septal,3,Non-diseased,Point Estimate,0.000042,0.006430,0.006430,,0.000000,,0.000042
MI_3,MI Severe (μ=3.0),40,Lateral,2,Septal,3,Non-diseased,MCMC,0.028720,,0.104837,0.941759,0.941759,1.000000,0.028720
MI_3,MI Severe (μ=3.0),40,Lateral,2,Apical,4,Non-diseased,Point Estimate,0.002161,0.045562,0.045562,,0.000000,,0.002161
MI_3,MI Severe (μ=3.0),40,Lateral,2,Apical,4,Non-diseased,MCMC,0.000696,,0.029477,0.502156,0.502156,1.000000,0.000696
MI_3,MI Severe (μ=3.0),41,Lateral,2,Anterior,0,Non-diseased,Point Estimate,0.000153,0.012269,0.012269,,0.000000,,0.000153
MI_3,MI Severe (μ=3.0),41,Lateral,2,Anterior,0,Non-diseased,MCMC,0.019922,,0.085305,0.812632,0.812632,1.000000,0.019922
MI_3,MI Severe (μ=3.0),41,Lateral,2,Inferior,1,Non-diseased,Point Estimate,0.007156,0.083806,0.083806,,0.000000,,0.007156
MI_3,MI Severe (μ=3.0),41,Lateral,2,Inferior,1,Non-diseased,MCMC,0.004121,,0.096300,1.560039,1.560039,1.000000,0.004121
MI_3,MI Severe (μ=3.0),41,Lateral,2,Lateral,2,Diseased,Point Estimate,0.001865,0.042116,0.042116,,0.000000,,0.001865
MI_3,MI Severe (μ=3.0),41,Lateral,2,Lateral,2,Diseased,MCMC,0.001411,,0.110984,1.720745,1.720745,1.000000,0.001411
MI_3,MI Severe (μ=3.0),41,Lateral,2,Septal,3,Non-diseased,Point Estimate,0.000202,0.011840,0.011840,,0.000000,,0.000202
MI_3,MI Severe (μ=3.0),41,Lateral,2,Septal,3,Non-diseased,MCMC,0.022443,,0.092392,0.995722,0.995722,1.000000,0.022443
MI_3,MI Severe (μ=3.0),41,Lateral,2,Apical,4,Non-diseased,Point Estimate,0.003104,0.054652,0.054652,,0.000000,,0.003104
MI_3,MI Severe (μ=3.0),41,Lateral,2,Apical,4,Non-diseased,MCMC,0.000229,,0.023668,0.429756,0.429756,1.000000,0.000229
MI_3,MI Severe (μ=3.0),42,Lateral,2,Anterior,0,Non-diseased,Point Estimate,0.001089,0.027082,0.027082,,0.000000,,0.001089
MI_3,MI Severe (μ=3.0),42,Lateral,2,Anterior,0,Non-diseased,MCMC,0.015526,,0.078162,0.789025,0.789025,1.000000,0.015526
MI_3,MI Severe (μ=3.0),42,Lateral,2,Inferior,1,Non-diseased,Point Estimate,0.119890,0.343888,0.343888,,0.000000,,0.119890
MI_3,MI Severe (μ=3.0),42,Lateral,2,Inferior,1,Non-diseased,MCMC,0.001144,,0.082765,1.457360,1.457360,1.000000,0.001144
MI_3,MI Severe (μ=3.0),42,Lateral,2,Lateral,2,Diseased,Point Estimate,0.037324,0.191555,0.191555,,0.000000,,0.037324
MI_3,MI Severe (μ=3.0),42,Lateral,2,Lateral,2,Diseased,MCMC,0.063720,,0.159181,1.443745,1.443745,1.000000,0.063720
MI_3,MI Severe (μ=3.0),42,Lateral,2,Septal,3,Non-diseased,Point Estimate,0.003149,0.055849,0.055849,,0.000000,,0.003149
MI_3,MI Severe (μ=3.0),42,Lateral,2,Septal,3,Non-diseased,MCMC,0.025406,,0.093799,0.818771,0.818771,1.000000,0.025406
MI_3,MI Severe (μ=3.0),42,Lateral,2,Apical,4,Non-diseased,Point Estimate,0.006242,0.077978,0.077978,,0.000000,,0.006242
MI_3,MI Severe (μ=3.0),42,Lateral,2,Apical,4,Non-diseased,MCMC,0.001283,,0.029159,0.439895,0.439895,1.000000,0.001283
MI_3,MI Severe (μ=3.0),43,Lateral,2,Anterior,0,Non-diseased,Point Estimate,0.005383,0.068265,0.068265,,0.000000,,0.005383
MI_3,MI Severe (μ=3.0),43,Lateral,2,Anterior,0,Non-diseased,MCMC,0.010987,,0.076211,0.935980,0.935980,1.000000,0.010987
MI_3,MI Severe (μ=3.0),43,Lateral,2,Inferior,1,Non-diseased,Point Estimate,0.011418,0.105900,0.105900,,0.000000,,0.011418
MI_3,MI Severe (μ=3.0),43,Lateral,2,Inferior,1,Non-diseased,MCMC,0.028010,,0.117958,1.483518,1.483518,1.000000,0.028010
MI_3,MI Severe (μ=3.0),43,Lateral,2,Lateral,2,Diseased,Point Estimate,0.036404,0.163988,0.163988,,0.000000,,0.036404
MI_3,MI Severe (μ=3.0),43,Lateral,2,Lateral,2,Diseased,MCMC,0.007396,,0.133366,1.917246,1.917246,1.000000,0.007396
MI_3,MI Severe (μ=3.0),43,Lateral,2,Septal,3,Non-diseased,Point Estimate,0.000035,0.005818,0.005818,,0.000000,,0.000035
MI_3,MI Severe (μ=3.0),43,Lateral,2,Septal,3,Non-diseased,MCMC,0.012363,,0.081201,0.992162,0.992162,1.000000,0.012363
MI_3,MI Severe (μ=3.0),43,Lateral,2,Apical,4,Non-diseased,Point Estimate,0.004034,0.062702,0.062702,,0.000000,,0.004034
MI_3,MI Severe (μ=3.0),43,Lateral,2,Apical,4,Non-diseased,MCMC,0.000995,,0.029117,0.434685,0.434685,1.000000,0.000995
MI_3,MI Severe (μ=3.0),44,Lateral,2,Anterior,0,Non-diseased,Point Estimate,0.000700,0.025164,0.025164,,0.000000,,0.000700
MI_3,MI Severe (μ=3.0),44,Lateral,2,Anterior,0,Non-diseased,MCMC,0.019065,,0.085581,0.869578,0.869578,1.000000,0.019065
MI_3,MI Severe (μ=3.0),44,Lateral,2,Inferior,1,Non-diseased,Point Estimate,0.020408,0.140760,0.140760,,0.000000,,0.020408
MI_3,MI Severe (μ=3.0),44,Lateral,2,Inferior,1,Non-diseased,MCMC,0.006409,,0.090633,1.462763,1.462763,1.000000,0.006409
MI_3,MI Severe (μ=3.0),44,Lateral,2,Lateral,2,Diseased,Point Estimate,0.003368,0.049861,0.049861,,0.000000,,0.003368
MI_3,MI Severe (μ=3.0),44,Lateral,2,Lateral,2,Diseased,MCMC,0.016430,,0.107355,1.496742,1.496742,1.000000,0.016430
MI_3,MI Severe (μ=3.0),44,Lateral,2,Septal,3,Non-diseased,Point Estimate,0.001788,0.041911,0.041911,,0.000000,,0.001788
MI_3,MI Severe (μ=3.0),44,Lateral,2,Septal,3,Non-diseased,MCMC,0.026478,,0.097669,0.910679,0.910679,1.000000,0.026478
MI_3,MI Severe (μ=3.0),44,Lateral,2,Apical,4,Non-diseased,Point Estimate,0.003845,0.060999,0.060999,,0.000000,,0.003845
MI_3,MI Severe (μ=3.0),44,Lateral,2,Apical,4,Non-diseased,MCMC,0.000011,,0.025111,0.465569,0.465569,1.000000,0.000011
MI_3,MI Severe (μ=3.0),45,Lateral,2,Anterior,0,Non-diseased,Point Estimate,0.016501,0.124234,0.124234,,0.000000,,0.016501
MI_3,MI Severe (μ=3.0),45,Lateral,2,Anterior,0,Non-diseased,MCMC,0.012675,,0.074553,0.951094,0.951094,1.000000,0.012675
MI_3,MI Severe (μ=3.0),45,Lateral,2,Inferior,1,Non-diseased,Point Estimate,0.000119,0.010478,0.010478,,0.000000,,0.000119
MI_3,MI Severe (μ=3.0),45,Lateral,2,Inferior,1,Non-diseased,MCMC,0.010729,,0.094291,1.533242,1.533242,1.000000,0.010729
MI_3,MI Severe (μ=3.0),45,Lateral,2,Lateral,2,Diseased,Point Estimate,0.003027,0.054561,0.054561,,0.000000,,0.003027
MI_3,MI Severe (μ=3.0),45,Lateral,2,Lateral,2,Diseased,MCMC,0.001912,,0.111309,1.802876,1.802876,1.000000,0.001912
MI_3,MI Severe (μ=3.0),45,Lateral,2,Septal,3,Non-diseased,Point Estimate,0.003241,0.056689,0.056689,,0.000000,,0.003241
MI_3,MI Severe (μ=3.0),45,Lateral,2,Septal,3,Non-diseased,MCMC,0.023517,,0.093035,0.889226,0.889226,1.000000,0.023517
MI_3,MI Severe (μ=3.0),45,Lateral,2,Apical,4,Non-diseased,Point Estimate,0.004836,0.068957,0.068957,,0.000000,,0.004836
MI_3,MI Severe (μ=3.0),45,Lateral,2,Apical,4,Non-diseased,MCMC,0.000460,,0.028712,0.473743,0.473743,1.000000,0.000460
MI_3,MI Severe (μ=3.0),46,Lateral,2,Anterior,0,Non-diseased,Point Estimate,0.007200,0.081246,0.081246,,0.000000,,0.007200
MI_3,MI Severe (μ=3.0),46,Lateral,2,Anterior,0,Non-diseased,MCMC,0.012948,,0.079815,0.931784,0.931784,1.000000,0.012948
MI_3,MI Severe (μ=3.0),46,Lateral,2,Inferior,1,Non-diseased,Point Estimate,0.001391,0.037130,0.037130,,0.000000,,0.001391
MI_3,MI Severe (μ=3.0),46,Lateral,2,Inferior,1,Non-diseased,MCMC,0.008951,,0.090556,1.400244,1.400244,1.000000,0.008951
MI_3,MI Severe (μ=3.0),46,Lateral,2,Lateral,2,Diseased,Point Estimate,0.004346,0.047536,0.047536,,0.000000,,0.004346
MI_3,MI Severe (μ=3.0),46,Lateral,2,Lateral,2,Diseased,MCMC,0.001894,,0.112921,1.761131,1.761131,1.000000,0.001894
MI_3,MI Severe (μ=3.0),46,Lateral,2,Septal,3,Non-diseased,Point Estimate,0.003410,0.058367,0.058367,,0.000000,,0.003410
MI_3,MI Severe (μ=3.0),46,Lateral,2,Septal,3,Non-diseased,MCMC,0.023447,,0.092712,0.920146,0.920146,1.000000,0.023447
MI_3,MI Severe (μ=3.0),46,Lateral,2,Apical,4,Non-diseased,Point Estimate,0.004286,0.063787,0.063787,,0.000000,,0.004286
MI_3,MI Severe (μ=3.0),46,Lateral,2,Apical,4,Non-diseased,MCMC,0.000198,,0.025459,0.440859,0.440859,1.000000,0.000198
MI_3,MI Severe (μ=3.0),47,Lateral,2,Anterior,0,Non-diseased,Point Estimate,0.019601,0.137679,0.137679,,0.000000,,0.019601
MI_3,MI Severe (μ=3.0),47,Lateral,2,Anterior,0,Non-diseased,MCMC,0.003626,,0.059637,0.847893,0.847893,1.000000,0.003626
MI_3,MI Severe (μ=3.0),47,Lateral,2,Inferior,1,Non-diseased,Point Estimate,0.001701,0.041021,0.041021,,0.000000,,0.001701
MI_3,MI Severe (μ=3.0),47,Lateral,2,Inferior,1,Non-diseased,MCMC,0.004749,,0.082766,1.226353,1.226353,1.000000,0.004749
MI_3,MI Severe (μ=3.0),47,Lateral,2,Lateral,2,Diseased,Point Estimate,0.000190,0.009847,0.009847,,0.000000,,0.000190
MI_3,MI Severe (μ=3.0),47,Lateral,2,Lateral,2,Diseased,MCMC,0.029352,,0.108532,1.176702,1.176702,1.000000,0.029352
MI_3,MI Severe (μ=3.0),47,Lateral,2,Septal,3,Non-diseased,Point Estimate,0.019442,0.139160,0.139160,,0.000000,,0.019442
MI_3,MI Severe (μ=3.0),47,Lateral,2,Septal,3,Non-diseased,MCMC,0.016613,,0.083214,0.900850,0.900850,1.000000,0.016613
MI_3,MI Severe (μ=3.0),47,Lateral,2,Apical,4,Non-diseased,Point Estimate,0.002174,0.046625,0.046625,,0.000000,,0.002174
MI_3,MI Severe (μ=3.0),47,Lateral,2,Apical,4,Non-diseased,MCMC,0.000152,,0.028399,0.481197,0.481197,1.000000,0.000152
MI_3,MI Severe (μ=3.0),48,Lateral,2,Anterior,0,Non-diseased,Point Estimate,0.001294,0.034357,0.034357,,0.000000,,0.001294
MI_3,MI Severe (μ=3.0),48,Lateral,2,Anterior,0,Non-diseased,MCMC,0.017725,,0.081854,0.829753,0.829753,1.000000,0.017725
MI_3,MI Severe (μ=3.0),48,Lateral,2,Inferior,1,Non-diseased,Point Estimate,0.001570,0.037972,0.037972,,0.000000,,0.001570
MI_3,MI Severe (μ=3.0),48,Lateral,2,Inferior,1,Non-diseased,MCMC,0.002209,,0.083305,1.437239,1.437239,1.000000,0.002209
MI_3,MI Severe (μ=3.0),48,Lateral,2,Lateral,2,Diseased,Point Estimate,0.003388,0.045612,0.045612,,0.000000,,0.003388
MI_3,MI Severe (μ=3.0),48,Lateral,2,Lateral,2,Diseased,MCMC,0.009103,,0.108776,1.540437,1.540437,1.000000,0.009103
MI_3,MI Severe (μ=3.0),48,Lateral,2,Septal,3,Non-diseased,Point Estimate,0.001606,0.039934,0.039934,,0.000000,,0.001606
MI_3,MI Severe (μ=3.0),48,Lateral,2,Septal,3,Non-diseased,MCMC,0.025956,,0.099858,0.930150,0.930150,1.000000,0.025956
MI_3,MI Severe (μ=3.0),48,Lateral,2,Apical,4,Non-diseased,Point Estimate,0.002925,0.053568,0.053568,,0.000000,,0.002925
MI_3,MI Severe (μ=3.0),48,Lateral,2,Apical,4,Non-diseased,MCMC,0.000155,,0.027478,0.468878,0.468878,1.000000,0.000155
MI_3,MI Severe (μ=3.0),49,Lateral,2,Anterior,0,Non-diseased,Point Estimate,0.007293,0.081738,0.081738,,0.000000,,0.007293
MI_3,MI Severe (μ=3.0),49,Lateral,2,Anterior,0,Non-diseased,MCMC,0.018087,,0.085120,0.912297,0.912297,1.000000,0.018087
MI_3,MI Severe (μ=3.0),49,Lateral,2,Inferior,1,Non-diseased,Point Estimate,0.000040,0.005210,0.005210,,0.000000,,0.000040
MI_3,MI Severe (μ=3.0),49,Lateral,2,Inferior,1,Non-diseased,MCMC,0.000845,,0.088280,1.602028,1.602028,1.000000,0.000845
MI_3,MI Severe (μ=3.0),49,Lateral,2,Lateral,2,Diseased,Point Estimate,0.002377,0.040635,0.040635,,0.000000,,0.002377
MI_3,MI Severe (μ=3.0),49,Lateral,2,Lateral,2,Diseased,MCMC,0.017013,,0.125756,1.797824,1.797824,1.000000,0.017013
MI_3,MI Severe (μ=3.0),49,Lateral,2,Septal,3,Non-diseased,Point Estimate,0.002733,0.052243,0.052243,,0.000000,,0.002733
MI_3,MI Severe (μ=3.0),49,Lateral,2,Septal,3,Non-diseased,MCMC,0.022117,,0.089879,0.909126,0.909126,1.000000,0.022117
MI_3,MI Severe (μ=3.0),49,Lateral,2,Apical,4,Non-diseased,Point Estimate,0.004706,0.068286,0.068286,,0.000000,,0.004706
MI_3,MI Severe (μ=3.0),49,Lateral,2,Apical,4,Non-diseased,MCMC,0.000189,,0.026565,0.424948,0.424948,1.000000,0.000189
MI_3,MI Severe (μ=3.0),50,Lateral,2,Anterior,0,Non-diseased,Point Estimate,0.000328,0.015912,0.015912,,0.000000,,0.000328
MI_3,MI Severe (μ=3.0),50,Lateral,2,Anterior,0,Non-diseased,MCMC,0.005895,,0.057501,0.749779,0.749779,1.000000,0.005895
MI_3,MI Severe (μ=3.0),50,Lateral,2,Inferior,1,Non-diseased,Point Estimate,0.042153,0.203921,0.203921,,0.000000,,0.042153
MI_3,MI Severe (μ=3.0),50,Lateral,2,Inferior,1,Non-diseased,MCMC,0.001622,,0.073307,1.244075,1.244075,1.000000,0.001622
MI_3,MI Severe (μ=3.0),50,Lateral,2,Lateral,2,Diseased,Point Estimate,0.005806,0.059009,0.059009,,0.000000,,0.005806
MI_3,MI Severe (μ=3.0),50,Lateral,2,Lateral,2,Diseased,MCMC,0.012395,,0.101515,1.454593,1.454593,1.000000,0.012395
MI_3,MI Severe (μ=3.0),50,Lateral,2,Septal,3,Non-diseased,Point Estimate,0.000370,0.019193,0.019193,,0.000000,,0.000370
MI_3,MI Severe (μ=3.0),50,Lateral,2,Septal,3,Non-diseased,MCMC,0.021511,,0.094362,0.994804,0.994804,1.000000,0.021511
MI_3,MI Severe (μ=3.0),50,Lateral,2,Apical,4,Non-diseased,Point Estimate,0.003879,0.061982,0.061982,,0.000000,,0.003879
MI_3,MI Severe (μ=3.0),50,Lateral,2,Apical,4,Non-diseased,MCMC,0.000473,,0.029652,0.478981,0.478981,1.000000,0.000473
MI_3,MI Severe (μ=3.0),51,Lateral,2,Anterior,0,Non-diseased,Point Estimate,0.009031,0.093793,0.093793,,0.000000,,0.009031
MI_3,MI Severe (μ=3.0),51,Lateral,2,Anterior,0,Non-diseased,MCMC,0.010949,,0.068719,0.800796,0.800796,1.000000,0.010949
MI_3,MI Severe (μ=3.0),51,Lateral,2,Inferior,1,Non-diseased,Point Estimate,0.004370,0.066101,0.066101,,0.000000,,0.004370
MI_3,MI Severe (μ=3.0),51,Lateral,2,Inferior,1,Non-diseased,MCMC,0.002263,,0.072645,1.197846,1.197846,1.000000,0.002263
MI_3,MI Severe (μ=3.0),51,Lateral,2,Lateral,2,Diseased,Point Estimate,0.004192,0.057596,0.057596,,0.000000,,0.004192
MI_3,MI Severe (μ=3.0),51,Lateral,2,Lateral,2,Diseased,MCMC,0.016482,,0.106332,1.390984,1.390984,1.000000,0.016482
MI_3,MI Severe (μ=3.0),51,Lateral,2,Septal,3,Non-diseased,Point Estimate,0.008539,0.092366,0.092366,,0.000000,,0.008539
MI_3,MI Severe (μ=3.0),51,Lateral,2,Septal,3,Non-diseased,MCMC,0.022034,,0.091015,0.909071,0.909071,1.000000,0.022034
MI_3,MI Severe (μ=3.0),51,Lateral,2,Apical,4,Non-diseased,Point Estimate,0.002914,0.053934,0.053934,,0.000000,,0.002914
MI_3,MI Severe (μ=3.0),51,Lateral,2,Apical,4,Non-diseased,MCMC,0.000300,,0.030710,0.472368,0.472368,1.000000,0.000300
MI_3,MI Severe (μ=3.0),52,Lateral,2,Anterior,0,Non-diseased,Point Estimate,0.006293,0.075605,0.075605,,0.000000,,0.006293
MI_3,MI Severe (μ=3.0),52,Lateral,2,Anterior,0,Non-diseased,MCMC,0.021079,,0.089665,0.933105,0.933105,1.000000,0.021079
MI_3,MI Severe (μ=3.0),52,Lateral,2,Inferior,1,Non-diseased,Point Estimate,0.001070,0.032690,0.032690,,0.000000,,0.001070
MI_3,MI Severe (μ=3.0),52,Lateral,2,Inferior,1,Non-diseased,MCMC,0.005249,,0.087244,1.345021,1.345021,1.000000,0.005249
MI_3,MI Severe (μ=3.0),52,Lateral,2,Lateral,2,Diseased,Point Estimate,0.011070,0.092193,0.092193,,0.000000,,0.011070
MI_3,MI Severe (μ=3.0),52,Lateral,2,Lateral,2,Diseased,MCMC,0.011864,,0.117633,1.691637,1.691637,1.000000,0.011864
MI_3,MI Severe (μ=3.0),52,Lateral,2,Septal,3,Non-diseased,Point Estimate,0.000071,0.006010,0.006010,,0.000000,,0.000071
MI_3,MI Severe (μ=3.0),52,Lateral,2,Septal,3,Non-diseased,MCMC,0.025988,,0.095012,0.862103,0.862103,1.000000,0.025988
MI_3,MI Severe (μ=3.0),52,Lateral,2,Apical,4,Non-diseased,Point Estimate,0.003715,0.060207,0.060207,,0.000000,,0.003715
MI_3,MI Severe (μ=3.0),52,Lateral,2,Apical,4,Non-diseased,MCMC,0.000097,,0.024617,0.432914,0.432914,1.000000,0.000097
MI_3,MI Severe (μ=3.0),53,Lateral,2,Anterior,0,Non-diseased,Point Estimate,0.009409,0.092785,0.092785,,0.000000,,0.009409
MI_3,MI Severe (μ=3.0),53,Lateral,2,Anterior,0,Non-diseased,MCMC,0.014213,,0.077443,0.882648,0.882648,1.000000,0.014213
MI_3,MI Severe (μ=3.0),53,Lateral,2,Inferior,1,Non-diseased,Point Estimate,0.000074,0.008348,0.008348,,0.000000,,0.000074
MI_3,MI Severe (μ=3.0),53,Lateral,2,Inferior,1,Non-diseased,MCMC,0.019739,,0.110101,1.463733,1.463733,1.000000,0.019739
MI_3,MI Severe (μ=3.0),53,Lateral,2,Lateral,2,Diseased,Point Estimate,0.045061,0.193600,0.193600,,0.000000,,0.045061
MI_3,MI Severe (μ=3.0),53,Lateral,2,Lateral,2,Diseased,MCMC,0.003059,,0.116548,1.803124,1.803124,1.000000,0.003059
MI_3,MI Severe (μ=3.0),53,Lateral,2,Septal,3,Non-diseased,Point Estimate,0.000024,0.003673,0.003673,,0.000000,,0.000024
MI_3,MI Severe (μ=3.0),53,Lateral,2,Septal,3,Non-diseased,MCMC,0.025668,,0.098287,0.932374,0.932374,1.000000,0.025668
MI_3,MI Severe (μ=3.0),53,Lateral,2,Apical,4,Non-diseased,Point Estimate,0.003263,0.056682,0.056682,,0.000000,,0.003263
MI_3,MI Severe (μ=3.0),53,Lateral,2,Apical,4,Non-diseased,MCMC,0.000333,,0.029765,0.484747,0.484747,1.000000,0.000333
MI_3,MI Severe (μ=3.0),54,Lateral,2,Anterior,0,Non-diseased,Point Estimate,0.008681,0.090978,0.090978,,0.000000,,0.008681
MI_3,MI Severe (μ=3.0),54,Lateral,2,Anterior,0,Non-diseased,MCMC,0.007135,,0.066895,0.904341,0.904341,1.000000,0.007135
MI_3,MI Severe (μ=3.0),54,Lateral,2,Inferior,1,Non-diseased,Point Estimate,0.002300,0.047958,0.047958,,0.000000,,0.002300
MI_3,MI Severe (μ=3.0),54,Lateral,2,Inferior,1,Non-diseased,MCMC,0.016017,,0.086162,1.185576,1.185576,1.000000,0.016017
MI_3,MI Severe (μ=3.0),54,Lateral,2,Lateral,2,Diseased,Point Estimate,0.015521,0.111548,0.111548,,0.000000,,0.015521
MI_3,MI Severe (μ=3.0),54,Lateral,2,Lateral,2,Diseased,MCMC,0.003361,,0.099481,1.635184,1.635184,1.000000,0.003361
MI_3,MI Severe (μ=3.0),54,Lateral,2,Septal,3,Non-diseased,Point Estimate,0.004466,0.066657,0.066657,,0.000000,,0.004466
MI_3,MI Severe (μ=3.0),54,Lateral,2,Septal,3,Non-diseased,MCMC,0.019153,,0.085632,0.883294,0.883294,1.000000,0.019153
MI_3,MI Severe (μ=3.0),54,Lateral,2,Apical,4,Non-diseased,Point Estimate,0.002327,0.047933,0.047933,,0.000000,,0.002327
MI_3,MI Severe (μ=3.0),54,Lateral,2,Apical,4,Non-diseased,MCMC,0.000751,,0.030056,0.497413,0.497413,1.000000,0.000751
MI_3,MI Severe (μ=3.0),55,Lateral,2,Anterior,0,Non-diseased,Point Estimate,0.006705,0.079735,0.079735,,0.000000,,0.006705
MI_3,MI Severe (μ=3.0),55,Lateral,2,Anterior,0,Non-diseased,MCMC,0.008613,,0.064238,0.814234,0.814234,1.000000,0.008613
MI_3,MI Severe (μ=3.0),55,Lateral,2,Inferior,1,Non-diseased,Point Estimate,0.001776,0.039243,0.039243,,0.000000,,0.001776
MI_3,MI Severe (μ=3.0),55,Lateral,2,Inferior,1,Non-diseased,MCMC,0.001374,,0.076606,1.189505,1.189505,1.000000,0.001374
MI_3,MI Severe (μ=3.0),55,Lateral,2,Lateral,2,Diseased,Point Estimate,0.002115,0.038244,0.038244,,0.000000,,0.002115
MI_3,MI Severe (μ=3.0),55,Lateral,2,Lateral,2,Diseased,MCMC,0.029959,,0.111299,1.133047,1.133047,1.000000,0.029959
MI_3,MI Severe (μ=3.0),55,Lateral,2,Septal,3,Non-diseased,Point Estimate,0.002104,0.045818,0.045818,,0.000000,,0.002104
MI_3,MI Severe (μ=3.0),55,Lateral,2,Septal,3,Non-diseased,MCMC,0.029446,,0.105654,0.965999,0.965999,1.000000,0.029446
MI_3,MI Severe (μ=3.0),55,Lateral,2,Apical,4,Non-diseased,Point Estimate,0.002012,0.044473,0.044473,,0.000000,,0.002012
MI_3,MI Severe (μ=3.0),55,Lateral,2,Apical,4,Non-diseased,MCMC,0.001288,,0.028985,0.424220,0.424220,1.000000,0.001288
MI_3,MI Severe (μ=3.0),56,Lateral,2,Anterior,0,Non-diseased,Point Estimate,0.009179,0.090750,0.090750,,0.000000,,0.009179
MI_3,MI Severe (μ=3.0),56,Lateral,2,Anterior,0,Non-diseased,MCMC,0.011695,,0.072741,0.860598,0.860598,1.000000,0.011695
MI_3,MI Severe (μ=3.0),56,Lateral,2,Inferior,1,Non-diseased,Point Estimate,0.007727,0.087022,0.087022,,0.000000,,0.007727
MI_3,MI Severe (μ=3.0),56,Lateral,2,Inferior,1,Non-diseased,MCMC,0.010378,,0.097447,1.547487,1.547487,1.000000,0.010378
MI_3,MI Severe (μ=3.0),56,Lateral,2,Lateral,2,Diseased,Point Estimate,0.027181,0.148317,0.148317,,0.000000,,0.027181
MI_3,MI Severe (μ=3.0),56,Lateral,2,Lateral,2,Diseased,MCMC,0.002486,,0.113963,1.725519,1.725519,1.000000,0.002486
MI_3,MI Severe (μ=3.0),56,Lateral,2,Septal,3,Non-diseased,Point Estimate,0.000063,0.007073,0.007073,,0.000000,,0.000063
MI_3,MI Severe (μ=3.0),56,Lateral,2,Septal,3,Non-diseased,MCMC,0.028955,,0.101176,0.900255,0.900255,1.000000,0.028955
MI_3,MI Severe (μ=3.0),56,Lateral,2,Apical,4,Non-diseased,Point Estimate,0.003290,0.056592,0.056592,,0.000000,,0.003290
MI_3,MI Severe (μ=3.0),56,Lateral,2,Apical,4,Non-diseased,MCMC,0.001071,,0.032139,0.504954,0.504954,1.000000,0.001071
MI_3,MI Severe (μ=3.0),57,Lateral,2,Anterior,0,Non-diseased,Point Estimate,0.008514,0.089668,0.089668,,0.000000,,0.008514
MI_3,MI Severe (μ=3.0),57,Lateral,2,Anterior,0,Non-diseased,MCMC,0.006277,,0.066431,0.902759,0.902759,1.000000,0.006277
MI_3,MI Severe (μ=3.0),57,Lateral,2,Inferior,1,Non-diseased,Point Estimate,0.001122,0.033491,0.033491,,0.000000,,0.001122
MI_3,MI Severe (μ=3.0),57,Lateral,2,Inferior,1,Non-diseased,MCMC,0.019169,,0.099559,1.361952,1.361952,1.000000,0.019169
MI_3,MI Severe (μ=3.0),57,Lateral,2,Lateral,2,Diseased,Point Estimate,0.007768,0.069987,0.069987,,0.000000,,0.007768
MI_3,MI Severe (μ=3.0),57,Lateral,2,Lateral,2,Diseased,MCMC,0.000773,,0.100200,1.667858,1.667858,1.000000,0.000773
MI_3,MI Severe (μ=3.0),57,Lateral,2,Septal,3,Non-diseased,Point Estimate,0.003113,0.055756,0.055756,,0.000000,,0.003113
MI_3,MI Severe (μ=3.0),57,Lateral,2,Septal,3,Non-diseased,MCMC,0.020542,,0.088595,0.921047,0.921047,1.000000,0.020542
MI_3,MI Severe (μ=3.0),57,Lateral,2,Apical,4,Non-diseased,Point Estimate,0.002849,0.053290,0.053290,,0.000000,,0.002849
MI_3,MI Severe (μ=3.0),57,Lateral,2,Apical,4,Non-diseased,MCMC,0.000660,,0.032055,0.515168,0.515168,1.000000,0.000660
MI_3,MI Severe (μ=3.0),58,Lateral,2,Anterior,0,Non-diseased,Point Estimate,0.001295,0.034950,0.034950,,0.000000,,0.001295
MI_3,MI Severe (μ=3.0),58,Lateral,2,Anterior,0,Non-diseased,MCMC,0.020532,,0.085122,0.822013,0.822013,1.000000,0.020532
MI_3,MI Severe (μ=3.0),58,Lateral,2,Inferior,1,Non-diseased,Point Estimate,0.000189,0.009936,0.009936,,0.000000,,0.000189
MI_3,MI Severe (μ=3.0),58,Lateral,2,Inferior,1,Non-diseased,MCMC,0.010232,,0.092783,1.315121,1.315121,1.000000,0.010232
MI_3,MI Severe (μ=3.0),58,Lateral,2,Lateral,2,Diseased,Point Estimate,0.002652,0.045771,0.045771,,0.000000,,0.002652
MI_3,MI Severe (μ=3.0),58,Lateral,2,Lateral,2,Diseased,MCMC,0.002264,,0.089164,1.432876,1.432876,1.000000,0.002264
MI_3,MI Severe (μ=3.0),58,Lateral,2,Septal,3,Non-diseased,Point Estimate,0.001098,0.032186,0.032186,,0.000000,,0.001098
MI_3,MI Severe (μ=3.0),58,Lateral,2,Septal,3,Non-diseased,MCMC,0.036311,,0.110979,0.992011,0.992011,1.000000,0.036311
MI_3,MI Severe (μ=3.0),58,Lateral,2,Apical,4,Non-diseased,Point Estimate,0.002236,0.046807,0.046807,,0.000000,,0.002236
MI_3,MI Severe (μ=3.0),58,Lateral,2,Apical,4,Non-diseased,MCMC,0.000216,,0.030486,0.490251,0.490251,1.000000,0.000216
MI_3,MI Severe (μ=3.0),59,Lateral,2,Anterior,0,Non-diseased,Point Estimate,0.012486,0.105924,0.105924,,0.000000,,0.012486
MI_3,MI Severe (μ=3.0),59,Lateral,2,Anterior,0,Non-diseased,MCMC,0.010112,,0.070873,0.857732,0.857732,1.000000,0.010112
MI_3,MI Severe (μ=3.0),59,Lateral,2,Inferior,1,Non-diseased,Point Estimate,0.006696,0.081300,0.081300,,0.000000,,0.006696
MI_3,MI Severe (μ=3.0),59,Lateral,2,Inferior,1,Non-diseased,MCMC,0.003227,,0.085073,1.489429,1.489429,1.000000,0.003227
MI_3,MI Severe (μ=3.0),59,Lateral,2,Lateral,2,Diseased,Point Estimate,0.008704,0.083932,0.083932,,0.000000,,0.008704
MI_3,MI Severe (μ=3.0),59,Lateral,2,Lateral,2,Diseased,MCMC,0.002410,,0.113864,1.717328,1.717328,1.000000,0.002410
MI_3,MI Severe (μ=3.0),59,Lateral,2,Septal,3,Non-diseased,Point Estimate,0.000085,0.009120,0.009120,,0.000000,,0.000085
MI_3,MI Severe (μ=3.0),59,Lateral,2,Septal,3,Non-diseased,MCMC,0.019857,,0.087324,0.885351,0.885351,1.000000,0.019857
MI_3,MI Severe (μ=3.0),59,Lateral,2,Apical,4,Non-diseased,Point Estimate,0.003948,0.061815,0.061815,,0.000000,,0.003948
MI_3,MI Severe (μ=3.0),59,Lateral,2,Apical,4,Non-diseased,MCMC,0.000189,,0.027184,0.482918,0.482918,1.000000,0.000189
MI_3,MI Severe (μ=3.0),60,Septal,3,Anterior,0,Non-diseased,Point Estimate,0.026475,0.161325,0.161325,,0.000000,,0.026475
MI_3,MI Severe (μ=3.0),60,Septal,3,Anterior,0,Non-diseased,MCMC,0.001184,,0.046089,0.735778,0.735778,1.000000,0.001184
MI_3,MI Severe (μ=3.0),60,Septal,3,Inferior,1,Non-diseased,Point Estimate,0.007807,0.088351,0.088351,,0.000000,,0.007807
MI_3,MI Severe (μ=3.0),60,Septal,3,Inferior,1,Non-diseased,MCMC,0.028596,,0.108032,1.229929,1.229929,1.000000,0.028596
MI_3,MI Severe (μ=3.0),60,Septal,3,Lateral,2,Non-diseased,Point Estimate,0.001193,0.034544,0.034544,,0.000000,,0.001193
MI_3,MI Severe (μ=3.0),60,Septal,3,Lateral,2,Non-diseased,MCMC,0.000056,,0.028649,0.481498,0.481498,1.000000,0.000056
MI_3,MI Severe (μ=3.0),60,Septal,3,Septal,3,Diseased,Point Estimate,0.464687,0.649561,0.649561,,0.000000,,0.464687
MI_3,MI Severe (μ=3.0),60,Septal,3,Septal,3,Diseased,MCMC,0.015141,,0.198862,2.429641,2.429641,1.000000,0.015141
MI_3,MI Severe (μ=3.0),60,Septal,3,Apical,4,Non-diseased,Point Estimate,0.006290,0.078412,0.078412,,0.000000,,0.006290
MI_3,MI Severe (μ=3.0),60,Septal,3,Apical,4,Non-diseased,MCMC,0.000124,,0.027208,0.431744,0.431744,1.000000,0.000124
MI_3,MI Severe (μ=3.0),61,Septal,3,Anterior,0,Non-diseased,Point Estimate,0.028031,0.163305,0.163305,,0.000000,,0.028031
MI_3,MI Severe (μ=3.0),61,Septal,3,Anterior,0,Non-diseased,MCMC,0.000414,,0.046685,0.731459,0.731459,1.000000,0.000414
MI_3,MI Severe (μ=3.0),61,Septal,3,Inferior,1,Non-diseased,Point Estimate,0.016517,0.128005,0.128005,,0.000000,,0.016517
MI_3,MI Severe (μ=3.0),61,Septal,3,Inferior,1,Non-diseased,MCMC,0.013633,,0.094693,1.239321,1.239321,1.000000,0.013633
MI_3,MI Severe (μ=3.0),61,Septal,3,Lateral,2,Non-diseased,Point Estimate,0.000842,0.029010,0.029010,,0.000000,,0.000842
MI_3,MI Severe (μ=3.0),61,Septal,3,Lateral,2,Non-diseased,MCMC,0.000030,,0.027369,0.480009,0.480009,1.000000,0.000030
MI_3,MI Severe (μ=3.0),61,Septal,3,Septal,3,Diseased,Point Estimate,0.360813,0.593037,0.593037,,0.000000,,0.360813
MI_3,MI Severe (μ=3.0),61,Septal,3,Septal,3,Diseased,MCMC,0.058653,,0.254233,2.862096,2.862096,1.000000,0.058653
MI_3,MI Severe (μ=3.0),61,Septal,3,Apical,4,Non-diseased,Point Estimate,0.004622,0.065964,0.065964,,0.000000,,0.004622
MI_3,MI Severe (μ=3.0),61,Septal,3,Apical,4,Non-diseased,MCMC,0.000336,,0.021505,0.358328,0.358328,1.000000,0.000336
MI_3,MI Severe (μ=3.0),62,Septal,3,Anterior,0,Non-diseased,Point Estimate,0.054604,0.230545,0.230545,,0.000000,,0.054604
MI_3,MI Severe (μ=3.0),62,Septal,3,Anterior,0,Non-diseased,MCMC,0.003626,,0.048096,0.637945,0.637945,1.000000,0.003626
MI_3,MI Severe (μ=3.0),62,Septal,3,Inferior,1,Non-diseased,Point Estimate,0.071995,0.264469,0.264469,,0.000000,,0.071995
MI_3,MI Severe (μ=3.0),62,Septal,3,Inferior,1,Non-diseased,MCMC,0.018091,,0.101559,1.265334,1.265334,1.000000,0.018091
MI_3,MI Severe (μ=3.0),62,Septal,3,Lateral,2,Non-diseased,Point Estimate,0.001752,0.041767,0.041767,,0.000000,,0.001752
MI_3,MI Severe (μ=3.0),62,Septal,3,Lateral,2,Non-diseased,MCMC,0.000064,,0.030560,0.490901,0.490901,1.000000,0.000064
MI_3,MI Severe (μ=3.0),62,Septal,3,Septal,3,Diseased,Point Estimate,0.993614,0.976780,0.976780,,0.000000,,0.993614
MI_3,MI Severe (μ=3.0),62,Septal,3,Septal,3,Diseased,MCMC,0.055293,,0.237149,2.752002,2.752002,1.000000,0.055293
MI_3,MI Severe (μ=3.0),62,Septal,3,Apical,4,Non-diseased,Point Estimate,0.008292,0.089764,0.089764,,0.000000,,0.008292
MI_3,MI Severe (μ=3.0),62,Septal,3,Apical,4,Non-diseased,MCMC,0.000548,,0.025357,0.432667,0.432667,1.000000,0.000548
MI_3,MI Severe (μ=3.0),63,Septal,3,Anterior,0,Non-diseased,Point Estimate,0.014204,0.118342,0.118342,,0.000000,,0.014204
MI_3,MI Severe (μ=3.0),63,Septal,3,Anterior,0,Non-diseased,MCMC,0.002953,,0.051578,0.744842,0.744842,1.000000,0.002953
MI_3,MI Severe (μ=3.0),63,Septal,3,Inferior,1,Non-diseased,Point Estimate,0.024597,0.156637,0.156637,,0.000000,,0.024597
MI_3,MI Severe (μ=3.0),63,Septal,3,Inferior,1,Non-diseased,MCMC,0.003054,,0.086026,1.286762,1.286762,1.000000,0.003054
MI_3,MI Severe (μ=3.0),63,Septal,3,Lateral,2,Non-diseased,Point Estimate,0.000590,0.024223,0.024223,,0.000000,,0.000590
MI_3,MI Severe (μ=3.0),63,Septal,3,Lateral,2,Non-diseased,MCMC,0.000265,,0.028098,0.467213,0.467213,1.000000,0.000265
MI_3,MI Severe (μ=3.0),63,Septal,3,Septal,3,Diseased,Point Estimate,0.108246,0.321846,0.321846,,0.000000,,0.108246
MI_3,MI Severe (μ=3.0),63,Septal,3,Septal,3,Diseased,MCMC,0.004440,,0.180117,2.757812,2.757812,1.000000,0.004440
MI_3,MI Severe (μ=3.0),63,Septal,3,Apical,4,Non-diseased,Point Estimate,0.002778,0.050318,0.050318,,0.000000,,0.002778
MI_3,MI Severe (μ=3.0),63,Septal,3,Apical,4,Non-diseased,MCMC,0.001023,,0.028752,0.418083,0.418083,1.000000,0.001023
MI_3,MI Severe (μ=3.0),64,Septal,3,Anterior,0,Non-diseased,Point Estimate,0.021711,0.145167,0.145167,,0.000000,,0.021711
MI_3,MI Severe (μ=3.0),64,Septal,3,Anterior,0,Non-diseased,MCMC,0.001336,,0.049987,0.793838,0.793838,1.000000,0.001336
MI_3,MI Severe (μ=3.0),64,Septal,3,Inferior,1,Non-diseased,Point Estimate,0.005225,0.072245,0.072245,,0.000000,,0.005225
MI_3,MI Severe (μ=3.0),64,Septal,3,Inferior,1,Non-diseased,MCMC,0.009793,,0.089833,1.252920,1.252920,1.000000,0.009793
MI_3,MI Severe (μ=3.0),64,Septal,3,Lateral,2,Non-diseased,Point Estimate,0.000751,0.027402,0.027402,,0.000000,,0.000751
MI_3,MI Severe (μ=3.0),64,Septal,3,Lateral,2,Non-diseased,MCMC,0.000007,,0.030023,0.543219,0.543219,1.000000,0.000007
MI_3,MI Severe (μ=3.0),64,Septal,3,Septal,3,Diseased,Point Estimate,0.130015,0.348685,0.348685,,0.000000,,0.130015
MI_3,MI Severe (μ=3.0),64,Septal,3,Septal,3,Diseased,MCMC,0.004798,,0.202557,2.824204,2.824204,1.000000,0.004798
MI_3,MI Severe (μ=3.0),64,Septal,3,Apical,4,Non-diseased,Point Estimate,0.004075,0.061996,0.061996,,0.000000,,0.004075
MI_3,MI Severe (μ=3.0),64,Septal,3,Apical,4,Non-diseased,MCMC,0.001615,,0.029913,0.431410,0.431410,1.000000,0.001615
MI_3,MI Severe (μ=3.0),65,Septal,3,Anterior,0,Non-diseased,Point Estimate,0.021845,0.146765,0.146765,,0.000000,,0.021845
MI_3,MI Severe (μ=3.0),65,Septal,3,Anterior,0,Non-diseased,MCMC,0.000952,,0.043005,0.654612,0.654612,1.000000,0.000952
MI_3,MI Severe (μ=3.0),65,Septal,3,Inferior,1,Non-diseased,Point Estimate,0.068876,0.259665,0.259665,,0.000000,,0.068876
MI_3,MI Severe (μ=3.0),65,Septal,3,Inferior,1,Non-diseased,MCMC,0.042054,,0.125011,1.186255,1.186255,1.000000,0.042054
MI_3,MI Severe (μ=3.0),65,Septal,3,Lateral,2,Non-diseased,Point Estimate,0.000966,0.030734,0.030734,,0.000000,,0.000966
MI_3,MI Severe (μ=3.0),65,Septal,3,Lateral,2,Non-diseased,MCMC,0.000140,,0.029368,0.467194,0.467194,1.000000,0.000140
MI_3,MI Severe (μ=3.0),65,Septal,3,Septal,3,Diseased,Point Estimate,0.419201,0.629849,0.629849,,0.000000,,0.419201
MI_3,MI Severe (μ=3.0),65,Septal,3,Septal,3,Diseased,MCMC,0.016561,,0.182717,2.452452,2.452452,1.000000,0.016561
MI_3,MI Severe (μ=3.0),65,Septal,3,Apical,4,Non-diseased,Point Estimate,0.006711,0.081031,0.081031,,0.000000,,0.006711
MI_3,MI Severe (μ=3.0),65,Septal,3,Apical,4,Non-diseased,MCMC,0.000873,,0.028950,0.444375,0.444375,1.000000,0.000873
MI_3,MI Severe (μ=3.0),66,Septal,3,Anterior,0,Non-diseased,Point Estimate,0.015816,0.124992,0.124992,,0.000000,,0.015816
MI_3,MI Severe (μ=3.0),66,Septal,3,Anterior,0,Non-diseased,MCMC,0.000658,,0.045699,0.709422,0.709422,1.000000,0.000658
MI_3,MI Severe (μ=3.0),66,Septal,3,Inferior,1,Non-diseased,Point Estimate,0.010379,0.101875,0.101875,,0.000000,,0.010379
MI_3,MI Severe (μ=3.0),66,Septal,3,Inferior,1,Non-diseased,MCMC,0.019101,,0.103730,1.332663,1.332663,1.000000,0.019101
MI_3,MI Severe (μ=3.0),66,Septal,3,Lateral,2,Non-diseased,Point Estimate,0.000684,0.026034,0.026034,,0.000000,,0.000684
MI_3,MI Severe (μ=3.0),66,Septal,3,Lateral,2,Non-diseased,MCMC,0.000014,,0.031492,0.487033,0.487033,1.000000,0.000014
MI_3,MI Severe (μ=3.0),66,Septal,3,Septal,3,Diseased,Point Estimate,0.246748,0.485710,0.485710,,0.000000,,0.246748
MI_3,MI Severe (μ=3.0),66,Septal,3,Septal,3,Diseased,MCMC,0.146679,,0.271122,3.008068,3.008068,1.000000,0.146679
MI_3,MI Severe (μ=3.0),66,Septal,3,Apical,4,Non-diseased,Point Estimate,0.004265,0.063752,0.063752,,0.000000,,0.004265
MI_3,MI Severe (μ=3.0),66,Septal,3,Apical,4,Non-diseased,MCMC,0.000713,,0.024964,0.418732,0.418732,1.000000,0.000713
MI_3,MI Severe (μ=3.0),67,Septal,3,Anterior,0,Non-diseased,Point Estimate,0.022909,0.149822,0.149822,,0.000000,,0.022909
MI_3,MI Severe (μ=3.0),67,Septal,3,Anterior,0,Non-diseased,MCMC,0.000805,,0.046630,0.716785,0.716785,1.000000,0.000805
MI_3,MI Severe (μ=3.0),67,Septal,3,Inferior,1,Non-diseased,Point Estimate,0.018105,0.134117,0.134117,,0.000000,,0.018105
MI_3,MI Severe (μ=3.0),67,Septal,3,Inferior,1,Non-diseased,MCMC,0.032151,,0.112661,1.275253,1.275253,1.000000,0.032151
MI_3,MI Severe (μ=3.0),67,Septal,3,Lateral,2,Non-diseased,Point Estimate,0.000958,0.030954,0.030954,,0.000000,,0.000958
MI_3,MI Severe (μ=3.0),67,Septal,3,Lateral,2,Non-diseased,MCMC,0.000140,,0.029736,0.541436,0.541436,1.000000,0.000140
MI_3,MI Severe (μ=3.0),67,Septal,3,Septal,3,Diseased,Point Estimate,0.384058,0.600854,0.600854,,0.000000,,0.384058
MI_3,MI Severe (μ=3.0),67,Septal,3,Septal,3,Diseased,MCMC,0.024778,,0.212853,2.728298,2.728298,1.000000,0.024778
MI_3,MI Severe (μ=3.0),67,Septal,3,Apical,4,Non-diseased,Point Estimate,0.005901,0.075469,0.075469,,0.000000,,0.005901
MI_3,MI Severe (μ=3.0),67,Septal,3,Apical,4,Non-diseased,MCMC,0.000772,,0.027047,0.434588,0.434588,1.000000,0.000772
MI_3,MI Severe (μ=3.0),68,Septal,3,Anterior,0,Non-diseased,Point Estimate,0.015236,0.122724,0.122724,,0.000000,,0.015236
MI_3,MI Severe (μ=3.0),68,Septal,3,Anterior,0,Non-diseased,MCMC,0.001841,,0.049328,0.704573,0.704573,1.000000,0.001841
MI_3,MI Severe (μ=3.0),68,Septal,3,Inferior,1,Non-diseased,Point Estimate,0.059527,0.243154,0.243154,,0.000000,,0.059527
MI_3,MI Severe (μ=3.0),68,Septal,3,Inferior,1,Non-diseased,MCMC,0.048691,,0.130631,1.214163,1.214163,1.000000,0.048691
MI_3,MI Severe (μ=3.0),68,Septal,3,Lateral,2,Non-diseased,Point Estimate,0.000867,0.028398,0.028398,,0.000000,,0.000867
MI_3,MI Severe (μ=3.0),68,Septal,3,Lateral,2,Non-diseased,MCMC,0.000203,,0.030645,0.506068,0.506068,1.000000,0.000203
MI_3,MI Severe (μ=3.0),68,Septal,3,Septal,3,Diseased,Point Estimate,0.167532,0.401935,0.401935,,0.000000,,0.167532
MI_3,MI Severe (μ=3.0),68,Septal,3,Septal,3,Diseased,MCMC,0.076407,,0.213472,2.662740,2.662740,1.000000,0.076407
MI_3,MI Severe (μ=3.0),68,Septal,3,Apical,4,Non-diseased,Point Estimate,0.005044,0.069880,0.069880,,0.000000,,0.005044
MI_3,MI Severe (μ=3.0),68,Septal,3,Apical,4,Non-diseased,MCMC,0.000472,,0.023379,0.371352,0.371352,1.000000,0.000472
MI_3,MI Severe (μ=3.0),69,Septal,3,Anterior,0,Non-diseased,Point Estimate,0.012126,0.108704,0.108704,,0.000000,,0.012126
MI_3,MI Severe (μ=3.0),69,Septal,3,Anterior,0,Non-diseased,MCMC,0.003444,,0.052201,0.751415,0.751415,1.000000,0.003444
MI_3,MI Severe (μ=3.0),69,Septal,3,Inferior,1,Non-diseased,Point Estimate,0.013732,0.115409,0.115409,,0.000000,,0.013732
MI_3,MI Severe (μ=3.0),69,Septal,3,Inferior,1,Non-diseased,MCMC,0.000423,,0.078935,1.213737,1.213737,1.000000,0.000423
MI_3,MI Severe (μ=3.0),69,Septal,3,Lateral,2,Non-diseased,Point Estimate,0.000028,0.005021,0.005021,,0.000000,,0.000028
MI_3,MI Severe (μ=3.0),69,Septal,3,Lateral,2,Non-diseased,MCMC,0.000064,,0.028162,0.480010,0.480010,1.000000,0.000064
MI_3,MI Severe (μ=3.0),69,Septal,3,Septal,3,Diseased,Point Estimate,0.002441,0.038125,0.038125,,0.000000,,0.002441
MI_3,MI Severe (μ=3.0),69,Septal,3,Septal,3,Diseased,MCMC,0.001956,,0.187070,2.680838,2.680838,1.000000,0.001956
MI_3,MI Severe (μ=3.0),69,Septal,3,Apical,4,Non-diseased,Point Estimate,0.002505,0.049336,0.049336,,0.000000,,0.002505
MI_3,MI Severe (μ=3.0),69,Septal,3,Apical,4,Non-diseased,MCMC,0.002505,,0.034138,0.449402,0.449402,1.000000,0.002505
MI_3,MI Severe (μ=3.0),70,Septal,3,Anterior,0,Non-diseased,Point Estimate,0.005785,0.074857,0.074857,,0.000000,,0.005785
MI_3,MI Severe (μ=3.0),70,Septal,3,Anterior,0,Non-diseased,MCMC,0.004327,,0.054335,0.745227,0.745227,1.000000,0.004327
MI_3,MI Severe (μ=3.0),70,Septal,3,Inferior,1,Non-diseased,Point Estimate,0.049916,0.219865,0.219865,,0.000000,,0.049916
MI_3,MI Severe (μ=3.0),70,Septal,3,Inferior,1,Non-diseased,MCMC,0.001564,,0.085888,1.369451,1.369451,1.000000,0.001564
MI_3,MI Severe (μ=3.0),70,Septal,3,Lateral,2,Non-diseased,Point Estimate,0.000060,0.007694,0.007694,,0.000000,,0.000060
MI_3,MI Severe (μ=3.0),70,Septal,3,Lateral,2,Non-diseased,MCMC,0.000271,,0.031836,0.518954,0.518954,1.000000,0.000271
MI_3,MI Severe (μ=3.0),70,Septal,3,Septal,3,Diseased,Point Estimate,0.003499,0.055404,0.055404,,0.000000,,0.003499
MI_3,MI Severe (μ=3.0),70,Septal,3,Septal,3,Diseased,MCMC,0.006582,,0.198408,2.718939,2.718939,1.000000,0.006582
MI_3,MI Severe (μ=3.0),70,Septal,3,Apical,4,Non-diseased,Point Estimate,0.001935,0.043481,0.043481,,0.000000,,0.001935
MI_3,MI Severe (μ=3.0),70,Septal,3,Apical,4,Non-diseased,MCMC,0.001282,,0.029933,0.433101,0.433101,1.000000,0.001282
MI_3,MI Severe (μ=3.0),71,Septal,3,Anterior,0,Non-diseased,Point Estimate,0.049598,0.221023,0.221023,,0.000000,,0.049598
MI_3,MI Severe (μ=3.0),71,Septal,3,Anterior,0,Non-diseased,MCMC,0.003585,,0.053165,0.695945,0.695945,1.000000,0.003585
MI_3,MI Severe (μ=3.0),71,Septal,3,Inferior,1,Non-diseased,Point Estimate,0.084847,0.285925,0.285925,,0.000000,,0.084847
MI_3,MI Severe (μ=3.0),71,Septal,3,Inferior,1,Non-diseased,MCMC,0.032914,,0.118139,1.320359,1.320359,1.000000,0.032914
MI_3,MI Severe (μ=3.0),71,Septal,3,Lateral,2,Non-diseased,Point Estimate,0.001234,0.034587,0.034587,,0.000000,,0.001234
MI_3,MI Severe (μ=3.0),71,Septal,3,Lateral,2,Non-diseased,MCMC,0.000765,,0.031939,0.508497,0.508497,1.000000,0.000765
MI_3,MI Severe (μ=3.0),71,Septal,3,Septal,3,Diseased,Point Estimate,0.844373,0.894117,0.894117,,0.000000,,0.844373
MI_3,MI Severe (μ=3.0),71,Septal,3,Septal,3,Diseased,MCMC,0.005715,,0.207432,2.692888,2.692888,1.000000,0.005715
MI_3,MI Severe (μ=3.0),71,Septal,3,Apical,4,Non-diseased,Point Estimate,0.006497,0.079379,0.079379,,0.000000,,0.006497
MI_3,MI Severe (μ=3.0),71,Septal,3,Apical,4,Non-diseased,MCMC,0.000207,,0.029732,0.447117,0.447117,1.000000,0.000207
MI_3,MI Severe (μ=3.0),72,Septal,3,Anterior,0,Non-diseased,Point Estimate,0.028618,0.166754,0.166754,,0.000000,,0.028618
MI_3,MI Severe (μ=3.0),72,Septal,3,Anterior,0,Non-diseased,MCMC,0.001085,,0.044423,0.683757,0.683757,1.000000,0.001085
MI_3,MI Severe (μ=3.0),72,Septal,3,Inferior,1,Non-diseased,Point Estimate,0.007065,0.083989,0.083989,,0.000000,,0.007065
MI_3,MI Severe (μ=3.0),72,Septal,3,Inferior,1,Non-diseased,MCMC,0.016041,,0.096253,1.288498,1.288498,1.000000,0.016041
MI_3,MI Severe (μ=3.0),72,Septal,3,Lateral,2,Non-diseased,Point Estimate,0.000408,0.020208,0.020208,,0.000000,,0.000408
MI_3,MI Severe (μ=3.0),72,Septal,3,Lateral,2,Non-diseased,MCMC,0.000097,,0.030477,0.495452,0.495452,1.000000,0.000097
MI_3,MI Severe (μ=3.0),72,Septal,3,Septal,3,Diseased,Point Estimate,0.759678,0.849058,0.849058,,0.000000,,0.759678
MI_3,MI Severe (μ=3.0),72,Septal,3,Septal,3,Diseased,MCMC,0.069001,,0.240500,2.595454,2.595454,1.000000,0.069001
MI_3,MI Severe (μ=3.0),72,Septal,3,Apical,4,Non-diseased,Point Estimate,0.005643,0.072549,0.072549,,0.000000,,0.005643
MI_3,MI Severe (μ=3.0),72,Septal,3,Apical,4,Non-diseased,MCMC,0.000066,,0.025822,0.427523,0.427523,1.000000,0.000066
MI_3,MI Severe (μ=3.0),73,Septal,3,Anterior,0,Non-diseased,Point Estimate,0.025020,0.155059,0.155059,,0.000000,,0.025020
MI_3,MI Severe (μ=3.0),73,Septal,3,Anterior,0,Non-diseased,MCMC,0.001397,,0.041654,0.648355,0.648355,1.000000,0.001397
MI_3,MI Severe (μ=3.0),73,Septal,3,Inferior,1,Non-diseased,Point Estimate,0.044696,0.210121,0.210121,,0.000000,,0.044696
MI_3,MI Severe (μ=3.0),73,Septal,3,Inferior,1,Non-diseased,MCMC,0.009373,,0.085147,1.163529,1.163529,1.000000,0.009373
MI_3,MI Severe (μ=3.0),73,Septal,3,Lateral,2,Non-diseased,Point Estimate,0.000123,0.010910,0.010910,,0.000000,,0.000123
MI_3,MI Severe (μ=3.0),73,Septal,3,Lateral,2,Non-diseased,MCMC,0.000170,,0.026911,0.434856,0.434856,1.000000,0.000170
MI_3,MI Severe (μ=3.0),73,Septal,3,Septal,3,Diseased,Point Estimate,0.271950,0.520644,0.520644,,0.000000,,0.271950
MI_3,MI Severe (μ=3.0),73,Septal,3,Septal,3,Diseased,MCMC,0.032289,,0.174447,2.686941,2.686941,1.000000,0.032289
MI_3,MI Severe (μ=3.0),73,Septal,3,Apical,4,Non-diseased,Point Estimate,0.005162,0.069239,0.069239,,0.000000,,0.005162
MI_3,MI Severe (μ=3.0),73,Septal,3,Apical,4,Non-diseased,MCMC,0.001130,,0.026919,0.417980,0.417980,1.000000,0.001130
MI_3,MI Severe (μ=3.0),74,Septal,3,Anterior,0,Non-diseased,Point Estimate,0.024954,0.155907,0.155907,,0.000000,,0.024954
MI_3,MI Severe (μ=3.0),74,Septal,3,Anterior,0,Non-diseased,MCMC,0.001045,,0.047560,0.726449,0.726449,1.000000,0.001045
MI_3,MI Severe (μ=3.0),74,Septal,3,Inferior,1,Non-diseased,Point Estimate,0.039097,0.197074,0.197074,,0.000000,,0.039097
MI_3,MI Severe (μ=3.0),74,Septal,3,Inferior,1,Non-diseased,MCMC,0.026054,,0.115744,1.337865,1.337865,1.000000,0.026054
MI_3,MI Severe (μ=3.0),74,Septal,3,Lateral,2,Non-diseased,Point Estimate,0.001709,0.041340,0.041340,,0.000000,,0.001709
MI_3,MI Severe (μ=3.0),74,Septal,3,Lateral,2,Non-diseased,MCMC,0.000085,,0.029413,0.474467,0.474467,1.000000,0.000085
MI_3,MI Severe (μ=3.0),74,Septal,3,Septal,3,Diseased,Point Estimate,0.153907,0.385692,0.385692,,0.000000,,0.153907
MI_3,MI Severe (μ=3.0),74,Septal,3,Septal,3,Diseased,MCMC,0.029326,,0.205678,2.898286,2.898286,1.000000,0.029326
MI_3,MI Severe (μ=3.0),74,Septal,3,Apical,4,Non-diseased,Point Estimate,0.002593,0.049816,0.049816,,0.000000,,0.002593
MI_3,MI Severe (μ=3.0),74,Septal,3,Apical,4,Non-diseased,MCMC,0.000025,,0.027070,0.423108,0.423108,1.000000,0.000025
MI_3,MI Severe (μ=3.0),75,Septal,3,Anterior,0,Non-diseased,Point Estimate,0.012138,0.109945,0.109945,,0.000000,,0.012138
MI_3,MI Severe (μ=3.0),75,Septal,3,Anterior,0,Non-diseased,MCMC,0.001216,,0.049428,0.723183,0.723183,1.000000,0.001216
MI_3,MI Severe (μ=3.0),75,Septal,3,Inferior,1,Non-diseased,Point Estimate,0.031550,0.177113,0.177113,,0.000000,,0.031550
MI_3,MI Severe (μ=3.0),75,Septal,3,Inferior,1,Non-diseased,MCMC,0.075275,,0.158940,1.175732,1.175732,1.000000,0.075275
MI_3,MI Severe (μ=3.0),75,Septal,3,Lateral,2,Non-diseased,Point Estimate,0.000811,0.027569,0.027569,,0.000000,,0.000811
MI_3,MI Severe (μ=3.0),75,Septal,3,Lateral,2,Non-diseased,MCMC,0.000025,,0.025955,0.443353,0.443353,1.000000,0.000025
MI_3,MI Severe (μ=3.0),75,Septal,3,Septal,3,Diseased,Point Estimate,0.289292,0.525048,0.525048,,0.000000,,0.289292
MI_3,MI Severe (μ=3.0),75,Septal,3,Septal,3,Diseased,MCMC,0.105926,,0.227860,2.524495,2.524495,1.000000,0.105926
MI_3,MI Severe (μ=3.0),75,Septal,3,Apical,4,Non-diseased,Point Estimate,0.004569,0.067215,0.067215,,0.000000,,0.004569
MI_3,MI Severe (μ=3.0),75,Septal,3,Apical,4,Non-diseased,MCMC,0.000099,,0.021586,0.384169,0.384169,1.000000,0.000099
MI_3,MI Severe (μ=3.0),76,Septal,3,Anterior,0,Non-diseased,Point Estimate,0.010555,0.102158,0.102158,,0.000000,,0.010555
MI_3,MI Severe (μ=3.0),76,Septal,3,Anterior,0,Non-diseased,MCMC,0.001586,,0.047896,0.694573,0.694573,1.000000,0.001586
MI_3,MI Severe (μ=3.0),76,Septal,3,Inferior,1,Non-diseased,Point Estimate,0.022646,0.150147,0.150147,,0.000000,,0.022646
MI_3,MI Severe (μ=3.0),76,Septal,3,Inferior,1,Non-diseased,MCMC,0.056024,,0.138764,1.133478,1.133478,1.000000,0.056024
MI_3,MI Severe (μ=3.0),76,Septal,3,Lateral,2,Non-diseased,Point Estimate,0.000043,0.005457,0.005457,,0.000000,,0.000043
MI_3,MI Severe (μ=3.0),76,Septal,3,Lateral,2,Non-diseased,MCMC,0.000743,,0.033830,0.518085,0.518085,1.000000,0.000743
MI_3,MI Severe (μ=3.0),76,Septal,3,Septal,3,Diseased,Point Estimate,0.450631,0.647427,0.647427,,0.000000,,0.450631
MI_3,MI Severe (μ=3.0),76,Septal,3,Septal,3,Diseased,MCMC,0.026065,,0.189831,2.576198,2.576198,1.000000,0.026065
MI_3,MI Severe (μ=3.0),76,Septal,3,Apical,4,Non-diseased,Point Estimate,0.009533,0.096276,0.096276,,0.000000,,0.009533
MI_3,MI Severe (μ=3.0),76,Septal,3,Apical,4,Non-diseased,MCMC,0.001743,,0.029680,0.417202,0.417202,1.000000,0.001743
MI_3,MI Severe (μ=3.0),77,Septal,3,Anterior,0,Non-diseased,Point Estimate,0.017844,0.132480,0.132480,,0.000000,,0.017844
MI_3,MI Severe (μ=3.0),77,Septal,3,Anterior,0,Non-diseased,MCMC,0.001311,,0.049720,0.744307,0.744307,1.000000,0.001311
MI_3,MI Severe (μ=3.0),77,Septal,3,Inferior,1,Non-diseased,Point Estimate,0.023919,0.154586,0.154586,,0.000000,,0.023919
MI_3,MI Severe (μ=3.0),77,Septal,3,Inferior,1,Non-diseased,MCMC,0.024827,,0.106082,1.269102,1.269102,1.000000,0.024827
MI_3,MI Severe (μ=3.0),77,Septal,3,Lateral,2,Non-diseased,Point Estimate,0.000244,0.015395,0.015395,,0.000000,,0.000244
MI_3,MI Severe (μ=3.0),77,Septal,3,Lateral,2,Non-diseased,MCMC,0.000391,,0.030227,0.518451,0.518451,1.000000,0.000391
MI_3,MI Severe (μ=3.0),77,Septal,3,Septal,3,Diseased,Point Estimate,0.234216,0.475953,0.475953,,0.000000,,0.234216
MI_3,MI Severe (μ=3.0),77,Septal,3,Septal,3,Diseased,MCMC,0.038239,,0.215760,2.829660,2.829660,1.000000,0.038239
MI_3,MI Severe (μ=3.0),77,Septal,3,Apical,4,Non-diseased,Point Estimate,0.004609,0.065493,0.065493,,0.000000,,0.004609
MI_3,MI Severe (μ=3.0),77,Septal,3,Apical,4,Non-diseased,MCMC,0.001280,,0.029767,0.408764,0.408764,1.000000,0.001280
MI_3,MI Severe (μ=3.0),78,Septal,3,Anterior,0,Non-diseased,Point Estimate,0.012772,0.112467,0.112467,,0.000000,,0.012772
MI_3,MI Severe (μ=3.0),78,Septal,3,Anterior,0,Non-diseased,MCMC,0.000189,,0.042494,0.721306,0.721306,1.000000,0.000189
MI_3,MI Severe (μ=3.0),78,Septal,3,Inferior,1,Non-diseased,Point Estimate,0.031792,0.177951,0.177951,,0.000000,,0.031792
MI_3,MI Severe (μ=3.0),78,Septal,3,Inferior,1,Non-diseased,MCMC,0.020053,,0.105198,1.315153,1.315153,1.000000,0.020053
MI_3,MI Severe (μ=3.0),78,Septal,3,Lateral,2,Non-diseased,Point Estimate,0.001122,0.033453,0.033453,,0.000000,,0.001122
MI_3,MI Severe (μ=3.0),78,Septal,3,Lateral,2,Non-diseased,MCMC,0.000049,,0.031280,0.487662,0.487662,1.000000,0.000049
MI_3,MI Severe (μ=3.0),78,Septal,3,Septal,3,Diseased,Point Estimate,0.094111,0.299252,0.299252,,0.000000,,0.094111
MI_3,MI Severe (μ=3.0),78,Septal,3,Septal,3,Diseased,MCMC,0.025607,,0.183281,2.711447,2.711447,1.000000,0.025607
MI_3,MI Severe (μ=3.0),78,Septal,3,Apical,4,Non-diseased,Point Estimate,0.003389,0.056925,0.056925,,0.000000,,0.003389
MI_3,MI Severe (μ=3.0),78,Septal,3,Apical,4,Non-diseased,MCMC,0.000116,,0.022767,0.415265,0.415265,1.000000,0.000116
MI_3,MI Severe (μ=3.0),79,Septal,3,Anterior,0,Non-diseased,Point Estimate,0.023488,0.152225,0.152225,,0.000000,,0.023488
MI_3,MI Severe (μ=3.0),79,Septal,3,Anterior,0,Non-diseased,MCMC,0.000365,,0.044064,0.706638,0.706638,1.000000,0.000365
MI_3,MI Severe (μ=3.0),79,Septal,3,Inferior,1,Non-diseased,Point Estimate,0.034329,0.184355,0.184355,,0.000000,,0.034329
MI_3,MI Severe (μ=3.0),79,Septal,3,Inferior,1,Non-diseased,MCMC,0.035929,,0.121389,1.309930,1.309930,1.000000,0.035929
MI_3,MI Severe (μ=3.0),79,Septal,3,Lateral,2,Non-diseased,Point Estimate,0.000950,0.030442,0.030442,,0.000000,,0.000950
MI_3,MI Severe (μ=3.0),79,Septal,3,Lateral,2,Non-diseased,MCMC,0.000097,,0.029028,0.492637,0.492637,1.000000,0.000097
MI_3,MI Severe (μ=3.0),79,Septal,3,Septal,3,Diseased,Point Estimate,0.189054,0.424056,0.424056,,0.000000,,0.189054
MI_3,MI Severe (μ=3.0),79,Septal,3,Septal,3,Diseased,MCMC,0.016952,,0.182817,2.675520,2.675520,1.000000,0.016952
MI_3,MI Severe (μ=3.0),79,Septal,3,Apical,4,Non-diseased,Point Estimate,0.002641,0.049821,0.049821,,0.000000,,0.002641
MI_3,MI Severe (μ=3.0),79,Septal,3,Apical,4,Non-diseased,MCMC,0.000206,,0.029460,0.450589,0.450589,1.000000,0.000206
MI_3,MI Severe (μ=3.0),80,Apical,4,Anterior,0,Non-diseased,Point Estimate,0.000794,0.027920,0.027920,,0.000000,,0.000794
MI_3,MI Severe (μ=3.0),80,Apical,4,Anterior,0,Non-diseased,MCMC,0.009277,,0.065858,0.823973,0.823973,1.000000,0.009277
MI_3,MI Severe (μ=3.0),80,Apical,4,Inferior,1,Non-diseased,Point Estimate,0.000368,0.019046,0.019046,,0.000000,,0.000368
MI_3,MI Severe (μ=3.0),80,Apical,4,Inferior,1,Non-diseased,MCMC,0.089570,,0.169525,1.279468,1.279468,1.000000,0.089570
MI_3,MI Severe (μ=3.0),80,Apical,4,Lateral,2,Non-diseased,Point Estimate,0.010057,0.098523,0.098523,,0.000000,,0.010057
MI_3,MI Severe (μ=3.0),80,Apical,4,Lateral,2,Non-diseased,MCMC,0.001784,,0.034473,0.515677,0.515677,1.000000,0.001784
MI_3,MI Severe (μ=3.0),80,Apical,4,Septal,3,Non-diseased,Point Estimate,0.007815,0.087906,0.087906,,0.000000,,0.007815
MI_3,MI Severe (μ=3.0),80,Apical,4,Septal,3,Non-diseased,MCMC,0.048118,,0.133868,1.179386,1.179386,1.000000,0.048118
MI_3,MI Severe (μ=3.0),80,Apical,4,Apical,4,Diseased,Point Estimate,0.001057,0.032452,0.032452,,0.000000,,0.001057
MI_3,MI Severe (μ=3.0),80,Apical,4,Apical,4,Diseased,MCMC,0.003485,,0.072444,1.081029,1.081029,1.000000,0.003485
MI_3,MI Severe (μ=3.0),81,Apical,4,Anterior,0,Non-diseased,Point Estimate,0.000023,0.003844,0.003844,,0.000000,,0.000023
MI_3,MI Severe (μ=3.0),81,Apical,4,Anterior,0,Non-diseased,MCMC,0.007420,,0.060579,0.747448,0.747448,1.000000,0.007420
MI_3,MI Severe (μ=3.0),81,Apical,4,Inferior,1,Non-diseased,Point Estimate,0.093892,0.306320,0.306320,,0.000000,,0.093892
MI_3,MI Severe (μ=3.0),81,Apical,4,Inferior,1,Non-diseased,MCMC,0.016085,,0.108131,1.376465,1.376465,1.000000,0.016085
MI_3,MI Severe (μ=3.0),81,Apical,4,Lateral,2,Non-diseased,Point Estimate,0.022075,0.147332,0.147332,,0.000000,,0.022075
MI_3,MI Severe (μ=3.0),81,Apical,4,Lateral,2,Non-diseased,MCMC,0.003737,,0.049799,0.714726,0.714726,1.000000,0.003737
MI_3,MI Severe (μ=3.0),81,Apical,4,Septal,3,Non-diseased,Point Estimate,0.000302,0.017370,0.017370,,0.000000,,0.000302
MI_3,MI Severe (μ=3.0),81,Apical,4,Septal,3,Non-diseased,MCMC,0.016503,,0.085737,1.007392,1.007392,1.000000,0.016503
MI_3,MI Severe (μ=3.0),81,Apical,4,Apical,4,Diseased,Point Estimate,0.007101,0.083912,0.083912,,0.000000,,0.007101
MI_3,MI Severe (μ=3.0),81,Apical,4,Apical,4,Diseased,MCMC,0.004665,,0.080516,1.258746,1.258746,1.000000,0.004665
MI_3,MI Severe (μ=3.0),82,Apical,4,Anterior,0,Non-diseased,Point Estimate,0.002364,0.048344,0.048344,,0.000000,,0.002364
MI_3,MI Severe (μ=3.0),82,Apical,4,Anterior,0,Non-diseased,MCMC,0.009426,,0.065066,0.747263,0.747263,1.000000,0.009426
MI_3,MI Severe (μ=3.0),82,Apical,4,Inferior,1,Non-diseased,Point Estimate,0.114049,0.337501,0.337501,,0.000000,,0.114049
MI_3,MI Severe (μ=3.0),82,Apical,4,Inferior,1,Non-diseased,MCMC,0.028876,,0.122015,1.326180,1.326180,1.000000,0.028876
MI_3,MI Severe (μ=3.0),82,Apical,4,Lateral,2,Non-diseased,Point Estimate,0.023727,0.153123,0.153123,,0.000000,,0.023727
MI_3,MI Severe (μ=3.0),82,Apical,4,Lateral,2,Non-diseased,MCMC,0.005956,,0.050091,0.606680,0.606680,1.000000,0.005956
MI_3,MI Severe (μ=3.0),82,Apical,4,Septal,3,Non-diseased,Point Estimate,0.002016,0.043533,0.043533,,0.000000,,0.002016
MI_3,MI Severe (μ=3.0),82,Apical,4,Septal,3,Non-diseased,MCMC,0.030412,,0.110465,1.183411,1.183411,1.000000,0.030412
MI_3,MI Severe (μ=3.0),82,Apical,4,Apical,4,Diseased,Point Estimate,0.016630,0.126352,0.126352,,0.000000,,0.016630
MI_3,MI Severe (μ=3.0),82,Apical,4,Apical,4,Diseased,MCMC,0.005377,,0.072579,1.096405,1.096405,1.000000,0.005377
MI_3,MI Severe (μ=3.0),83,Apical,4,Anterior,0,Non-diseased,Point Estimate,0.000551,0.023461,0.023461,,0.000000,,0.000551
MI_3,MI Severe (μ=3.0),83,Apical,4,Anterior,0,Non-diseased,MCMC,0.009014,,0.063414,0.733525,0.733525,1.000000,0.009014
MI_3,MI Severe (μ=3.0),83,Apical,4,Inferior,1,Non-diseased,Point Estimate,0.017785,0.132550,0.132550,,0.000000,,0.017785
MI_3,MI Severe (μ=3.0),83,Apical,4,Inferior,1,Non-diseased,MCMC,0.014788,,0.107278,1.399061,1.399061,1.000000,0.014788
MI_3,MI Severe (μ=3.0),83,Apical,4,Lateral,2,Non-diseased,Point Estimate,0.019671,0.139180,0.139180,,0.000000,,0.019671
MI_3,MI Severe (μ=3.0),83,Apical,4,Lateral,2,Non-diseased,MCMC,0.004428,,0.049676,0.747551,0.747551,1.000000,0.004428
MI_3,MI Severe (μ=3.0),83,Apical,4,Septal,3,Non-diseased,Point Estimate,0.000570,0.022825,0.022825,,0.000000,,0.000570
MI_3,MI Severe (μ=3.0),83,Apical,4,Septal,3,Non-diseased,MCMC,0.019925,,0.092259,1.057561,1.057561,1.000000,0.019925
MI_3,MI Severe (μ=3.0),83,Apical,4,Apical,4,Diseased,Point Estimate,0.008441,0.090586,0.090586,,0.000000,,0.008441
MI_3,MI Severe (μ=3.0),83,Apical,4,Apical,4,Diseased,MCMC,0.000233,,0.076139,1.326810,1.326810,1.000000,0.000233
MI_3,MI Severe (μ=3.0),84,Apical,4,Anterior,0,Non-diseased,Point Estimate,0.007078,0.083218,0.083218,,0.000000,,0.007078
MI_3,MI Severe (μ=3.0),84,Apical,4,Anterior,0,Non-diseased,MCMC,0.015641,,0.076412,0.773803,0.773803,1.000000,0.015641
MI_3,MI Severe (μ=3.0),84,Apical,4,Inferior,1,Non-diseased,Point Estimate,0.000371,0.013656,0.013656,,0.000000,,0.000371
MI_3,MI Severe (μ=3.0),84,Apical,4,Inferior,1,Non-diseased,MCMC,0.029288,,0.116872,1.305701,1.305701,1.000000,0.029288
MI_3,MI Severe (μ=3.0),84,Apical,4,Lateral,2,Non-diseased,Point Estimate,0.009482,0.096565,0.096565,,0.000000,,0.009482
MI_3,MI Severe (μ=3.0),84,Apical,4,Lateral,2,Non-diseased,MCMC,0.004143,,0.048638,0.686972,0.686972,1.000000,0.004143
MI_3,MI Severe (μ=3.0),84,Apical,4,Septal,3,Non-diseased,Point Estimate,0.000170,0.010759,0.010759,,0.000000,,0.000170
MI_3,MI Severe (μ=3.0),84,Apical,4,Septal,3,Non-diseased,MCMC,0.058043,,0.142015,1.220155,1.220155,1.000000,0.058043
MI_3,MI Severe (μ=3.0),84,Apical,4,Apical,4,Diseased,Point Estimate,0.004574,0.067012,0.067012,,0.000000,,0.004574
MI_3,MI Severe (μ=3.0),84,Apical,4,Apical,4,Diseased,MCMC,0.009944,,0.083091,1.109496,1.109496,1.000000,0.009944
MI_3,MI Severe (μ=3.0),85,Apical,4,Anterior,0,Non-diseased,Point Estimate,0.001062,0.032294,0.032294,,0.000000,,0.001062
MI_3,MI Severe (μ=3.0),85,Apical,4,Anterior,0,Non-diseased,MCMC,0.006695,,0.061130,0.763682,0.763682,1.000000,0.006695
MI_3,MI Severe (μ=3.0),85,Apical,4,Inferior,1,Non-diseased,Point Estimate,0.151561,0.389308,0.389308,,0.000000,,0.151561
MI_3,MI Severe (μ=3.0),85,Apical,4,Inferior,1,Non-diseased,MCMC,0.005656,,0.094076,1.418209,1.418209,1.000000,0.005656
MI_3,MI Severe (μ=3.0),85,Apical,4,Lateral,2,Non-diseased,Point Estimate,0.030019,0.172262,0.172262,,0.000000,,0.030019
MI_3,MI Severe (μ=3.0),85,Apical,4,Lateral,2,Non-diseased,MCMC,0.002282,,0.045902,0.706650,0.706650,1.000000,0.002282
MI_3,MI Severe (μ=3.0),85,Apical,4,Septal,3,Non-diseased,Point Estimate,0.000097,0.009729,0.009729,,0.000000,,0.000097
MI_3,MI Severe (μ=3.0),85,Apical,4,Septal,3,Non-diseased,MCMC,0.015225,,0.083366,0.964147,0.964147,1.000000,0.015225
MI_3,MI Severe (μ=3.0),85,Apical,4,Apical,4,Diseased,Point Estimate,0.041231,0.200934,0.200934,,0.000000,,0.041231
MI_3,MI Severe (μ=3.0),85,Apical,4,Apical,4,Diseased,MCMC,0.006179,,0.081310,1.319586,1.319586,1.000000,0.006179
MI_3,MI Severe (μ=3.0),86,Apical,4,Anterior,0,Non-diseased,Point Estimate,0.002962,0.054336,0.054336,,0.000000,,0.002962
MI_3,MI Severe (μ=3.0),86,Apical,4,Anterior,0,Non-diseased,MCMC,0.015072,,0.075173,0.683876,0.683876,1.000000,0.015072
MI_3,MI Severe (μ=3.0),86,Apical,4,Inferior,1,Non-diseased,Point Estimate,0.007895,0.087716,0.087716,,0.000000,,0.007895
MI_3,MI Severe (μ=3.0),86,Apical,4,Inferior,1,Non-diseased,MCMC,0.023569,,0.102284,1.271755,1.271755,1.000000,0.023569
MI_3,MI Severe (μ=3.0),86,Apical,4,Lateral,2,Non-diseased,Point Estimate,0.016713,0.128040,0.128040,,0.000000,,0.016713
MI_3,MI Severe (μ=3.0),86,Apical,4,Lateral,2,Non-diseased,MCMC,0.005950,,0.051999,0.678017,0.678017,1.000000,0.005950
MI_3,MI Severe (μ=3.0),86,Apical,4,Septal,3,Non-diseased,Point Estimate,0.001149,0.032108,0.032108,,0.000000,,0.001149
MI_3,MI Severe (μ=3.0),86,Apical,4,Septal,3,Non-diseased,MCMC,0.026376,,0.110189,1.123338,1.123338,1.000000,0.026376
MI_3,MI Severe (μ=3.0),86,Apical,4,Apical,4,Diseased,Point Estimate,0.001873,0.041489,0.041489,,0.000000,,0.001873
MI_3,MI Severe (μ=3.0),86,Apical,4,Apical,4,Diseased,MCMC,0.002829,,0.089686,1.393685,1.393685,1.000000,0.002829
MI_3,MI Severe (μ=3.0),87,Apical,4,Anterior,0,Non-diseased,Point Estimate,0.005709,0.075380,0.075380,,0.000000,,0.005709
MI_3,MI Severe (μ=3.0),87,Apical,4,Anterior,0,Non-diseased,MCMC,0.020476,,0.086779,0.708598,0.708598,1.000000,0.020476
MI_3,MI Severe (μ=3.0),87,Apical,4,Inferior,1,Non-diseased,Point Estimate,0.160050,0.400013,0.400013,,0.000000,,0.160050
MI_3,MI Severe (μ=3.0),87,Apical,4,Inferior,1,Non-diseased,MCMC,0.056336,,0.147841,1.258391,1.258391,1.000000,0.056336
MI_3,MI Severe (μ=3.0),87,Apical,4,Lateral,2,Non-diseased,Point Estimate,0.037596,0.193078,0.193078,,0.000000,,0.037596
MI_3,MI Severe (μ=3.0),87,Apical,4,Lateral,2,Non-diseased,MCMC,0.011109,,0.063375,0.606098,0.606098,1.000000,0.011109
MI_3,MI Severe (μ=3.0),87,Apical,4,Septal,3,Non-diseased,Point Estimate,0.000045,0.006399,0.006399,,0.000000,,0.000045
MI_3,MI Severe (μ=3.0),87,Apical,4,Septal,3,Non-diseased,MCMC,0.053852,,0.142107,1.183129,1.183129,1.000000,0.053852
MI_3,MI Severe (μ=3.0),87,Apical,4,Apical,4,Diseased,Point Estimate,0.035131,0.185916,0.185916,,0.000000,,0.035131
MI_3,MI Severe (μ=3.0),87,Apical,4,Apical,4,Diseased,MCMC,0.000748,,0.083322,1.435724,1.435724,1.000000,0.000748
MI_3,MI Severe (μ=3.0),88,Apical,4,Anterior,0,Non-diseased,Point Estimate,0.030432,0.174416,0.174416,,0.000000,,0.030432
MI_3,MI Severe (μ=3.0),88,Apical,4,Anterior,0,Non-diseased,MCMC,0.031357,,0.102855,0.756736,0.756736,1.000000,0.031357
MI_3,MI Severe (μ=3.0),88,Apical,4,Inferior,1,Non-diseased,Point Estimate,0.172991,0.415919,0.415919,,0.000000,,0.172991
MI_3,MI Severe (μ=3.0),88,Apical,4,Inferior,1,Non-diseased,MCMC,0.019831,,0.104139,1.336706,1.336706,1.000000,0.019831
MI_3,MI Severe (μ=3.0),88,Apical,4,Lateral,2,Non-diseased,Point Estimate,0.044713,0.210450,0.210450,,0.000000,,0.044713
MI_3,MI Severe (μ=3.0),88,Apical,4,Lateral,2,Non-diseased,MCMC,0.015661,,0.078182,0.792747,0.792747,1.000000,0.015661
MI_3,MI Severe (μ=3.0),88,Apical,4,Septal,3,Non-diseased,Point Estimate,0.009845,0.098314,0.098314,,0.000000,,0.009845
MI_3,MI Severe (μ=3.0),88,Apical,4,Septal,3,Non-diseased,MCMC,0.116546,,0.201883,1.184087,1.184087,1.000000,0.116546
MI_3,MI Severe (μ=3.0),88,Apical,4,Apical,4,Diseased,Point Estimate,0.000568,0.023819,0.023819,,0.000000,,0.000568
MI_3,MI Severe (μ=3.0),88,Apical,4,Apical,4,Diseased,MCMC,0.001259,,0.112858,1.712241,1.712241,1.000000,0.001259
MI_3,MI Severe (μ=3.0),89,Apical,4,Anterior,0,Non-diseased,Point Estimate,0.017830,0.132973,0.132973,,0.000000,,0.017830
MI_3,MI Severe (μ=3.0),89,Apical,4,Anterior,0,Non-diseased,MCMC,0.020364,,0.083595,0.730009,0.730009,1.000000,0.020364
MI_3,MI Severe (μ=3.0),89,Apical,4,Inferior,1,Non-diseased,Point Estimate,0.049351,0.221491,0.221491,,0.000000,,0.049351
MI_3,MI Severe (μ=3.0),89,Apical,4,Inferior,1,Non-diseased,MCMC,0.023078,,0.114101,1.372577,1.372577,1.000000,0.023078
MI_3,MI Severe (μ=3.0),89,Apical,4,Lateral,2,Non-diseased,Point Estimate,0.027014,0.163288,0.163288,,0.000000,,0.027014
MI_3,MI Severe (μ=3.0),89,Apical,4,Lateral,2,Non-diseased,MCMC,0.009590,,0.059169,0.615186,0.615186,1.000000,0.009590
MI_3,MI Severe (μ=3.0),89,Apical,4,Septal,3,Non-diseased,Point Estimate,0.003157,0.055355,0.055355,,0.000000,,0.003157
MI_3,MI Severe (μ=3.0),89,Apical,4,Septal,3,Non-diseased,MCMC,0.069034,,0.162614,1.234653,1.234653,1.000000,0.069034
MI_3,MI Severe (μ=3.0),89,Apical,4,Apical,4,Diseased,Point Estimate,0.000072,0.008451,0.008451,,0.000000,,0.000072
MI_3,MI Severe (μ=3.0),89,Apical,4,Apical,4,Diseased,MCMC,0.001894,,0.098526,1.780149,1.780149,1.000000,0.001894
MI_3,MI Severe (μ=3.0),90,Apical,4,Anterior,0,Non-diseased,Point Estimate,0.006902,0.082384,0.082384,,0.000000,,0.006902
MI_3,MI Severe (μ=3.0),90,Apical,4,Anterior,0,Non-diseased,MCMC,0.018043,,0.080278,0.761039,0.761039,1.000000,0.018043
MI_3,MI Severe (μ=3.0),90,Apical,4,Inferior,1,Non-diseased,Point Estimate,0.024414,0.154797,0.154797,,0.000000,,0.024414
MI_3,MI Severe (μ=3.0),90,Apical,4,Inferior,1,Non-diseased,MCMC,0.017621,,0.101673,1.304503,1.304503,1.000000,0.017621
MI_3,MI Severe (μ=3.0),90,Apical,4,Lateral,2,Non-diseased,Point Estimate,0.027666,0.165186,0.165186,,0.000000,,0.027666
MI_3,MI Severe (μ=3.0),90,Apical,4,Lateral,2,Non-diseased,MCMC,0.005459,,0.048887,0.578501,0.578501,1.000000,0.005459
MI_3,MI Severe (μ=3.0),90,Apical,4,Septal,3,Non-diseased,Point Estimate,0.000114,0.009855,0.009855,,0.000000,,0.000114
MI_3,MI Severe (μ=3.0),90,Apical,4,Septal,3,Non-diseased,MCMC,0.044400,,0.130971,1.122113,1.122113,1.000000,0.044400
MI_3,MI Severe (μ=3.0),90,Apical,4,Apical,4,Diseased,Point Estimate,0.022145,0.147188,0.147188,,0.000000,,0.022145
MI_3,MI Severe (μ=3.0),90,Apical,4,Apical,4,Diseased,MCMC,0.000118,,0.085191,1.388016,1.388016,1.000000,0.000118
MI_3,MI Severe (μ=3.0),91,Apical,4,Anterior,0,Non-diseased,Point Estimate,0.002125,0.046039,0.046039,,0.000000,,0.002125
MI_3,MI Severe (μ=3.0),91,Apical,4,Anterior,0,Non-diseased,MCMC,0.008915,,0.066781,0.765887,0.765887,1.000000,0.008915
MI_3,MI Severe (μ=3.0),91,Apical,4,Inferior,1,Non-diseased,Point Estimate,0.001379,0.034907,0.034907,,0.000000,,0.001379
MI_3,MI Severe (μ=3.0),91,Apical,4,Inferior,1,Non-diseased,MCMC,0.026973,,0.118213,1.295158,1.295158,1.000000,0.026973
MI_3,MI Severe (μ=3.0),91,Apical,4,Lateral,2,Non-diseased,Point Estimate,0.005003,0.068903,0.068903,,0.000000,,0.005003
MI_3,MI Severe (μ=3.0),91,Apical,4,Lateral,2,Non-diseased,MCMC,0.003717,,0.047105,0.669804,0.669804,1.000000,0.003717
MI_3,MI Severe (μ=3.0),91,Apical,4,Septal,3,Non-diseased,Point Estimate,0.005734,0.075590,0.075590,,0.000000,,0.005734
MI_3,MI Severe (μ=3.0),91,Apical,4,Septal,3,Non-diseased,MCMC,0.025179,,0.101123,1.051239,1.051239,1.000000,0.025179
MI_3,MI Severe (μ=3.0),91,Apical,4,Apical,4,Diseased,Point Estimate,0.000067,0.008144,0.008144,,0.000000,,0.000067
MI_3,MI Severe (μ=3.0),91,Apical,4,Apical,4,Diseased,MCMC,0.011933,,0.083557,1.149403,1.149403,1.000000,0.011933
MI_3,MI Severe (μ=3.0),92,Apical,4,Anterior,0,Non-diseased,Point Estimate,0.003655,0.060338,0.060338,,0.000000,,0.003655
MI_3,MI Severe (μ=3.0),92,Apical,4,Anterior,0,Non-diseased,MCMC,0.010815,,0.066877,0.723983,0.723983,1.000000,0.010815
MI_3,MI Severe (μ=3.0),92,Apical,4,Inferior,1,Non-diseased,Point Estimate,0.089905,0.299444,0.299444,,0.000000,,0.089905
MI_3,MI Severe (μ=3.0),92,Apical,4,Inferior,1,Non-diseased,MCMC,0.005059,,0.102130,1.419476,1.419476,1.000000,0.005059
MI_3,MI Severe (μ=3.0),92,Apical,4,Lateral,2,Non-diseased,Point Estimate,0.032410,0.178826,0.178826,,0.000000,,0.032410
MI_3,MI Severe (μ=3.0),92,Apical,4,Lateral,2,Non-diseased,MCMC,0.005806,,0.050378,0.585803,0.585803,1.000000,0.005806
MI_3,MI Severe (μ=3.0),92,Apical,4,Septal,3,Non-diseased,Point Estimate,0.000272,0.016132,0.016132,,0.000000,,0.000272
MI_3,MI Severe (μ=3.0),92,Apical,4,Septal,3,Non-diseased,MCMC,0.013102,,0.084635,1.041462,1.041462,1.000000,0.013102
MI_3,MI Severe (μ=3.0),92,Apical,4,Apical,4,Diseased,Point Estimate,0.009498,0.097433,0.097433,,0.000000,,0.009498
MI_3,MI Severe (μ=3.0),92,Apical,4,Apical,4,Diseased,MCMC,0.000042,,0.083805,1.413327,1.413327,1.000000,0.000042
MI_3,MI Severe (μ=3.0),93,Apical,4,Anterior,0,Non-diseased,Point Estimate,0.006088,0.077737,0.077737,,0.000000,,0.006088
MI_3,MI Severe (μ=3.0),93,Apical,4,Anterior,0,Non-diseased,MCMC,0.017376,,0.079823,0.766158,0.766158,1.000000,0.017376
MI_3,MI Severe (μ=3.0),93,Apical,4,Inferior,1,Non-diseased,Point Estimate,0.090630,0.300667,0.300667,,0.000000,,0.090630
MI_3,MI Severe (μ=3.0),93,Apical,4,Inferior,1,Non-diseased,MCMC,0.008962,,0.096342,1.380019,1.380019,1.000000,0.008962
MI_3,MI Severe (μ=3.0),93,Apical,4,Lateral,2,Non-diseased,Point Estimate,0.024436,0.155461,0.155461,,0.000000,,0.024436
MI_3,MI Severe (μ=3.0),93,Apical,4,Lateral,2,Non-diseased,MCMC,0.004463,,0.047101,0.619075,0.619075,1.000000,0.004463
MI_3,MI Severe (μ=3.0),93,Apical,4,Septal,3,Non-diseased,Point Estimate,0.000808,0.028194,0.028194,,0.000000,,0.000808
MI_3,MI Severe (μ=3.0),93,Apical,4,Septal,3,Non-diseased,MCMC,0.034484,,0.117833,1.046856,1.046856,1.000000,0.034484
MI_3,MI Severe (μ=3.0),93,Apical,4,Apical,4,Diseased,Point Estimate,0.004393,0.064805,0.064805,,0.000000,,0.004393
MI_3,MI Severe (μ=3.0),93,Apical,4,Apical,4,Diseased,MCMC,0.000602,,0.090074,1.560410,1.560410,1.000000,0.000602
MI_3,MI Severe (μ=3.0),94,Apical,4,Anterior,0,Non-diseased,Point Estimate,0.004062,0.063703,0.063703,,0.000000,,0.004062
MI_3,MI Severe (μ=3.0),94,Apical,4,Anterior,0,Non-diseased,MCMC,0.008052,,0.062370,0.821826,0.821826,1.000000,0.008052
MI_3,MI Severe (μ=3.0),94,Apical,4,Inferior,1,Non-diseased,Point Estimate,0.000808,0.022023,0.022023,,0.000000,,0.000808
MI_3,MI Severe (μ=3.0),94,Apical,4,Inferior,1,Non-diseased,MCMC,0.028516,,0.113944,1.400274,1.400274,1.000000,0.028516
MI_3,MI Severe (μ=3.0),94,Apical,4,Lateral,2,Non-diseased,Point Estimate,0.013921,0.117253,0.117253,,0.000000,,0.013921
MI_3,MI Severe (μ=3.0),94,Apical,4,Lateral,2,Non-diseased,MCMC,0.004130,,0.045526,0.595054,0.595054,1.000000,0.004130
MI_3,MI Severe (μ=3.0),94,Apical,4,Septal,3,Non-diseased,Point Estimate,0.001313,0.036182,0.036182,,0.000000,,0.001313
MI_3,MI Severe (μ=3.0),94,Apical,4,Septal,3,Non-diseased,MCMC,0.016811,,0.088286,0.994018,0.994018,1.000000,0.016811
MI_3,MI Severe (μ=3.0),94,Apical,4,Apical,4,Diseased,Point Estimate,0.003148,0.055306,0.055306,,0.000000,,0.003148
MI_3,MI Severe (μ=3.0),94,Apical,4,Apical,4,Diseased,MCMC,0.003255,,0.078150,1.322785,1.322785,1.000000,0.003255
MI_3,MI Severe (μ=3.0),95,Apical,4,Anterior,0,Non-diseased,Point Estimate,0.003599,0.058978,0.058978,,0.000000,,0.003599
MI_3,MI Severe (μ=3.0),95,Apical,4,Anterior,0,Non-diseased,MCMC,0.012298,,0.070441,0.806582,0.806582,1.000000,0.012298
MI_3,MI Severe (μ=3.0),95,Apical,4,Inferior,1,Non-diseased,Point Estimate,0.136670,0.369321,0.369321,,0.000000,,0.136670
MI_3,MI Severe (μ=3.0),95,Apical,4,Inferior,1,Non-diseased,MCMC,0.012355,,0.109037,1.433312,1.433312,1.000000,0.012355
MI_3,MI Severe (μ=3.0),95,Apical,4,Lateral,2,Non-diseased,Point Estimate,0.030600,0.174390,0.174390,,0.000000,,0.030600
MI_3,MI Severe (μ=3.0),95,Apical,4,Lateral,2,Non-diseased,MCMC,0.003408,,0.044537,0.634374,0.634374,1.000000,0.003408
MI_3,MI Severe (μ=3.0),95,Apical,4,Septal,3,Non-diseased,Point Estimate,0.001334,0.035246,0.035246,,0.000000,,0.001334
MI_3,MI Severe (μ=3.0),95,Apical,4,Septal,3,Non-diseased,MCMC,0.020303,,0.100744,1.157718,1.157718,1.000000,0.020303
MI_3,MI Severe (μ=3.0),95,Apical,4,Apical,4,Diseased,Point Estimate,0.044933,0.209815,0.209815,,0.000000,,0.044933
MI_3,MI Severe (μ=3.0),95,Apical,4,Apical,4,Diseased,MCMC,0.000496,,0.079046,1.354586,1.354586,1.000000,0.000496
MI_3,MI Severe (μ=3.0),96,Apical,4,Anterior,0,Non-diseased,Point Estimate,0.020763,0.143981,0.143981,,0.000000,,0.020763
MI_3,MI Severe (μ=3.0),96,Apical,4,Anterior,0,Non-diseased,MCMC,0.031247,,0.102483,0.828129,0.828129,1.000000,0.031247
MI_3,MI Severe (μ=3.0),96,Apical,4,Inferior,1,Non-diseased,Point Estimate,0.195217,0.441781,0.441781,,0.000000,,0.195217
MI_3,MI Severe (μ=3.0),96,Apical,4,Inferior,1,Non-diseased,MCMC,0.005014,,0.096602,1.547361,1.547361,1.000000,0.005014
MI_3,MI Severe (μ=3.0),96,Apical,4,Lateral,2,Non-diseased,Point Estimate,0.052035,0.226665,0.226665,,0.000000,,0.052035
MI_3,MI Severe (μ=3.0),96,Apical,4,Lateral,2,Non-diseased,MCMC,0.011672,,0.066766,0.674895,0.674895,1.000000,0.011672
MI_3,MI Severe (μ=3.0),96,Apical,4,Septal,3,Non-diseased,Point Estimate,0.012499,0.109658,0.109658,,0.000000,,0.012499
MI_3,MI Severe (μ=3.0),96,Apical,4,Septal,3,Non-diseased,MCMC,0.063666,,0.159235,1.044437,1.044437,1.000000,0.063666
MI_3,MI Severe (μ=3.0),96,Apical,4,Apical,4,Diseased,Point Estimate,0.016279,0.112100,0.112100,,0.000000,,0.016279
MI_3,MI Severe (μ=3.0),96,Apical,4,Apical,4,Diseased,MCMC,0.000559,,0.114786,1.707263,1.707263,1.000000,0.000559
MI_3,MI Severe (μ=3.0),97,Apical,4,Anterior,0,Non-diseased,Point Estimate,0.000402,0.018578,0.018578,,0.000000,,0.000402
MI_3,MI Severe (μ=3.0),97,Apical,4,Anterior,0,Non-diseased,MCMC,0.011415,,0.068875,0.765717,0.765717,1.000000,0.011415
MI_3,MI Severe (μ=3.0),97,Apical,4,Inferior,1,Non-diseased,Point Estimate,0.000607,0.023745,0.023745,,0.000000,,0.000607
MI_3,MI Severe (μ=3.0),97,Apical,4,Inferior,1,Non-diseased,MCMC,0.008425,,0.102219,1.410903,1.410903,1.000000,0.008425
MI_3,MI Severe (μ=3.0),97,Apical,4,Lateral,2,Non-diseased,Point Estimate,0.013039,0.112893,0.112893,,0.000000,,0.013039
MI_3,MI Severe (μ=3.0),97,Apical,4,Lateral,2,Non-diseased,MCMC,0.004600,,0.053437,0.763637,0.763637,1.000000,0.004600
MI_3,MI Severe (μ=3.0),97,Apical,4,Septal,3,Non-diseased,Point Estimate,0.000553,0.019175,0.019175,,0.000000,,0.000553
MI_3,MI Severe (μ=3.0),97,Apical,4,Septal,3,Non-diseased,MCMC,0.022097,,0.096621,1.059715,1.059715,1.000000,0.022097
MI_3,MI Severe (μ=3.0),97,Apical,4,Apical,4,Diseased,Point Estimate,0.000506,0.022478,0.022478,,0.000000,,0.000506
MI_3,MI Severe (μ=3.0),97,Apical,4,Apical,4,Diseased,MCMC,0.000705,,0.080305,1.312262,1.312262,1.000000,0.000705
MI_3,MI Severe (μ=3.0),98,Apical,4,Anterior,0,Non-diseased,Point Estimate,0.011937,0.109133,0.109133,,0.000000,,0.011937
MI_3,MI Severe (μ=3.0),98,Apical,4,Anterior,0,Non-diseased,MCMC,0.019039,,0.080742,0.728081,0.728081,1.000000,0.019039
MI_3,MI Severe (μ=3.0),98,Apical,4,Inferior,1,Non-diseased,Point Estimate,0.125058,0.353626,0.353626,,0.000000,,0.125058
MI_3,MI Severe (μ=3.0),98,Apical,4,Inferior,1,Non-diseased,MCMC,0.013367,,0.104703,1.352208,1.352208,1.000000,0.013367
MI_3,MI Severe (μ=3.0),98,Apical,4,Lateral,2,Non-diseased,Point Estimate,0.034326,0.184012,0.184012,,0.000000,,0.034326
MI_3,MI Severe (μ=3.0),98,Apical,4,Lateral,2,Non-diseased,MCMC,0.011944,,0.068137,0.672110,0.672110,1.000000,0.011944
MI_3,MI Severe (μ=3.0),98,Apical,4,Septal,3,Non-diseased,Point Estimate,0.001635,0.039537,0.039537,,0.000000,,0.001635
MI_3,MI Severe (μ=3.0),98,Apical,4,Septal,3,Non-diseased,MCMC,0.041455,,0.122984,1.144808,1.144808,1.000000,0.041455
MI_3,MI Severe (μ=3.0),98,Apical,4,Apical,4,Diseased,Point Estimate,0.005686,0.072793,0.072793,,0.000000,,0.005686
MI_3,MI Severe (μ=3.0),98,Apical,4,Apical,4,Diseased,MCMC,0.000395,,0.099020,1.682468,1.682468,1.000000,0.000395
MI_3,MI Severe (μ=3.0),99,Apical,4,Anterior,0,Non-diseased,Point Estimate,0.006885,0.082949,0.082949,,0.000000,,0.006885
MI_3,MI Severe (μ=3.0),99,Apical,4,Anterior,0,Non-diseased,MCMC,0.013254,,0.072959,0.733404,0.733404,1.000000,0.013254
MI_3,MI Severe (μ=3.0),99,Apical,4,Inferior,1,Non-diseased,Point Estimate,0.206463,0.454348,0.454348,,0.000000,,0.206463
MI_3,MI Severe (μ=3.0),99,Apical,4,Inferior,1,Non-diseased,MCMC,0.016125,,0.111739,1.392244,1.392244,1.000000,0.016125
MI_3,MI Severe (μ=3.0),99,Apical,4,Lateral,2,Non-diseased,Point Estimate,0.057645,0.239200,0.239200,,0.000000,,0.057645
MI_3,MI Severe (μ=3.0),99,Apical,4,Lateral,2,Non-diseased,MCMC,0.011736,,0.066439,0.705991,0.705991,1.000000,0.011736
MI_3,MI Severe (μ=3.0),99,Apical,4,Septal,3,Non-diseased,Point Estimate,0.002860,0.052907,0.052907,,0.000000,,0.002860
MI_3,MI Severe (μ=3.0),99,Apical,4,Septal,3,Non-diseased,MCMC,0.036456,,0.115136,1.056407,1.056407,1.000000,0.036456
MI_3,MI Severe (μ=3.0),99,Apical,4,Apical,4,Diseased,Point Estimate,0.036866,0.188096,0.188096,,0.000000,,0.036866
MI_3,MI Severe (μ=3.0),99,Apical,4,Apical,4,Diseased,MCMC,0.003932,,0.100103,1.634757,1.634757,1.000000,0.003932
